id,shipment_id,type,occurred_at,source,event_id,recorded_at
1,1,BOOKED,2025-12-19 07:35:00+00,CARRIER_EDI,c681075a-d872-4722-ba78-fc3c5e901c04,2026-09-10 09:23:18.966662+00
2,1,DEPARTED_ORIGIN,2025-12-22 15:32:00+00,CARRIER_EDI,132f291d-cd09-4d75-8680-03492352a2ca,2026-09-10 09:23:18.966662+00
3,1,ARRIVED_DEST_PORT,2026-01-19 16:08:00+00,CARRIER_EDI,7de128bd-6659-43cb-b362-b7910e3bc718,2026-09-10 09:23:18.966662+00
4,1,CUSTOMS_CLEARED,2026-01-22 11:55:00+00,CARRIER_EDI,e9a5e14b-6813-44e0-a529-53cd098263a7,2026-09-10 09:23:18.966662+00
5,1,RECEIVED_FC,2026-01-24 14:57:00+00,WMS,40988520-4362-48ce-8e76-7e03bceaa729,2026-09-10 09:23:18.966662+00
6,2,BOOKED,2026-08-06 08:49:00+00,CARRIER_EDI,6bf75f7b-7894-4a49-84db-f1cdaabaf1e9,2026-09-10 09:23:18.966662+00
7,2,DEPARTED_ORIGIN,2026-08-09 06:53:00+00,CARRIER_EDI,c0d78464-1d79-4b69-8058-c7e37a37842e,2026-09-10 09:23:18.966662+00
8,2,ARRIVED_DEST_PORT,2026-09-22 09:14:00+00,CARRIER_EDI,f41b3163-321b-48f0-9019-848255fd1d15,2026-09-10 09:23:18.966662+00
9,2,CUSTOMS_CLEARED,2026-09-23 13:47:00+00,CARRIER_EDI,7b177b68-7b6d-43ac-b563-70c7d2e9d7c1,2026-09-10 09:23:18.966662+00
10,2,RECEIVED_FC,2026-09-27 06:54:00+00,WMS,573f8b39-30da-4b17-ad7c-bdfbcce2d95f,2026-09-10 09:23:18.966662+00
11,3,BOOKED,2025-12-03 11:07:00+00,CARRIER_EDI,c051ad56-c0a6-48ce-9d7d-d9633edb395d,2026-09-10 09:23:18.966662+00
12,3,DEPARTED_ORIGIN,2025-12-10 10:01:00+00,CARRIER_EDI,8c94bce4-1223-4522-83f2-29782c0ccc76,2026-09-10 09:23:18.966662+00
13,3,ARRIVED_DEST_PORT,2025-12-30 16:25:00+00,CARRIER_EDI,2cb86c01-c4de-49eb-adaa-9996b1eed749,2026-09-10 09:23:18.966662+00
14,3,CUSTOMS_CLEARED,2026-01-01 15:27:00+00,CARRIER_EDI,9f0d2b61-d4d4-41c4-83c3-1963a2939c3b,2026-09-10 09:23:18.966662+00
15,3,RECEIVED_FC,2026-01-07 09:39:00+00,WMS,0b5706f0-597f-4b73-a53a-b51254c2dcfb,2026-09-10 09:23:18.966662+00
16,4,BOOKED,2026-05-05 12:36:00+00,CARRIER_EDI,8e0c5fae-c5aa-415e-b587-2370beb47f69,2026-09-10 09:23:18.966662+00
17,4,DEPARTED_ORIGIN,2026-05-11 07:30:00+00,CARRIER_EDI,2fe2c713-e548-4c8c-902b-ed1a74548f6e,2026-09-10 09:23:18.966662+00
18,4,ARRIVED_DEST_PORT,2026-05-29 17:34:00+00,CARRIER_EDI,7ad997df-69b1-4016-9a83-ac4894598596,2026-09-10 09:23:18.966662+00
19,4,CUSTOMS_CLEARED,2026-05-30 10:13:00+00,CARRIER_EDI,abcaa9ce-8ea3-43fb-a3bb-4045f6583d12,2026-09-10 09:23:18.966662+00
20,4,RECEIVED_FC,2026-06-02 07:34:00+00,WMS,21bd05ba-7294-4e12-b130-4ee995130d28,2026-09-10 09:23:18.966662+00
21,5,BOOKED,2026-03-20 12:42:00+00,CARRIER_EDI,9c78ee25-8dc6-4ed4-a43b-0abd20c7cdb1,2026-09-10 09:23:18.966662+00
22,5,DEPARTED_ORIGIN,2026-03-23 06:54:00+00,CARRIER_EDI,38e6970a-0efb-44fe-935d-a3cf17f88985,2026-09-10 09:23:18.966662+00
23,5,ARRIVED_DEST_PORT,2026-04-15 16:10:00+00,CARRIER_EDI,4b6add91-f112-4198-aa7a-bcf44f417403,2026-09-10 09:23:18.966662+00
24,5,CUSTOMS_CLEARED,2026-04-16 16:05:00+00,CARRIER_EDI,f3c25707-a61f-4208-9e1b-96bfafcdc6ac,2026-09-10 09:23:18.966662+00
25,5,RECEIVED_FC,2026-04-22 12:15:00+00,WMS,85025d4c-01f1-42b7-a279-d038bf7f03e6,2026-09-10 09:23:18.966662+00
26,6,BOOKED,2026-04-14 15:31:00+00,CARRIER_EDI,c32074fa-88c9-43d3-9e4b-5143b2897502,2026-09-10 09:23:18.966662+00
27,6,DEPARTED_ORIGIN,2026-04-17 10:37:00+00,CARRIER_EDI,c8b4621d-792f-4bed-9e95-f1b8ff4e521e,2026-09-10 09:23:18.966662+00
28,6,ARRIVED_DEST_PORT,2026-05-11 11:48:00+00,CARRIER_EDI,7e7350f9-17f3-4b2c-a0d3-111fc7bb651b,2026-09-10 09:23:18.966662+00
29,6,CUSTOMS_CLEARED,2026-05-15 15:57:00+00,CARRIER_EDI,19c364e7-556d-4713-a609-ae2e4446b7eb,2026-09-10 09:23:18.966662+00
30,6,RECEIVED_FC,2026-05-21 14:24:00+00,WMS,3e8259ed-5ad5-4640-9105-c5bb85eca924,2026-09-10 09:23:18.966662+00
31,7,BOOKED,2025-12-16 13:03:00+00,CARRIER_EDI,efbc5534-b582-407b-b0e5-7de7fd0b8308,2026-09-10 09:23:18.966662+00
32,7,DEPARTED_ORIGIN,2025-12-19 11:25:00+00,CARRIER_EDI,0a0e5228-249c-4840-91a6-121350b446fd,2026-09-10 09:23:18.966662+00
33,7,ARRIVED_DEST_PORT,2026-01-29 17:15:00+00,CARRIER_EDI,bf97808b-b613-4ec7-97f0-fe870d403134,2026-09-10 09:23:18.966662+00
34,7,CUSTOMS_CLEARED,2026-02-02 12:38:00+00,CARRIER_EDI,310ee67e-b0e3-4670-9bb6-3f40a959f163,2026-09-10 09:23:18.966662+00
35,7,RECEIVED_FC,2026-02-08 12:26:00+00,WMS,35bf11d2-f96d-47e2-8c61-fdbf6b2d65ac,2026-09-10 09:23:18.966662+00
36,8,BOOKED,2026-07-22 12:23:00+00,CARRIER_EDI,c6f29dbf-3083-4984-9c5d-736f87517f2b,2026-09-10 09:23:18.966662+00
37,8,DEPARTED_ORIGIN,2026-07-29 16:31:00+00,CARRIER_EDI,9cbb5f9c-bb5e-447f-80d5-ae118120733e,2026-09-10 09:23:18.966662+00
38,8,ARRIVED_DEST_PORT,2026-08-20 17:48:00+00,CARRIER_EDI,2ce88102-e344-472e-a929-3d80eadcaa79,2026-09-10 09:23:18.966662+00
39,8,CUSTOMS_CLEARED,2026-08-21 08:59:00+00,CARRIER_EDI,14235bc7-4bf0-4eeb-97da-f12beac89656,2026-09-10 09:23:18.966662+00
40,8,RECEIVED_FC,2026-08-26 08:28:00+00,WMS,b6b241c4-b8c9-44d9-9b98-5d91d20bb3d0,2026-09-10 09:23:18.966662+00
41,9,BOOKED,2026-05-25 13:52:00+00,CARRIER_EDI,57a6366a-59d7-4988-9dd9-3b3b417eadb8,2026-09-10 09:23:18.966662+00
42,9,DEPARTED_ORIGIN,2026-05-31 10:08:00+00,CARRIER_EDI,0ad7c3e6-cad8-4345-b159-20ce1db22a58,2026-09-10 09:23:18.966662+00
43,9,ARRIVED_DEST_PORT,2026-06-21 09:31:00+00,CARRIER_EDI,97b73932-0352-45af-bd82-71da49075234,2026-09-10 09:23:18.966662+00
44,9,CUSTOMS_CLEARED,2026-06-24 10:01:00+00,CARRIER_EDI,c9a45f86-77c7-4f29-9275-c1f321c47e70,2026-09-10 09:23:18.966662+00
45,9,RECEIVED_FC,2026-06-30 15:19:00+00,WMS,989014ae-06f3-4be0-a402-0236f7bfa04b,2026-09-10 09:23:18.966662+00
46,10,BOOKED,2026-04-02 06:36:00+00,CARRIER_EDI,12c90006-9155-416a-8289-8757b82e84bf,2026-09-10 09:23:18.966662+00
47,10,DEPARTED_ORIGIN,2026-04-07 10:39:00+00,CARRIER_EDI,bed598a2-9fbf-47ee-8d1b-c1564f177b81,2026-09-10 09:23:18.966662+00
48,10,ARRIVED_DEST_PORT,2026-05-08 08:29:00+00,CARRIER_EDI,df55d199-6ffc-49a3-9296-6e469a1f6cbe,2026-09-10 09:23:18.966662+00
49,10,CUSTOMS_CLEARED,2026-05-09 15:27:00+00,CARRIER_EDI,4186cb22-14f3-42b1-afe9-727733e6e0f7,2026-09-10 09:23:18.966662+00
50,10,RECEIVED_FC,2026-05-14 06:51:00+00,WMS,76ee1203-b13c-4a5f-9d19-30d942f0f9bb,2026-09-10 09:23:18.966662+00
51,11,BOOKED,2026-06-04 13:02:00+00,CARRIER_EDI,2dc46e07-1a59-48a9-9327-7bcb1c63048e,2026-09-10 09:23:18.966662+00
52,11,DEPARTED_ORIGIN,2026-06-11 10:49:00+00,CARRIER_EDI,044137f3-3a28-4424-b09e-06f918949d0e,2026-09-10 09:23:18.966662+00
53,11,ARRIVED_DEST_PORT,2026-07-11 16:09:00+00,CARRIER_EDI,38b284ad-694f-40b3-8f97-87beeb896894,2026-09-10 09:23:18.966662+00
54,11,CUSTOMS_CLEARED,2026-07-12 14:14:00+00,CARRIER_EDI,7d571c6f-4225-444f-8dea-68c68dc1aba7,2026-09-10 09:23:18.966662+00
55,11,RECEIVED_FC,2026-07-17 10:16:00+00,WMS,322e8a26-9c99-403b-9111-eb16a4816a50,2026-09-10 09:23:18.966662+00
56,12,BOOKED,2025-10-22 15:00:00+00,CARRIER_EDI,2a6bb840-d259-4f2d-8fbd-eb3ae59d6454,2026-09-10 09:23:18.966662+00
57,12,DEPARTED_ORIGIN,2025-10-29 13:09:00+00,CARRIER_EDI,89135bd2-7c0c-49b3-83fe-6918484aeb3d,2026-09-10 09:23:18.966662+00
58,12,ARRIVED_DEST_PORT,2025-11-15 15:16:00+00,CARRIER_EDI,8c794549-6886-4f8c-ad66-ba45d46ce049,2026-09-10 09:23:18.966662+00
59,12,CUSTOMS_CLEARED,2025-11-17 15:26:00+00,CARRIER_EDI,5cd5b83d-6bf2-4ef1-b578-1684e625b5d6,2026-09-10 09:23:18.966662+00
60,12,RECEIVED_FC,2025-11-21 12:11:00+00,WMS,c2ab4ab2-58dc-4934-9188-bffee7699c5b,2026-09-10 09:23:18.966662+00
61,13,BOOKED,2026-06-23 08:06:00+00,CARRIER_EDI,734684df-aec6-4864-a421-c862cc08ff9c,2026-09-10 09:23:18.966662+00
62,13,DEPARTED_ORIGIN,2026-06-28 09:22:00+00,CARRIER_EDI,707a77a1-efbe-484d-ae34-37b2e2555fb6,2026-09-10 09:23:18.966662+00
63,13,ARRIVED_DEST_PORT,2026-07-21 09:46:00+00,CARRIER_EDI,41429785-3631-4ea5-90f8-f7194b2e61ab,2026-09-10 09:23:18.966662+00
64,13,CUSTOMS_CLEARED,2026-07-22 14:17:00+00,CARRIER_EDI,e6d8176f-f0d9-497e-ae28-e05400f5a79f,2026-09-10 09:23:18.966662+00
65,13,RECEIVED_FC,2026-07-28 11:41:00+00,WMS,3ef2098d-4bad-4be1-8d29-296d45b2ab18,2026-09-10 09:23:18.966662+00
66,14,BOOKED,2026-03-15 15:28:00+00,CARRIER_EDI,2f25a820-6785-4b19-b083-45ce7a64e789,2026-09-10 09:23:18.966662+00
67,14,DEPARTED_ORIGIN,2026-03-19 14:59:00+00,CARRIER_EDI,6654d14d-e762-4fe2-9c9e-898dcb3bd9f8,2026-09-10 09:23:18.966662+00
68,14,ARRIVED_DEST_PORT,2026-04-08 10:02:00+00,CARRIER_EDI,206f6118-9ccd-42ed-ad27-4da301277dc5,2026-09-10 09:23:18.966662+00
69,14,CUSTOMS_CLEARED,2026-04-09 14:20:00+00,CARRIER_EDI,a43eb3d1-4eb9-4938-9bf0-a734b7f28429,2026-09-10 09:23:18.966662+00
70,14,RECEIVED_FC,2026-04-14 10:38:00+00,WMS,122236d6-e178-47f8-b880-e0aae2ede970,2026-09-10 09:23:18.966662+00
71,15,BOOKED,2025-12-25 08:43:00+00,CARRIER_EDI,75f5c470-5a2c-4ab1-b17c-525819b74032,2026-09-10 09:23:18.966662+00
72,15,DEPARTED_ORIGIN,2025-12-29 10:25:00+00,CARRIER_EDI,bf031fe3-dd30-48e8-8e53-e6cb1a63695b,2026-09-10 09:23:18.966662+00
73,15,ARRIVED_DEST_PORT,2026-01-26 08:44:00+00,CARRIER_EDI,7a1ec54a-dbc1-455f-9a79-abc8f4aa3aa6,2026-09-10 09:23:18.966662+00
74,15,CUSTOMS_CLEARED,2026-01-27 12:52:00+00,CARRIER_EDI,5cdd7da2-c0ad-4dd4-88a0-f0b661075854,2026-09-10 09:23:18.966662+00
75,15,RECEIVED_FC,2026-01-31 11:43:00+00,WMS,fab81049-440d-40ad-8c2c-989464016f68,2026-09-10 09:23:18.966662+00
76,16,BOOKED,2026-04-09 12:29:00+00,CARRIER_EDI,95bd5a0f-25f0-478b-8b79-f7c7a7522692,2026-09-10 09:23:18.966662+00
77,16,DEPARTED_ORIGIN,2026-04-16 09:23:00+00,CARRIER_EDI,daa2a050-1f1d-4b4f-a9f2-aeb4f30ccb1c,2026-09-10 09:23:18.966662+00
78,16,ARRIVED_DEST_PORT,2026-05-02 13:41:00+00,CARRIER_EDI,10191c5f-199a-44cb-9551-f4c3438bc235,2026-09-10 09:23:18.966662+00
79,16,CUSTOMS_CLEARED,2026-05-05 11:40:00+00,CARRIER_EDI,591f17d2-c705-4181-a7ff-4e8ed1aff2f2,2026-09-10 09:23:18.966662+00
80,16,RECEIVED_FC,2026-05-08 12:25:00+00,WMS,a709a6fd-be7f-44af-9bef-9ffca823dcd3,2026-09-10 09:23:18.966662+00
81,17,BOOKED,2025-11-15 13:33:00+00,CARRIER_EDI,8d5f3d51-1ef1-4001-9ec7-133d53087db5,2026-09-10 09:23:18.966662+00
82,17,DEPARTED_ORIGIN,2025-11-21 11:42:00+00,CARRIER_EDI,add30ac8-2fe4-4b66-b5b6-db186f3b5e56,2026-09-10 09:23:18.966662+00
83,17,ARRIVED_DEST_PORT,2025-12-22 12:58:00+00,CARRIER_EDI,3f2a8966-e345-481c-b40f-897c7165eaed,2026-09-10 09:23:18.966662+00
84,17,CUSTOMS_CLEARED,2025-12-24 08:35:00+00,CARRIER_EDI,0cefaebd-3c12-45ab-9029-568e65f09224,2026-09-10 09:23:18.966662+00
85,17,RECEIVED_FC,2025-12-27 17:04:00+00,WMS,a72053be-826c-49ab-b9b1-c199960da960,2026-09-10 09:23:18.966662+00
86,18,BOOKED,2026-01-23 06:46:00+00,CARRIER_EDI,5cb03624-cd0e-4c3c-9703-c06d691b9f2c,2026-09-10 09:23:18.966662+00
87,18,DEPARTED_ORIGIN,2026-01-30 12:56:00+00,CARRIER_EDI,5b1ed2a3-c4bf-401a-aab7-6975199370f1,2026-09-10 09:23:18.966662+00
88,18,ARRIVED_DEST_PORT,2026-03-05 07:08:00+00,CARRIER_EDI,5d12d2d9-1eeb-4ae8-bdc3-69ae12f279ad,2026-09-10 09:23:18.966662+00
89,18,CUSTOMS_CLEARED,2026-03-09 10:20:00+00,CARRIER_EDI,0dab72f6-7a4c-43c1-b50b-cbcc68385d03,2026-09-10 09:23:18.966662+00
90,18,RECEIVED_FC,2026-03-11 09:44:00+00,WMS,90472ff8-2300-48d6-ab15-d85e07cf3e59,2026-09-10 09:23:18.966662+00
91,19,BOOKED,2026-07-26 14:24:00+00,CARRIER_EDI,6e7ca0fe-c1f7-4a8b-9eba-0d35512fcbd7,2026-09-10 09:23:18.966662+00
92,19,DEPARTED_ORIGIN,2026-08-01 14:15:00+00,CARRIER_EDI,6c2cc6e5-6b4c-4616-988b-86b12956cf86,2026-09-10 09:23:18.966662+00
93,19,ARRIVED_DEST_PORT,2026-08-25 12:36:00+00,CARRIER_EDI,0ccde85c-cc15-41fa-a61f-869539caffef,2026-09-10 09:23:18.966662+00
94,19,CUSTOMS_CLEARED,2026-08-28 16:01:00+00,CARRIER_EDI,1fda4cdc-a299-4fcb-a21b-09c6b6f993aa,2026-09-10 09:23:18.966662+00
95,19,RECEIVED_FC,2026-09-01 15:59:00+00,WMS,5a74391c-88aa-4c38-87ce-f3d9fef5ad8c,2026-09-10 09:23:18.966662+00
96,20,BOOKED,2026-02-13 12:32:00+00,CARRIER_EDI,76055813-a4c3-4ac8-b049-a1fe7e88a16b,2026-09-10 09:23:18.966662+00
97,20,DEPARTED_ORIGIN,2026-02-20 09:37:00+00,CARRIER_EDI,0a0531dd-7477-46a8-ae5a-de688fa22e41,2026-09-10 09:23:18.966662+00
98,20,ARRIVED_DEST_PORT,2026-03-19 14:05:00+00,CARRIER_EDI,18ec968d-d8e3-4633-8090-00297959cf74,2026-09-10 09:23:18.966662+00
99,20,CUSTOMS_CLEARED,2026-03-22 06:02:00+00,CARRIER_EDI,f56a0f94-ecc3-4884-84a4-54ad8ff1f193,2026-09-10 09:23:18.966662+00
100,20,RECEIVED_FC,2026-03-25 13:15:00+00,WMS,323e7b9c-c514-464d-ba6a-b078090adff2,2026-09-10 09:23:18.966662+00
101,21,BOOKED,2026-06-30 10:35:00+00,CARRIER_EDI,6a1be617-525a-40fa-a216-8aab243527dc,2026-09-10 09:23:18.966662+00
102,21,DEPARTED_ORIGIN,2026-07-03 06:09:00+00,CARRIER_EDI,9d314cb2-7139-43e1-a142-32b59ab155b3,2026-09-10 09:23:18.966662+00
103,21,ARRIVED_DEST_PORT,2026-07-28 13:02:00+00,CARRIER_EDI,56eaaca7-83a7-4d67-bd0d-a9fe444825dd,2026-09-10 09:23:18.966662+00
104,21,CUSTOMS_CLEARED,2026-07-31 11:24:00+00,CARRIER_EDI,c32c608d-8882-4e24-8083-9a547ff717e5,2026-09-10 09:23:18.966662+00
105,21,RECEIVED_FC,2026-08-02 10:20:00+00,WMS,73a67448-d210-465e-8125-3cdbcff77671,2026-09-10 09:23:18.966662+00
106,22,BOOKED,2026-06-05 09:00:00+00,CARRIER_EDI,410dc4b8-bb6d-4463-b2df-6d439f8e018d,2026-09-10 09:23:18.966662+00
107,22,DEPARTED_ORIGIN,2026-06-10 06:52:00+00,CARRIER_EDI,a5b21ddf-7174-4471-9e04-1ca11faa801f,2026-09-10 09:23:18.966662+00
108,22,ARRIVED_DEST_PORT,2026-07-10 17:09:00+00,CARRIER_EDI,6b74ee1a-d99b-44e8-ab58-ee67430965da,2026-09-10 09:23:18.966662+00
109,22,CUSTOMS_CLEARED,2026-07-14 14:06:00+00,CARRIER_EDI,df7130a5-837e-4229-b0e9-02dba6d55962,2026-09-10 09:23:18.966662+00
110,22,RECEIVED_FC,2026-07-18 06:38:00+00,WMS,8a5e660f-996f-4735-b465-93fe75b06232,2026-09-10 09:23:18.966662+00
111,23,BOOKED,2025-10-02 14:43:00+00,CARRIER_EDI,6e390875-c0a5-458e-a5e7-a917468e8fdf,2026-09-10 09:23:18.966662+00
112,23,DEPARTED_ORIGIN,2025-10-06 15:19:00+00,CARRIER_EDI,5d0a99ec-5b41-447b-80e5-700c19758847,2026-09-10 09:23:18.966662+00
113,23,ARRIVED_DEST_PORT,2025-10-29 07:59:00+00,CARRIER_EDI,fa38dda9-d699-47f0-9cfa-51962d3c2d63,2026-09-10 09:23:18.966662+00
114,23,CUSTOMS_CLEARED,2025-10-31 08:17:00+00,CARRIER_EDI,a5dc4182-137f-4d45-8165-87cc3346eb65,2026-09-10 09:23:18.966662+00
115,23,RECEIVED_FC,2025-11-03 09:29:00+00,WMS,0c97c3ce-d104-4125-9df9-012fecae9975,2026-09-10 09:23:18.966662+00
116,24,BOOKED,2026-06-20 09:38:00+00,CARRIER_EDI,ebcc7152-34d2-42ca-acb7-2abd87e3bc86,2026-09-10 09:23:18.966662+00
117,24,DEPARTED_ORIGIN,2026-06-23 16:38:00+00,CARRIER_EDI,f50c12d1-59bc-4863-9e1c-44a9b0c9ed43,2026-09-10 09:23:18.966662+00
118,24,ARRIVED_DEST_PORT,2026-07-21 08:33:00+00,CARRIER_EDI,dd8763a6-9dfc-4287-b4d1-f393ebcdfd8a,2026-09-10 09:23:18.966662+00
119,24,CUSTOMS_CLEARED,2026-07-25 10:15:00+00,CARRIER_EDI,e6dbba5c-552f-452e-8602-350cadf0d9c6,2026-09-10 09:23:18.966662+00
120,24,RECEIVED_FC,2026-07-31 12:50:00+00,WMS,be383b64-9ac8-49e3-89e2-7c1ae5c1b0fd,2026-09-10 09:23:18.966662+00
121,25,BOOKED,2025-11-29 15:22:00+00,CARRIER_EDI,be29719f-5185-43db-a02f-d8dcaa2b4af4,2026-09-10 09:23:18.966662+00
122,25,DEPARTED_ORIGIN,2025-12-03 15:05:00+00,CARRIER_EDI,63ebab28-249d-41e0-b720-5af7ffa5343f,2026-09-10 09:23:18.966662+00
123,25,ARRIVED_DEST_PORT,2025-12-28 15:12:00+00,CARRIER_EDI,17b3c19d-32c5-460c-b561-5284c9ecfe7c,2026-09-10 09:23:18.966662+00
124,25,CUSTOMS_CLEARED,2026-01-01 07:36:00+00,CARRIER_EDI,aa581bbb-302e-451d-a66b-d180b19d63de,2026-09-10 09:23:18.966662+00
125,25,RECEIVED_FC,2026-01-07 13:54:00+00,WMS,20a48446-e04b-4a2c-9c86-1dfda3dee383,2026-09-10 09:23:18.966662+00
126,26,BOOKED,2026-08-18 13:25:00+00,CARRIER_EDI,d972dae9-0638-4878-9469-2a76e5bf2939,2026-09-10 09:23:18.966662+00
127,26,DEPARTED_ORIGIN,2026-08-21 08:52:00+00,CARRIER_EDI,b1c44702-2b0e-4dbd-8081-13fb7fd45c39,2026-09-10 09:23:18.966662+00
128,26,ARRIVED_DEST_PORT,2026-09-10 06:29:00+00,CARRIER_EDI,5ef2b9bc-74e7-4421-8fe6-52fe3c5a666c,2026-09-10 09:23:18.966662+00
129,26,CUSTOMS_CLEARED,2026-09-14 12:06:00+00,CARRIER_EDI,70e1fbd9-d588-4eba-b30c-ac5deff14683,2026-09-10 09:23:18.966662+00
130,26,RECEIVED_FC,2026-09-19 07:17:00+00,WMS,8fcf36eb-527e-43f0-a2c3-73efd4e13d11,2026-09-10 09:23:18.966662+00
131,27,BOOKED,2026-05-28 12:32:00+00,CARRIER_EDI,e6944759-b5eb-46ca-90b2-6588e2a4f331,2026-09-10 09:23:18.966662+00
132,27,DEPARTED_ORIGIN,2026-06-01 08:41:00+00,CARRIER_EDI,5add4570-31dc-4160-8ae1-2d0c965f6ece,2026-09-10 09:23:18.966662+00
133,27,ARRIVED_DEST_PORT,2026-06-25 15:40:00+00,CARRIER_EDI,4c760d5d-b3e4-410a-b0eb-c7814c963eb4,2026-09-10 09:23:18.966662+00
134,27,CUSTOMS_CLEARED,2026-06-26 09:48:00+00,CARRIER_EDI,96fd4e7b-ea6b-4513-a09d-334c11c77fbd,2026-09-10 09:23:18.966662+00
135,27,RECEIVED_FC,2026-06-28 10:54:00+00,WMS,4730cf25-4dd5-4e1e-817d-cd56ecf27483,2026-09-10 09:23:18.966662+00
136,28,BOOKED,2026-02-25 09:53:00+00,CARRIER_EDI,70f31356-ae2e-479a-b137-ab677579d541,2026-09-10 09:23:18.966662+00
137,28,DEPARTED_ORIGIN,2026-02-28 08:11:00+00,CARRIER_EDI,5f898ddb-6135-4e63-8217-ebbe146fd711,2026-09-10 09:23:18.966662+00
138,28,ARRIVED_DEST_PORT,2026-03-15 11:28:00+00,CARRIER_EDI,f6883d5d-65ef-433f-a861-c73d097bfd76,2026-09-10 09:23:18.966662+00
139,28,CUSTOMS_CLEARED,2026-03-19 06:34:00+00,CARRIER_EDI,ecdbfe8d-c25d-483f-87be-a0e394e887cb,2026-09-10 09:23:18.966662+00
140,28,RECEIVED_FC,2026-03-25 13:08:00+00,WMS,89da3070-0151-4a6f-a16c-c9323a472067,2026-09-10 09:23:18.966662+00
141,29,BOOKED,2026-05-22 15:19:00+00,CARRIER_EDI,f132d7b9-68a1-4bb3-9898-209ce3f78b91,2026-09-10 09:23:18.966662+00
142,29,DEPARTED_ORIGIN,2026-05-29 12:43:00+00,CARRIER_EDI,a85e2c0f-239c-4eff-9074-9acba3424cf9,2026-09-10 09:23:18.966662+00
143,29,ARRIVED_DEST_PORT,2026-06-10 12:30:00+00,CARRIER_EDI,324eecec-d436-467c-a9b5-4281f10cdd49,2026-09-10 09:23:18.966662+00
144,29,CUSTOMS_CLEARED,2026-06-13 09:42:00+00,CARRIER_EDI,9c0c8bbc-cc3e-4a7b-967a-813465376497,2026-09-10 09:23:18.966662+00
145,29,RECEIVED_FC,2026-06-15 13:50:00+00,WMS,8f804892-5354-4dd1-9bd9-8885909261dc,2026-09-10 09:23:18.966662+00
146,30,BOOKED,2025-11-14 08:38:00+00,CARRIER_EDI,c13a0126-24d3-4ae5-8144-1ec3bbb6afb6,2026-09-10 09:23:18.966662+00
147,30,DEPARTED_ORIGIN,2025-11-21 17:19:00+00,CARRIER_EDI,0c54e27a-95c8-4155-8a92-cdd6e749a029,2026-09-10 09:23:18.966662+00
148,30,ARRIVED_DEST_PORT,2025-12-27 10:10:00+00,CARRIER_EDI,c646fbb0-4adc-44c4-80e8-150b3699ae94,2026-09-10 09:23:18.966662+00
149,30,CUSTOMS_CLEARED,2025-12-31 11:30:00+00,CARRIER_EDI,a4cbf927-79a9-4eff-b10d-d6c1efbd22af,2026-09-10 09:23:18.966662+00
150,30,RECEIVED_FC,2026-01-03 07:25:00+00,WMS,9f2e6662-e683-4f93-b64b-137525c23507,2026-09-10 09:23:18.966662+00
151,31,BOOKED,2025-12-05 12:31:00+00,CARRIER_EDI,82aaa156-5743-4bf1-a268-3500f7c72f85,2026-09-10 09:23:18.966662+00
152,31,DEPARTED_ORIGIN,2025-12-12 15:56:00+00,CARRIER_EDI,f2fb2524-eac4-4583-b620-c0029d5efba3,2026-09-10 09:23:18.966662+00
153,31,ARRIVED_DEST_PORT,2026-01-15 17:18:00+00,CARRIER_EDI,d337f0d2-42ca-4664-b44c-21ae6fc99aec,2026-09-10 09:23:18.966662+00
154,31,CUSTOMS_CLEARED,2026-01-18 06:59:00+00,CARRIER_EDI,45b2b889-3878-4b96-a9f0-a35f2629a129,2026-09-10 09:23:18.966662+00
155,31,RECEIVED_FC,2026-01-20 13:50:00+00,WMS,a73a71a2-42d0-44d3-b3c4-9a81494219a7,2026-09-10 09:23:18.966662+00
156,32,BOOKED,2026-03-12 06:48:00+00,CARRIER_EDI,48a1b780-f72d-4964-bc69-8f28c607af37,2026-09-10 09:23:18.966662+00
157,32,DEPARTED_ORIGIN,2026-03-17 16:09:00+00,CARRIER_EDI,df900887-a030-4573-8423-6cc7534f1e9f,2026-09-10 09:23:18.966662+00
158,32,ARRIVED_DEST_PORT,2026-04-11 14:10:00+00,CARRIER_EDI,2c24aee4-0d6a-43ad-8d63-9be3a53bf586,2026-09-10 09:23:18.966662+00
159,32,CUSTOMS_CLEARED,2026-04-13 12:01:00+00,CARRIER_EDI,70be48bd-a983-42d6-b2ef-ba6f8d18dbcb,2026-09-10 09:23:18.966662+00
160,32,RECEIVED_FC,2026-04-15 12:12:00+00,WMS,11cad9ff-3e24-4705-8a04-0daef630c469,2026-09-10 09:23:18.966662+00
161,33,BOOKED,2026-06-10 08:37:00+00,CARRIER_EDI,b229ca43-4a8a-4eac-8270-3b45f5a27c89,2026-09-10 09:23:18.966662+00
162,33,DEPARTED_ORIGIN,2026-06-15 06:42:00+00,CARRIER_EDI,c8dd933e-f926-4ce9-9fd4-afb0d589bf91,2026-09-10 09:23:18.966662+00
163,33,ARRIVED_DEST_PORT,2026-07-05 16:12:00+00,CARRIER_EDI,7a67f186-e148-4643-8516-fef5e14ba8ff,2026-09-10 09:23:18.966662+00
164,33,CUSTOMS_CLEARED,2026-07-08 14:26:00+00,CARRIER_EDI,7ccc9825-4199-4bd3-b017-bd6dc6007f6d,2026-09-10 09:23:18.966662+00
165,33,RECEIVED_FC,2026-07-10 11:42:00+00,WMS,78c0be6e-b7f0-42da-a0bb-eca2bbfcbe2f,2026-09-10 09:23:18.966662+00
166,34,BOOKED,2026-03-08 08:49:00+00,CARRIER_EDI,a9b184f2-0a7a-41ff-a670-895719b95b70,2026-09-10 09:23:18.966662+00
167,34,DEPARTED_ORIGIN,2026-03-15 10:57:00+00,CARRIER_EDI,d76bf14e-4044-4e82-805b-25e4545a053f,2026-09-10 09:23:18.966662+00
168,34,ARRIVED_DEST_PORT,2026-04-09 14:49:00+00,CARRIER_EDI,fd9361e0-887b-441d-9788-83fe435ff15e,2026-09-10 09:23:18.966662+00
169,34,CUSTOMS_CLEARED,2026-04-10 09:06:00+00,CARRIER_EDI,1321e17a-774d-48a3-b95d-7672fe847800,2026-09-10 09:23:18.966662+00
170,34,RECEIVED_FC,2026-04-14 06:28:00+00,WMS,9d516a04-2b8e-4403-b7cd-22ea6f5a094a,2026-09-10 09:23:18.966662+00
171,35,BOOKED,2025-12-23 06:25:00+00,CARRIER_EDI,6458a26f-df35-446a-b3cf-724dcff4957e,2026-09-10 09:23:18.966662+00
172,35,DEPARTED_ORIGIN,2025-12-26 12:12:00+00,CARRIER_EDI,d22bc36f-c3ec-4b1a-97f0-ad8225389642,2026-09-10 09:23:18.966662+00
173,35,ARRIVED_DEST_PORT,2026-01-29 17:35:00+00,CARRIER_EDI,a764eaca-d8fc-49d8-83f5-d71f3542c8b1,2026-09-10 09:23:18.966662+00
174,35,CUSTOMS_CLEARED,2026-01-31 07:25:00+00,CARRIER_EDI,40718b9f-3177-46ba-89d4-c64b6d2111b3,2026-09-10 09:23:18.966662+00
175,35,RECEIVED_FC,2026-02-02 13:18:00+00,WMS,fc495b69-5606-4213-abad-3d74c1a476d1,2026-09-10 09:23:18.966662+00
176,36,BOOKED,2026-02-06 15:20:00+00,CARRIER_EDI,42b42331-01f7-447f-aaa7-7be77d33f9fa,2026-09-10 09:23:18.966662+00
177,36,DEPARTED_ORIGIN,2026-02-09 07:36:00+00,CARRIER_EDI,0d0924f5-7c25-4ba3-b47f-a21342d781b9,2026-09-10 09:23:18.966662+00
178,36,ARRIVED_DEST_PORT,2026-03-01 15:38:00+00,CARRIER_EDI,01a6ac37-df66-4ba4-89ee-c40099cc80ee,2026-09-10 09:23:18.966662+00
179,36,CUSTOMS_CLEARED,2026-03-02 09:57:00+00,CARRIER_EDI,e438783e-963b-4963-ad1d-b5addcdd2e56,2026-09-10 09:23:18.966662+00
180,36,RECEIVED_FC,2026-03-08 09:58:00+00,WMS,f2a46c8f-c086-4c7b-a352-3ce18e07bb49,2026-09-10 09:23:18.966662+00
181,37,BOOKED,2025-12-29 11:51:00+00,CARRIER_EDI,4c0e3d17-797d-4eca-9471-67a2ddb9d9b0,2026-09-10 09:23:18.966662+00
182,37,DEPARTED_ORIGIN,2026-01-01 12:47:00+00,CARRIER_EDI,59586430-e0cf-4446-b875-12ddc94fa3d7,2026-09-10 09:23:18.966662+00
183,37,ARRIVED_DEST_PORT,2026-01-17 16:39:00+00,CARRIER_EDI,2152ece4-9e75-4246-92dc-547444dd8e72,2026-09-10 09:23:18.966662+00
184,37,CUSTOMS_CLEARED,2026-01-19 16:22:00+00,CARRIER_EDI,6e0abd69-52cb-49ae-9489-2cf20533b8cd,2026-09-10 09:23:18.966662+00
185,37,RECEIVED_FC,2026-01-22 07:50:00+00,WMS,4994f3b1-df23-4f27-9737-4a1dcb3c9f70,2026-09-10 09:23:18.966662+00
186,38,BOOKED,2026-03-23 07:12:00+00,CARRIER_EDI,c189efaa-70b7-4c88-8293-b89c37f31896,2026-09-10 09:23:18.966662+00
187,38,DEPARTED_ORIGIN,2026-03-27 09:31:00+00,CARRIER_EDI,425ff2d1-7f66-45c1-9192-963b0c3375e0,2026-09-10 09:23:18.966662+00
188,38,ARRIVED_DEST_PORT,2026-04-22 13:07:00+00,CARRIER_EDI,d881a8a5-5e38-421e-bd3a-1e0b5f7f2490,2026-09-10 09:23:18.966662+00
189,38,CUSTOMS_CLEARED,2026-04-24 17:52:00+00,CARRIER_EDI,42041c58-af20-473f-875f-8e84bafd9312,2026-09-10 09:23:18.966662+00
190,38,RECEIVED_FC,2026-04-29 15:41:00+00,WMS,97167775-1b67-475d-bb4f-78c1518d315f,2026-09-10 09:23:18.966662+00
191,39,BOOKED,2025-12-20 06:20:00+00,CARRIER_EDI,f0661b9c-ed6f-449b-8102-46bbf2ac0ed1,2026-09-10 09:23:18.966662+00
192,39,DEPARTED_ORIGIN,2025-12-24 14:46:00+00,CARRIER_EDI,d1f56059-c265-4015-84fd-d89f687cee50,2026-09-10 09:23:18.966662+00
193,39,ARRIVED_DEST_PORT,2026-01-19 07:23:00+00,CARRIER_EDI,9c3d2911-4dcd-462a-a47a-96a4c5d6ab03,2026-09-10 09:23:18.966662+00
194,39,CUSTOMS_CLEARED,2026-01-20 14:23:00+00,CARRIER_EDI,e0ea7253-7c4c-4854-b150-2f3769c48216,2026-09-10 09:23:18.966662+00
195,39,RECEIVED_FC,2026-01-24 13:20:00+00,WMS,8daf3ecb-f776-4529-bc6b-473b6ce574f0,2026-09-10 09:23:18.966662+00
196,40,BOOKED,2026-07-28 10:05:00+00,CARRIER_EDI,2d671451-83de-4742-bfd1-d18f04db67a7,2026-09-10 09:23:18.966662+00
197,40,DEPARTED_ORIGIN,2026-08-03 15:05:00+00,CARRIER_EDI,eb3990d8-2139-4537-b0d6-cbd7e0ff1dc9,2026-09-10 09:23:18.966662+00
198,40,ARRIVED_DEST_PORT,2026-09-02 09:49:00+00,CARRIER_EDI,b7136c4e-d199-4b24-8a7b-662c7f604e8c,2026-09-10 09:23:18.966662+00
199,40,CUSTOMS_CLEARED,2026-09-03 10:13:00+00,CARRIER_EDI,36a42ec6-97ff-4361-9652-2d7c23d7cfa9,2026-09-10 09:23:18.966662+00
200,40,RECEIVED_FC,2026-09-05 13:16:00+00,WMS,1a258561-df5b-4b71-8baa-f8d40f9cef21,2026-09-10 09:23:18.966662+00
201,41,BOOKED,2026-06-18 14:05:00+00,CARRIER_EDI,55e49745-9446-445e-9607-664cc73e9f1b,2026-09-10 09:23:18.966662+00
202,41,DEPARTED_ORIGIN,2026-06-25 10:11:00+00,CARRIER_EDI,fa81c8c0-4bb2-4f3e-b199-885c4553c975,2026-09-10 09:23:18.966662+00
203,41,ARRIVED_DEST_PORT,2026-07-22 17:41:00+00,CARRIER_EDI,3cc8c81a-4d59-4365-bf03-56e7a71046fa,2026-09-10 09:23:18.966662+00
204,41,CUSTOMS_CLEARED,2026-07-25 09:58:00+00,CARRIER_EDI,d37af278-5cb4-477d-8c1b-9b289decad4f,2026-09-10 09:23:18.966662+00
205,41,RECEIVED_FC,2026-07-29 11:13:00+00,WMS,cb53f60c-ed8d-4ab2-934a-22db472e8144,2026-09-10 09:23:18.966662+00
206,42,BOOKED,2026-01-05 07:22:00+00,CARRIER_EDI,b1f9732c-1606-48cd-a6cf-a99010d8b641,2026-09-10 09:23:18.966662+00
207,42,DEPARTED_ORIGIN,2026-01-12 12:35:00+00,CARRIER_EDI,81609276-e0fa-497e-a8f2-3834ed3bab2f,2026-09-10 09:23:18.966662+00
208,42,ARRIVED_DEST_PORT,2026-02-08 06:23:00+00,CARRIER_EDI,1d6db8fa-a2ff-4533-9112-d75ae595a23d,2026-09-10 09:23:18.966662+00
209,42,CUSTOMS_CLEARED,2026-02-09 17:48:00+00,CARRIER_EDI,de3127c2-a80a-4d35-8886-a1bae323e906,2026-09-10 09:23:18.966662+00
210,42,RECEIVED_FC,2026-02-15 14:51:00+00,WMS,2134c441-d8ea-4602-95ed-dce99bc664e7,2026-09-10 09:23:18.966662+00
211,43,BOOKED,2025-10-08 07:01:00+00,CARRIER_EDI,c0860137-399b-4283-9266-ca82a9b2124a,2026-09-10 09:23:18.966662+00
212,43,DEPARTED_ORIGIN,2025-10-14 08:12:00+00,CARRIER_EDI,a065684c-4db6-4c50-96e3-8f016a535721,2026-09-10 09:23:18.966662+00
213,43,ARRIVED_DEST_PORT,2025-10-31 07:03:00+00,CARRIER_EDI,324f2521-e44c-49c3-9278-2083ce7968d0,2026-09-10 09:23:18.966662+00
214,43,CUSTOMS_CLEARED,2025-11-03 16:16:00+00,CARRIER_EDI,f2b9d5fb-504b-40a4-9d70-40e97b8f0dbf,2026-09-10 09:23:18.966662+00
215,43,RECEIVED_FC,2025-11-05 06:06:00+00,WMS,df0e54e3-5232-4639-a3e0-ade72f40695a,2026-09-10 09:23:18.966662+00
216,44,BOOKED,2026-06-16 12:49:00+00,CARRIER_EDI,75fc29fa-2c3a-4ed5-8bb2-7ea529cd2a65,2026-09-10 09:23:18.966662+00
217,44,DEPARTED_ORIGIN,2026-06-19 06:08:00+00,CARRIER_EDI,a32eee4d-f709-4e8b-a6ae-5aba180c95ad,2026-09-10 09:23:18.966662+00
218,44,ARRIVED_DEST_PORT,2026-07-23 09:06:00+00,CARRIER_EDI,de4872fb-bd98-443d-8176-0df6d1f6b7fe,2026-09-10 09:23:18.966662+00
219,44,CUSTOMS_CLEARED,2026-07-27 15:15:00+00,CARRIER_EDI,59312355-abe5-4190-a44f-f62376c1de0b,2026-09-10 09:23:18.966662+00
220,44,RECEIVED_FC,2026-07-30 17:55:00+00,WMS,c5722669-d3db-4f37-8581-ad798acb0d03,2026-09-10 09:23:18.966662+00
221,45,BOOKED,2025-10-28 16:02:00+00,CARRIER_EDI,d25df4f0-ab26-46bd-9012-c2d71f33b16c,2026-09-10 09:23:18.966662+00
222,45,DEPARTED_ORIGIN,2025-10-31 10:16:00+00,CARRIER_EDI,4a52a179-186e-4c1d-913d-fe8832a7aba6,2026-09-10 09:23:18.966662+00
223,45,ARRIVED_DEST_PORT,2025-11-19 12:32:00+00,CARRIER_EDI,64cd15cd-0aa8-4ef8-993a-30d48081d677,2026-09-10 09:23:18.966662+00
224,45,CUSTOMS_CLEARED,2025-11-21 17:20:00+00,CARRIER_EDI,13fffe9c-3045-4032-9ec1-d2541e595b7e,2026-09-10 09:23:18.966662+00
225,45,RECEIVED_FC,2025-11-26 12:40:00+00,WMS,f25ef07a-59f8-4096-ba00-3fd2faf89241,2026-09-10 09:23:18.966662+00
226,46,BOOKED,2026-01-10 17:47:00+00,CARRIER_EDI,0443f9f4-f0f5-45cb-9cd9-459197316075,2026-09-10 09:23:18.966662+00
227,46,DEPARTED_ORIGIN,2026-01-14 17:33:00+00,CARRIER_EDI,0d8f5c0a-a037-437a-885b-c871d8f9f20e,2026-09-10 09:23:18.966662+00
228,46,ARRIVED_DEST_PORT,2026-02-11 17:36:00+00,CARRIER_EDI,97dd9651-238e-45b5-9855-c55f7f99701e,2026-09-10 09:23:18.966662+00
229,46,CUSTOMS_CLEARED,2026-02-14 13:45:00+00,CARRIER_EDI,6798e0cc-071e-451f-b6bd-bb511ed25333,2026-09-10 09:23:18.966662+00
230,46,RECEIVED_FC,2026-02-20 06:35:00+00,WMS,44f5980a-85f7-49b8-88b0-243505e84231,2026-09-10 09:23:18.966662+00
231,47,BOOKED,2025-12-09 14:27:00+00,CARRIER_EDI,b73d998b-8e9a-4518-8a30-33bcccc47f22,2026-09-10 09:23:18.966662+00
232,47,DEPARTED_ORIGIN,2025-12-16 12:26:00+00,CARRIER_EDI,6d93574b-04dd-4e63-b486-b2b6f597bfeb,2026-09-10 09:23:18.966662+00
233,47,ARRIVED_DEST_PORT,2026-01-21 08:07:00+00,CARRIER_EDI,87b46a4d-1769-4e2c-b091-f5e387716ec2,2026-09-10 09:23:18.966662+00
234,47,CUSTOMS_CLEARED,2026-01-24 09:19:00+00,CARRIER_EDI,12d62d19-4642-49c1-8015-2d43c5d5c76a,2026-09-10 09:23:18.966662+00
235,47,RECEIVED_FC,2026-01-28 07:10:00+00,WMS,b8eca95c-9caa-47bf-9add-a0fd0f618d8a,2026-09-10 09:23:18.966662+00
236,48,BOOKED,2026-03-11 11:26:00+00,CARRIER_EDI,a81aa42f-ae6c-4984-b901-a9ee765169cf,2026-09-10 09:23:18.966662+00
237,48,DEPARTED_ORIGIN,2026-03-16 10:11:00+00,CARRIER_EDI,5ba7735f-ee14-4283-98ef-a48b8c85254e,2026-09-10 09:23:18.966662+00
238,48,ARRIVED_DEST_PORT,2026-04-19 12:22:00+00,CARRIER_EDI,7fd583e0-d498-408e-bbc5-a6fcc200576a,2026-09-10 09:23:18.966662+00
239,48,CUSTOMS_CLEARED,2026-04-20 11:48:00+00,CARRIER_EDI,fbc4ada6-c55c-499d-978f-359e9a0a81d9,2026-09-10 09:23:18.966662+00
240,48,RECEIVED_FC,2026-04-25 06:44:00+00,WMS,18763f30-80ba-4f43-b197-47611331c662,2026-09-10 09:23:18.966662+00
241,49,BOOKED,2025-10-25 13:37:00+00,CARRIER_EDI,39df4486-119f-40b2-b76e-79b3fd1f775b,2026-09-10 09:23:18.966662+00
242,49,DEPARTED_ORIGIN,2025-10-28 14:49:00+00,CARRIER_EDI,4921721b-9365-4e78-a5a0-6d3c9d3a7a4a,2026-09-10 09:23:18.966662+00
243,49,ARRIVED_DEST_PORT,2025-11-27 15:08:00+00,CARRIER_EDI,1f7a23fc-653f-4a72-b317-559bacef5c7a,2026-09-10 09:23:18.966662+00
244,49,CUSTOMS_CLEARED,2025-12-01 09:37:00+00,CARRIER_EDI,564e4ed4-d82b-472e-9996-a788eb98bf32,2026-09-10 09:23:18.966662+00
245,49,RECEIVED_FC,2025-12-07 16:38:00+00,WMS,bfdf5489-cd63-4c96-b09d-59617c4ce605,2026-09-10 09:23:18.966662+00
246,50,BOOKED,2025-10-16 09:33:00+00,CARRIER_EDI,a5589f46-cd00-4369-b01a-44854f26d12c,2026-09-10 09:23:18.966662+00
247,50,DEPARTED_ORIGIN,2025-10-19 10:39:00+00,CARRIER_EDI,0f7a6b1e-bd3e-4b56-a5ae-f783cf9036f5,2026-09-10 09:23:18.966662+00
248,50,ARRIVED_DEST_PORT,2025-11-15 17:39:00+00,CARRIER_EDI,6c7333ae-a30a-45be-8aab-8054b8ad8d39,2026-09-10 09:23:18.966662+00
249,50,CUSTOMS_CLEARED,2025-11-18 13:15:00+00,CARRIER_EDI,ea929349-f4f3-44ab-aa6e-9b5972cce1eb,2026-09-10 09:23:18.966662+00
250,50,RECEIVED_FC,2025-11-24 08:52:00+00,WMS,414cd576-3846-47c3-8b54-a8615a4123c7,2026-09-10 09:23:18.966662+00
251,51,BOOKED,2025-10-29 16:45:00+00,CARRIER_EDI,23339844-0b3a-4cd3-8d76-776575260dfa,2026-09-10 09:23:18.966662+00
252,51,DEPARTED_ORIGIN,2025-11-02 13:03:00+00,CARRIER_EDI,57a6ee12-5d60-4052-89b9-77c221837079,2026-09-10 09:23:18.966662+00
253,51,ARRIVED_DEST_PORT,2025-11-12 17:53:00+00,CARRIER_EDI,342bd1cd-d2bf-4841-afa8-0aa3a3096ac9,2026-09-10 09:23:18.966662+00
254,51,CUSTOMS_CLEARED,2025-11-16 15:29:00+00,CARRIER_EDI,77204f0c-afc0-409d-9188-415f48d463dc,2026-09-10 09:23:18.966662+00
255,51,RECEIVED_FC,2025-11-18 08:23:00+00,WMS,d67019b3-895d-4bda-9823-350ff4111c32,2026-09-10 09:23:18.966662+00
256,52,BOOKED,2026-02-27 10:58:00+00,CARRIER_EDI,c599d4b7-a8f9-4401-803d-109530e57e60,2026-09-10 09:23:18.966662+00
257,52,DEPARTED_ORIGIN,2026-03-05 12:15:00+00,CARRIER_EDI,c09200bc-2a75-4f3e-bc81-8c4390e2ff37,2026-09-10 09:23:18.966662+00
258,52,ARRIVED_DEST_PORT,2026-03-22 17:57:00+00,CARRIER_EDI,138daec0-cd22-4122-9d63-3c0df93d51ca,2026-09-10 09:23:18.966662+00
259,52,CUSTOMS_CLEARED,2026-03-26 11:52:00+00,CARRIER_EDI,e1ee3445-f600-4ba6-95fd-a238b5acbeb4,2026-09-10 09:23:18.966662+00
260,52,RECEIVED_FC,2026-03-30 15:28:00+00,WMS,16a6e0a5-5c3e-47c9-bf81-c2608d7e43a0,2026-09-10 09:23:18.966662+00
261,53,BOOKED,2025-12-26 12:58:00+00,CARRIER_EDI,f17922c0-4b5d-493c-baae-a84348e30885,2026-09-10 09:23:18.966662+00
262,53,DEPARTED_ORIGIN,2025-12-31 10:20:00+00,CARRIER_EDI,edf64075-2879-44c2-973b-ed3e9e791b95,2026-09-10 09:23:18.966662+00
263,53,ARRIVED_DEST_PORT,2026-01-19 15:00:00+00,CARRIER_EDI,5b76436c-6bf2-43e5-8605-0609e1a86a68,2026-09-10 09:23:18.966662+00
264,53,CUSTOMS_CLEARED,2026-01-23 09:23:00+00,CARRIER_EDI,39e75bba-a5c2-4c11-b786-1c127a5757a8,2026-09-10 09:23:18.966662+00
265,53,RECEIVED_FC,2026-01-27 15:36:00+00,WMS,7506699f-8632-46a6-8374-53f9e6360b05,2026-09-10 09:23:18.966662+00
266,54,BOOKED,2026-01-23 06:22:00+00,CARRIER_EDI,28ec4fb0-2319-483e-ac26-b5588550603d,2026-09-10 09:23:18.966662+00
267,54,DEPARTED_ORIGIN,2026-01-29 17:13:00+00,CARRIER_EDI,a6a57765-2bb9-44a2-8e53-5324a71a24ff,2026-09-10 09:23:18.966662+00
268,54,ARRIVED_DEST_PORT,2026-03-02 07:01:00+00,CARRIER_EDI,ef4894f0-0bde-4505-8f4a-28959c9a4463,2026-09-10 09:23:18.966662+00
269,54,CUSTOMS_CLEARED,2026-03-03 16:46:00+00,CARRIER_EDI,bb3d2f98-3177-4a8d-8696-3404fb3684fe,2026-09-10 09:23:18.966662+00
270,54,RECEIVED_FC,2026-03-08 17:52:00+00,WMS,97f98d48-a9d7-4039-9b2e-377f9b2c5671,2026-09-10 09:23:18.966662+00
271,55,BOOKED,2026-03-13 12:24:00+00,CARRIER_EDI,5a4db239-7de7-4800-80ae-ca3e41e9bccf,2026-09-10 09:23:18.966662+00
272,55,DEPARTED_ORIGIN,2026-03-18 07:04:00+00,CARRIER_EDI,71cab051-4fd0-4002-b64c-d3735f85edc9,2026-09-10 09:23:18.966662+00
273,55,ARRIVED_DEST_PORT,2026-04-12 09:04:00+00,CARRIER_EDI,a05ecec6-41d4-4939-ad95-b53c491cd9fc,2026-09-10 09:23:18.966662+00
274,55,CUSTOMS_CLEARED,2026-04-14 13:13:00+00,CARRIER_EDI,02e1a8e4-a233-4b2d-84c5-690a4def3802,2026-09-10 09:23:18.966662+00
275,55,RECEIVED_FC,2026-04-17 08:29:00+00,WMS,5d0d99e1-4f14-4855-93f3-d45d4a70bb5e,2026-09-10 09:23:18.966662+00
276,56,BOOKED,2026-07-15 06:24:00+00,CARRIER_EDI,780e7bc7-b9b6-4d4f-bfe7-364021f793ed,2026-09-10 09:23:18.966662+00
277,56,DEPARTED_ORIGIN,2026-07-18 14:48:00+00,CARRIER_EDI,f6f19caa-04b4-40e8-94ba-92e7ed0b9855,2026-09-10 09:23:18.966662+00
278,56,ARRIVED_DEST_PORT,2026-08-21 11:22:00+00,CARRIER_EDI,3a87ac18-f6a5-40a0-a375-19c49e8d15c1,2026-09-10 09:23:18.966662+00
279,56,CUSTOMS_CLEARED,2026-08-23 14:25:00+00,CARRIER_EDI,4486052d-2ebe-4893-b285-d68947d3627a,2026-09-10 09:23:18.966662+00
280,56,RECEIVED_FC,2026-08-27 13:00:00+00,WMS,3c08e52a-ad80-4e6d-8cd9-0ce9326931c2,2026-09-10 09:23:18.966662+00
281,57,BOOKED,2026-06-20 07:05:00+00,CARRIER_EDI,33c4dbc0-c1d9-475f-9c68-0e2620d3d679,2026-09-10 09:23:18.966662+00
282,57,DEPARTED_ORIGIN,2026-06-27 10:27:00+00,CARRIER_EDI,4ba4f9f5-c136-4fb5-bdb3-176a0393258a,2026-09-10 09:23:18.966662+00
283,57,ARRIVED_DEST_PORT,2026-07-11 17:14:00+00,CARRIER_EDI,9d222885-c443-4ee7-9930-a2ef7b155ead,2026-09-10 09:23:18.966662+00
284,57,CUSTOMS_CLEARED,2026-07-14 10:39:00+00,CARRIER_EDI,49cb3d47-de2b-423e-a980-278453bf31d8,2026-09-10 09:23:18.966662+00
285,57,RECEIVED_FC,2026-07-16 08:32:00+00,WMS,f0d1dd46-79f0-49d7-9434-63562ce9d4be,2026-09-10 09:23:18.966662+00
286,58,BOOKED,2025-09-19 15:08:00+00,CARRIER_EDI,dc4cb069-25f0-47f0-b056-fbdf4ea977d3,2026-09-10 09:23:18.966662+00
287,58,DEPARTED_ORIGIN,2025-09-24 07:18:00+00,CARRIER_EDI,82847d3a-be15-4344-8dee-9d19b92511c0,2026-09-10 09:23:18.966662+00
288,58,ARRIVED_DEST_PORT,2025-10-14 13:21:00+00,CARRIER_EDI,99834913-2a50-4acd-b883-6b3ff5d31eb8,2026-09-10 09:23:18.966662+00
289,58,CUSTOMS_CLEARED,2025-10-16 15:05:00+00,CARRIER_EDI,31e07a77-45bb-4e27-8a2d-fca4925d9d61,2026-09-10 09:23:18.966662+00
290,58,RECEIVED_FC,2025-10-21 07:45:00+00,WMS,6bc1e438-119d-423e-bc65-9fcc9263b595,2026-09-10 09:23:18.966662+00
291,59,BOOKED,2026-07-01 08:35:00+00,CARRIER_EDI,05f255de-bf4d-4115-8d60-f901a18f2890,2026-09-10 09:23:18.966662+00
292,59,DEPARTED_ORIGIN,2026-07-04 17:04:00+00,CARRIER_EDI,2d475a40-2df4-4510-8978-5b43d327e134,2026-09-10 09:23:18.966662+00
293,59,ARRIVED_DEST_PORT,2026-07-31 16:28:00+00,CARRIER_EDI,c8fe38ba-46ab-4a9a-ba06-26abd731b951,2026-09-10 09:23:18.966662+00
294,59,CUSTOMS_CLEARED,2026-08-01 15:01:00+00,CARRIER_EDI,8b892a26-fec4-433e-abc9-ba0163901cd4,2026-09-10 09:23:18.966662+00
295,59,RECEIVED_FC,2026-08-03 10:01:00+00,WMS,8b8429b7-4db4-4deb-8101-dcbc421c85b7,2026-09-10 09:23:18.966662+00
296,60,BOOKED,2026-02-18 09:12:00+00,CARRIER_EDI,df7a2823-5999-4544-bb7d-635ce9f2ba6b,2026-09-10 09:23:18.966662+00
297,60,DEPARTED_ORIGIN,2026-02-21 14:44:00+00,CARRIER_EDI,232a48b7-20c0-4ae5-a1f9-ee75d123d700,2026-09-10 09:23:18.966662+00
298,60,ARRIVED_DEST_PORT,2026-03-20 09:57:00+00,CARRIER_EDI,f0677a41-bc4b-49fc-a264-72d61a0c485c,2026-09-10 09:23:18.966662+00
299,60,CUSTOMS_CLEARED,2026-03-21 11:18:00+00,CARRIER_EDI,10c0be7b-38ac-4b31-b940-a6eeb7fdb8d0,2026-09-10 09:23:18.966662+00
300,60,RECEIVED_FC,2026-03-26 16:23:00+00,WMS,8bac69ee-805e-470c-86eb-c365d58c4419,2026-09-10 09:23:18.966662+00
301,61,BOOKED,2026-03-15 14:50:00+00,CARRIER_EDI,777966d4-a52e-4373-bb2a-0a1c03cfdf17,2026-09-10 09:23:18.966662+00
302,61,DEPARTED_ORIGIN,2026-03-20 12:48:00+00,CARRIER_EDI,fba3f113-d235-4d64-8c64-e7a9101a2b0f,2026-09-10 09:23:18.966662+00
303,61,ARRIVED_DEST_PORT,2026-04-20 14:52:00+00,CARRIER_EDI,f89c56f5-bb62-4bb0-bae1-2aeab9099d1d,2026-09-10 09:23:18.966662+00
304,61,CUSTOMS_CLEARED,2026-04-22 08:54:00+00,CARRIER_EDI,2c33ceee-0282-4009-938e-83d3336c6cea,2026-09-10 09:23:18.966662+00
305,61,RECEIVED_FC,2026-04-27 13:30:00+00,WMS,912322ac-533b-4694-b0de-10083566e0d8,2026-09-10 09:23:18.966662+00
306,62,BOOKED,2026-04-18 14:44:00+00,CARRIER_EDI,419d56cc-f809-4ffe-b0ba-89d16c2ed85a,2026-09-10 09:23:18.966662+00
307,62,DEPARTED_ORIGIN,2026-04-22 12:01:00+00,CARRIER_EDI,96399a63-1709-4fa4-bdef-a1b27400398c,2026-09-10 09:23:18.966662+00
308,62,ARRIVED_DEST_PORT,2026-05-13 07:02:00+00,CARRIER_EDI,a429ff6a-b462-4699-ab44-008ba7e7952f,2026-09-10 09:23:18.966662+00
309,62,CUSTOMS_CLEARED,2026-05-15 09:35:00+00,CARRIER_EDI,cc04c9ea-2589-4216-8754-164aba6d6cdb,2026-09-10 09:23:18.966662+00
310,62,RECEIVED_FC,2026-05-19 14:25:00+00,WMS,3af957ae-1b23-48b3-ac12-05ae45118198,2026-09-10 09:23:18.966662+00
311,63,BOOKED,2026-03-04 09:20:00+00,CARRIER_EDI,3e126d10-b5c8-405a-971a-5ee67eb063a2,2026-09-10 09:23:18.966662+00
312,63,DEPARTED_ORIGIN,2026-03-09 09:16:00+00,CARRIER_EDI,50b4c1e5-f704-42f1-a3e9-651d56c02554,2026-09-10 09:23:18.966662+00
313,63,ARRIVED_DEST_PORT,2026-03-28 11:11:00+00,CARRIER_EDI,3d9b0327-0ce0-457b-a19f-205be89200d5,2026-09-10 09:23:18.966662+00
314,63,CUSTOMS_CLEARED,2026-03-31 16:43:00+00,CARRIER_EDI,0d3a125b-5ba2-4f60-8411-5745a129d314,2026-09-10 09:23:18.966662+00
315,63,RECEIVED_FC,2026-04-05 17:44:00+00,WMS,798e738e-a293-415c-a42e-97eabbed68e9,2026-09-10 09:23:18.966662+00
316,64,BOOKED,2026-01-02 10:03:00+00,CARRIER_EDI,58fd0acc-203b-4c37-a75c-57829e3a4dbd,2026-09-10 09:23:18.966662+00
317,64,DEPARTED_ORIGIN,2026-01-09 12:52:00+00,CARRIER_EDI,d96a5d43-7151-47fa-b382-11036a69e1cd,2026-09-10 09:23:18.966662+00
318,64,ARRIVED_DEST_PORT,2026-01-27 13:12:00+00,CARRIER_EDI,7c8efab6-5eda-4b45-9dcf-bf5e045c5042,2026-09-10 09:23:18.966662+00
319,64,CUSTOMS_CLEARED,2026-01-31 08:42:00+00,CARRIER_EDI,c3a7e1fb-f7e6-4882-a71b-01a0c03fc390,2026-09-10 09:23:18.966662+00
320,64,RECEIVED_FC,2026-02-05 13:04:00+00,WMS,99cbe0f3-9cb2-48be-abee-4592516b51d2,2026-09-10 09:23:18.966662+00
321,65,BOOKED,2025-10-25 17:15:00+00,CARRIER_EDI,baa528fb-fe8b-4678-804f-5305ef149b56,2026-09-10 09:23:18.966662+00
322,65,DEPARTED_ORIGIN,2025-10-31 07:49:00+00,CARRIER_EDI,a5136089-e66c-4765-b522-89619091a2ee,2026-09-10 09:23:18.966662+00
323,65,ARRIVED_DEST_PORT,2025-11-17 13:45:00+00,CARRIER_EDI,ab7aa594-76e5-4202-8b57-3df04a51b8d1,2026-09-10 09:23:18.966662+00
324,65,CUSTOMS_CLEARED,2025-11-20 17:43:00+00,CARRIER_EDI,4f7efcc8-3860-41d8-a306-e1fd5c8e3889,2026-09-10 09:23:18.966662+00
325,65,RECEIVED_FC,2025-11-23 07:34:00+00,WMS,1f3c13d0-03db-46c0-b649-dd8c4c7bcc83,2026-09-10 09:23:18.966662+00
326,66,BOOKED,2026-04-22 07:44:00+00,CARRIER_EDI,1d89111e-0011-4f62-be34-8b67f02b0ff2,2026-09-10 09:23:18.966662+00
327,66,DEPARTED_ORIGIN,2026-04-29 08:07:00+00,CARRIER_EDI,85f52fe2-5b57-4d8f-b8d1-cf3767e8d1ca,2026-09-10 09:23:18.966662+00
328,66,ARRIVED_DEST_PORT,2026-06-01 08:43:00+00,CARRIER_EDI,c03d949e-f839-4bdc-bafe-e41d362e9ba6,2026-09-10 09:23:18.966662+00
329,66,CUSTOMS_CLEARED,2026-06-02 13:39:00+00,CARRIER_EDI,a87351e1-71bf-4108-bd40-4eb297fd42c6,2026-09-10 09:23:18.966662+00
330,66,RECEIVED_FC,2026-06-04 11:08:00+00,WMS,29ec81f6-432f-4d24-88bf-50267a18407c,2026-09-10 09:23:18.966662+00
331,67,BOOKED,2026-07-12 15:22:00+00,CARRIER_EDI,61a498d9-df15-4105-ba15-ffeb0faca37c,2026-09-10 09:23:18.966662+00
332,67,DEPARTED_ORIGIN,2026-07-16 10:07:00+00,CARRIER_EDI,d9d0d820-eeee-4361-8073-f71fac4f931e,2026-09-10 09:23:18.966662+00
333,67,ARRIVED_DEST_PORT,2026-08-12 12:10:00+00,CARRIER_EDI,98873385-b387-4f88-8020-347007aad73b,2026-09-10 09:23:18.966662+00
334,67,CUSTOMS_CLEARED,2026-08-13 07:08:00+00,CARRIER_EDI,d3aeaefa-9911-41ed-bfa2-6d9a34d2f5ec,2026-09-10 09:23:18.966662+00
335,67,RECEIVED_FC,2026-08-18 08:20:00+00,WMS,703a0c9f-7714-4a10-b2eb-f144a0cb2759,2026-09-10 09:23:18.966662+00
336,68,BOOKED,2025-09-10 07:00:00+00,CARRIER_EDI,8b9e60e8-931d-4971-9045-83660b2c0bb3,2026-09-10 09:23:18.966662+00
337,68,DEPARTED_ORIGIN,2025-09-17 12:02:00+00,CARRIER_EDI,1af24a89-08de-4b18-9ab2-4c08797d04a0,2026-09-10 09:23:18.966662+00
338,68,ARRIVED_DEST_PORT,2025-10-01 11:37:00+00,CARRIER_EDI,fecb51b2-cd62-43a0-80c7-2bba036d21b8,2026-09-10 09:23:18.966662+00
339,68,CUSTOMS_CLEARED,2025-10-05 07:22:00+00,CARRIER_EDI,80e211b9-fd59-4e3d-b13d-6d59c419784b,2026-09-10 09:23:18.966662+00
340,68,RECEIVED_FC,2025-10-10 08:09:00+00,WMS,23e07766-873a-4b84-a7dd-879e1c0f363b,2026-09-10 09:23:18.966662+00
341,69,BOOKED,2026-01-20 17:54:00+00,CARRIER_EDI,b1fa0222-b2dd-49ac-9aab-4256579fe720,2026-09-10 09:23:18.966662+00
342,69,DEPARTED_ORIGIN,2026-01-25 16:13:00+00,CARRIER_EDI,8c257b73-74c8-4e77-9f4f-81894e8f937b,2026-09-10 09:23:18.966662+00
343,69,ARRIVED_DEST_PORT,2026-02-12 08:14:00+00,CARRIER_EDI,e246f355-bc6a-448c-af76-504ec9ab4fa0,2026-09-10 09:23:18.966662+00
344,69,CUSTOMS_CLEARED,2026-02-15 11:47:00+00,CARRIER_EDI,aa58dab1-6b73-44e7-8760-c1f33ef8b0bb,2026-09-10 09:23:18.966662+00
345,69,RECEIVED_FC,2026-02-21 14:48:00+00,WMS,e879ee80-147d-4b09-99c3-7574ae1b9c13,2026-09-10 09:23:18.966662+00
346,70,BOOKED,2026-06-24 11:17:00+00,CARRIER_EDI,92a88a26-f5da-4b7d-ac55-2e0c81c8a6bb,2026-09-10 09:23:18.966662+00
347,70,DEPARTED_ORIGIN,2026-06-29 10:44:00+00,CARRIER_EDI,d0d16b08-7698-441d-8d96-853e1b3afbeb,2026-09-10 09:23:18.966662+00
348,70,ARRIVED_DEST_PORT,2026-07-11 13:16:00+00,CARRIER_EDI,b7580191-1893-4483-8169-c9868d2e685e,2026-09-10 09:23:18.966662+00
349,70,CUSTOMS_CLEARED,2026-07-14 10:27:00+00,CARRIER_EDI,fdda2610-a613-48b2-887e-ca89ae372499,2026-09-10 09:23:18.966662+00
350,70,RECEIVED_FC,2026-07-17 07:27:00+00,WMS,547d2ceb-c1a8-4354-85b0-ebb8cfed3faa,2026-09-10 09:23:18.966662+00
351,71,BOOKED,2026-08-04 12:52:00+00,CARRIER_EDI,e7338433-7699-4527-a3f4-5f107b99a890,2026-09-10 09:23:18.966662+00
352,71,DEPARTED_ORIGIN,2026-08-11 11:02:00+00,CARRIER_EDI,47021281-8c1a-41de-bb3b-fd213112952a,2026-09-10 09:23:18.966662+00
353,71,ARRIVED_DEST_PORT,2026-09-16 17:46:00+00,CARRIER_EDI,6faac997-7e49-40d0-9695-49308d8613fd,2026-09-10 09:23:18.966662+00
354,71,CUSTOMS_CLEARED,2026-09-19 09:31:00+00,CARRIER_EDI,3ebedd42-f9aa-40d3-a19d-c98d9190fbf0,2026-09-10 09:23:18.966662+00
355,71,RECEIVED_FC,2026-09-24 15:05:00+00,WMS,c01330fa-5bd5-4b04-9334-ae9783ee8bf3,2026-09-10 09:23:18.966662+00
356,72,BOOKED,2025-11-03 08:12:00+00,CARRIER_EDI,e8d2681e-e3a0-4c22-9db8-5b63c49d7a05,2026-09-10 09:23:18.966662+00
357,72,DEPARTED_ORIGIN,2025-11-08 09:31:00+00,CARRIER_EDI,9acd2226-05c1-4cf1-a5bf-200c8fdfbade,2026-09-10 09:23:18.966662+00
358,72,ARRIVED_DEST_PORT,2025-12-14 17:11:00+00,CARRIER_EDI,cc59ffc5-9767-417f-b759-d4c7542967c5,2026-09-10 09:23:18.966662+00
359,72,CUSTOMS_CLEARED,2025-12-16 06:05:00+00,CARRIER_EDI,c0bc416f-94d9-4cea-8959-2bbc3be745f7,2026-09-10 09:23:18.966662+00
360,72,RECEIVED_FC,2025-12-22 12:00:00+00,WMS,3a31e91b-0cc5-41db-9865-9ad10146eca0,2026-09-10 09:23:18.966662+00
361,73,BOOKED,2026-08-09 08:51:00+00,CARRIER_EDI,4de37a84-35a1-45e0-b845-279fd8564c56,2026-09-10 09:23:18.966662+00
362,73,DEPARTED_ORIGIN,2026-08-12 11:25:00+00,CARRIER_EDI,5335d2fe-cb37-4e63-8bfb-7d67ad801fc4,2026-09-10 09:23:18.966662+00
363,73,ARRIVED_DEST_PORT,2026-09-06 08:24:00+00,CARRIER_EDI,ad44ba72-65cc-4b63-b338-318990ec715b,2026-09-10 09:23:18.966662+00
364,73,CUSTOMS_CLEARED,2026-09-09 11:50:00+00,CARRIER_EDI,924c5d28-54ba-4521-b60d-7f347740788d,2026-09-10 09:23:18.966662+00
365,73,RECEIVED_FC,2026-09-13 13:54:00+00,WMS,89c610fe-87e3-476f-84c1-ff7ac4d1e7f5,2026-09-10 09:23:18.966662+00
366,74,BOOKED,2026-06-05 10:41:00+00,CARRIER_EDI,a8ac7ec4-1722-436d-a80a-2ac5b4266c8b,2026-09-10 09:23:18.966662+00
367,74,DEPARTED_ORIGIN,2026-06-12 10:22:00+00,CARRIER_EDI,521b7da9-ed04-46dc-b9ac-a345062aad9b,2026-09-10 09:23:18.966662+00
368,74,ARRIVED_DEST_PORT,2026-07-05 13:26:00+00,CARRIER_EDI,336b4631-977b-4d93-86a9-609ed0b9d39e,2026-09-10 09:23:18.966662+00
369,74,CUSTOMS_CLEARED,2026-07-08 17:02:00+00,CARRIER_EDI,b0624181-4f5f-40a1-af2a-ca90112bc134,2026-09-10 09:23:18.966662+00
370,74,RECEIVED_FC,2026-07-11 16:23:00+00,WMS,0f9962e8-fcee-4c51-b30b-d61b9129b4d8,2026-09-10 09:23:18.966662+00
371,75,BOOKED,2025-11-21 10:37:00+00,CARRIER_EDI,c04222ce-1cb9-405a-835d-214c85d2943c,2026-09-10 09:23:18.966662+00
372,75,DEPARTED_ORIGIN,2025-11-25 08:54:00+00,CARRIER_EDI,bd0ed2a6-861a-48f1-bd37-9189bca721a7,2026-09-10 09:23:18.966662+00
373,75,ARRIVED_DEST_PORT,2025-12-15 14:40:00+00,CARRIER_EDI,2406659b-8895-4d21-9084-ca166b313575,2026-09-10 09:23:18.966662+00
374,75,CUSTOMS_CLEARED,2025-12-18 09:34:00+00,CARRIER_EDI,83b6ed90-98ed-4a39-9f00-2a3c0c117eb6,2026-09-10 09:23:18.966662+00
375,75,RECEIVED_FC,2025-12-24 12:12:00+00,WMS,bc5051fd-1721-48d3-aa78-28685fc027ac,2026-09-10 09:23:18.966662+00
376,76,BOOKED,2026-01-18 12:56:00+00,CARRIER_EDI,2dce5a14-67c3-40bc-a233-3fb4a809631e,2026-09-10 09:23:18.966662+00
377,76,DEPARTED_ORIGIN,2026-01-23 15:16:00+00,CARRIER_EDI,42e958d7-278c-4196-aaa5-b88b6cdc7884,2026-09-10 09:23:18.966662+00
378,76,ARRIVED_DEST_PORT,2026-02-10 07:58:00+00,CARRIER_EDI,1c67ae80-f738-4c6d-827d-60e3ce58d38e,2026-09-10 09:23:18.966662+00
379,76,CUSTOMS_CLEARED,2026-02-11 08:08:00+00,CARRIER_EDI,f1f8bd94-358d-4b3c-ac87-0ba9b0a80e93,2026-09-10 09:23:18.966662+00
380,76,RECEIVED_FC,2026-02-17 11:46:00+00,WMS,92f78f5b-85eb-45ce-b44f-217dfc44c80a,2026-09-10 09:23:18.966662+00
381,77,BOOKED,2025-12-04 12:45:00+00,CARRIER_EDI,6ac9cf84-c0e2-4a8f-bc1b-0aab4a275bae,2026-09-10 09:23:18.966662+00
382,77,DEPARTED_ORIGIN,2025-12-10 15:14:00+00,CARRIER_EDI,5a64dcc7-f05f-46ab-842e-bce72ad5a147,2026-09-10 09:23:18.966662+00
383,77,ARRIVED_DEST_PORT,2026-01-12 14:56:00+00,CARRIER_EDI,d0d70b71-a084-42ad-9ca8-fd9683de069b,2026-09-10 09:23:18.966662+00
384,77,CUSTOMS_CLEARED,2026-01-14 08:17:00+00,CARRIER_EDI,fcce77fa-91c5-436a-9c72-523738c04802,2026-09-10 09:23:18.966662+00
385,77,RECEIVED_FC,2026-01-16 14:35:00+00,WMS,570a2ec6-ede1-4339-8230-d926f6bd23e7,2026-09-10 09:23:18.966662+00
386,78,BOOKED,2026-07-08 13:03:00+00,CARRIER_EDI,a01e1889-ca15-4045-9fbd-c358f62dc2d1,2026-09-10 09:23:18.966662+00
387,78,DEPARTED_ORIGIN,2026-07-14 10:45:00+00,CARRIER_EDI,5fff7ad2-7844-488f-bca3-49ec38d39187,2026-09-10 09:23:18.966662+00
388,78,ARRIVED_DEST_PORT,2026-08-07 14:37:00+00,CARRIER_EDI,c86c5d43-5975-4cbe-8d31-6500fb007b83,2026-09-10 09:23:18.966662+00
389,78,CUSTOMS_CLEARED,2026-08-08 08:00:00+00,CARRIER_EDI,0d005afe-2b50-42fa-80e4-9aec2e338130,2026-09-10 09:23:18.966662+00
390,78,RECEIVED_FC,2026-08-10 15:01:00+00,WMS,4836d2f6-6485-4880-a218-203b7abf7d0d,2026-09-10 09:23:18.966662+00
391,79,BOOKED,2025-10-28 17:06:00+00,CARRIER_EDI,e988a91b-2c8d-4876-b888-2595abbc7d9f,2026-09-10 09:23:18.966662+00
392,79,DEPARTED_ORIGIN,2025-10-31 09:36:00+00,CARRIER_EDI,09282ccc-9b01-45c4-90c3-40e7a1834245,2026-09-10 09:23:18.966662+00
393,79,ARRIVED_DEST_PORT,2025-11-24 12:54:00+00,CARRIER_EDI,c81c4934-098f-4549-920c-9af46d4d4c78,2026-09-10 09:23:18.966662+00
394,79,CUSTOMS_CLEARED,2025-11-25 15:05:00+00,CARRIER_EDI,7eacf4a6-42ee-4006-89a3-7cd6d89a2a5a,2026-09-10 09:23:18.966662+00
395,79,RECEIVED_FC,2025-12-01 13:49:00+00,WMS,943ac8a4-cd2d-483c-9be0-1371ff17a8ea,2026-09-10 09:23:18.966662+00
396,80,BOOKED,2026-01-04 11:28:00+00,CARRIER_EDI,c1397db9-9c10-421b-a9d3-89f92dbbc1f8,2026-09-10 09:23:18.966662+00
397,80,DEPARTED_ORIGIN,2026-01-11 07:32:00+00,CARRIER_EDI,60574cf7-2f22-46fb-8b68-6e07c3e45649,2026-09-10 09:23:18.966662+00
398,80,ARRIVED_DEST_PORT,2026-02-19 17:58:00+00,CARRIER_EDI,cd3d4a02-50a0-434c-b1d0-afaae2177213,2026-09-10 09:23:18.966662+00
399,80,CUSTOMS_CLEARED,2026-02-20 08:57:00+00,CARRIER_EDI,8532b353-62ba-4e2f-8966-93c1bb5494f4,2026-09-10 09:23:18.966662+00
400,80,RECEIVED_FC,2026-02-23 11:49:00+00,WMS,dbe4e257-2c71-48a1-a522-c10633b50523,2026-09-10 09:23:18.966662+00
401,81,BOOKED,2026-08-02 09:59:00+00,CARRIER_EDI,4a2c75e2-b32b-4322-9ca2-599c961f33f6,2026-09-10 09:23:18.966662+00
402,81,DEPARTED_ORIGIN,2026-08-06 12:57:00+00,CARRIER_EDI,b332662c-cfb1-4bb9-a2a0-30cf1ccc622b,2026-09-10 09:23:18.966662+00
403,81,ARRIVED_DEST_PORT,2026-09-23 08:36:00+00,CARRIER_EDI,24b9cf4a-f706-4b83-bfc2-d165d683b6e0,2026-09-10 09:23:18.966662+00
404,81,CUSTOMS_CLEARED,2026-09-24 13:53:00+00,CARRIER_EDI,1a55aafe-a1a9-407a-b98e-8be017d4df6e,2026-09-10 09:23:18.966662+00
405,81,RECEIVED_FC,2026-09-29 15:35:00+00,WMS,fa342a0d-e5db-4602-b5eb-ad6bdd66db57,2026-09-10 09:23:18.966662+00
406,82,BOOKED,2026-08-07 14:13:00+00,CARRIER_EDI,3bd7a6e5-b1a3-4bee-820a-45e480231409,2026-09-10 09:23:18.966662+00
407,82,DEPARTED_ORIGIN,2026-08-12 06:24:00+00,CARRIER_EDI,f3c55d3c-c03e-4427-9d94-841f2f292696,2026-09-10 09:23:18.966662+00
408,82,ARRIVED_DEST_PORT,2026-09-03 17:43:00+00,CARRIER_EDI,b601e248-afab-4609-99af-4f63a59b0b55,2026-09-10 09:23:18.966662+00
409,82,CUSTOMS_CLEARED,2026-09-05 16:00:00+00,CARRIER_EDI,44a64101-d885-46b2-8c23-f695b7afda60,2026-09-10 09:23:18.966662+00
410,82,RECEIVED_FC,2026-09-10 08:30:00+00,WMS,129ccf41-29e8-4cc7-8198-7a9f2b38a09b,2026-09-10 09:23:18.966662+00
411,83,BOOKED,2026-06-26 11:58:00+00,CARRIER_EDI,d4a48605-fd0d-40fd-a1c2-012d58c21d16,2026-09-10 09:23:18.966662+00
412,83,DEPARTED_ORIGIN,2026-06-29 13:10:00+00,CARRIER_EDI,992afd6f-e72f-44eb-abac-decf5f31b15b,2026-09-10 09:23:18.966662+00
413,83,ARRIVED_DEST_PORT,2026-08-03 17:20:00+00,CARRIER_EDI,0ed4c99a-082a-4276-9d68-d42afc9e9cee,2026-09-10 09:23:18.966662+00
414,83,CUSTOMS_CLEARED,2026-08-04 10:50:00+00,CARRIER_EDI,e52be26b-cb28-4383-8776-f19dfd433f0f,2026-09-10 09:23:18.966662+00
415,83,RECEIVED_FC,2026-08-07 08:22:00+00,WMS,ac284ff2-b8fa-437f-a8d6-f7251e647716,2026-09-10 09:23:18.966662+00
416,84,BOOKED,2025-10-29 09:17:00+00,CARRIER_EDI,417b70fe-88bd-40c8-a718-5f4eac72c198,2026-09-10 09:23:18.966662+00
417,84,DEPARTED_ORIGIN,2025-11-01 09:38:00+00,CARRIER_EDI,8f5313c5-d5c1-4912-96b0-67acd345ddbe,2026-09-10 09:23:18.966662+00
418,84,ARRIVED_DEST_PORT,2025-11-28 08:34:00+00,CARRIER_EDI,ddfccce0-7e88-46b3-b734-d4dc677e8fbb,2026-09-10 09:23:18.966662+00
419,84,CUSTOMS_CLEARED,2025-11-29 07:06:00+00,CARRIER_EDI,a3ee1f4f-8dac-46d4-afed-d411cfacd9c6,2026-09-10 09:23:18.966662+00
420,84,RECEIVED_FC,2025-12-04 12:29:00+00,WMS,55be9a10-6c2d-4356-b9b7-439729d33c1a,2026-09-10 09:23:18.966662+00
421,85,BOOKED,2026-06-18 17:55:00+00,CARRIER_EDI,631007d3-e356-4bb9-a143-f54ea5b66392,2026-09-10 09:23:18.966662+00
422,85,DEPARTED_ORIGIN,2026-06-21 12:36:00+00,CARRIER_EDI,37fa89e9-4bf7-44fd-8f21-e6c656dfa68a,2026-09-10 09:23:18.966662+00
423,85,ARRIVED_DEST_PORT,2026-07-17 09:41:00+00,CARRIER_EDI,5b07cd37-8e0b-464b-9f21-e4482d14c676,2026-09-10 09:23:18.966662+00
424,85,CUSTOMS_CLEARED,2026-07-19 15:29:00+00,CARRIER_EDI,7c7aff0b-13cf-4401-8ceb-9192fc5a8e4a,2026-09-10 09:23:18.966662+00
425,85,RECEIVED_FC,2026-07-23 13:04:00+00,WMS,a629b50f-9c99-45ed-8573-dfb78c5c28ff,2026-09-10 09:23:18.966662+00
426,86,BOOKED,2026-07-27 08:54:00+00,CARRIER_EDI,9269663f-686d-4daa-aec9-9aacc73dcab2,2026-09-10 09:23:18.966662+00
427,86,DEPARTED_ORIGIN,2026-08-02 11:08:00+00,CARRIER_EDI,4629964c-2e7b-4d91-9838-3730d5833d86,2026-09-10 09:23:18.966662+00
428,86,ARRIVED_DEST_PORT,2026-08-23 16:53:00+00,CARRIER_EDI,5e0af73a-b80e-4bf4-941c-cb2f28faf446,2026-09-10 09:23:18.966662+00
429,86,CUSTOMS_CLEARED,2026-08-26 06:06:00+00,CARRIER_EDI,c31b9772-5209-40ee-a2f4-50fb975b66a8,2026-09-10 09:23:18.966662+00
430,86,RECEIVED_FC,2026-08-30 08:01:00+00,WMS,b0ae5fee-4674-453d-a0be-d25441e9d49f,2026-09-10 09:23:18.966662+00
431,87,BOOKED,2026-02-26 12:52:00+00,CARRIER_EDI,192a070b-a33c-4ccb-8f83-a38e60033696,2026-09-10 09:23:18.966662+00
432,87,DEPARTED_ORIGIN,2026-03-01 16:29:00+00,CARRIER_EDI,0be5e6e9-f3a3-4d85-a40e-2ef03afa2c99,2026-09-10 09:23:18.966662+00
433,87,ARRIVED_DEST_PORT,2026-03-28 11:34:00+00,CARRIER_EDI,8cd1c574-ab17-4439-ab13-62c873fe8f58,2026-09-10 09:23:18.966662+00
434,87,CUSTOMS_CLEARED,2026-03-30 17:16:00+00,CARRIER_EDI,f24c168a-2f58-403e-93c4-97738883cd72,2026-09-10 09:23:18.966662+00
435,87,RECEIVED_FC,2026-04-02 13:55:00+00,WMS,2022735d-6c5d-43a1-af82-46f0df85fef0,2026-09-10 09:23:18.966662+00
436,88,BOOKED,2026-01-14 07:04:00+00,CARRIER_EDI,8c700fa6-27e2-4afc-a9e0-33ea9b42bf46,2026-09-10 09:23:18.966662+00
437,88,DEPARTED_ORIGIN,2026-01-17 11:01:00+00,CARRIER_EDI,cd00d1b3-6c33-407b-bf99-aaf4580284da,2026-09-10 09:23:18.966662+00
438,88,ARRIVED_DEST_PORT,2026-02-06 10:33:00+00,CARRIER_EDI,24672f79-6e6a-4be2-9d35-b95426b28c27,2026-09-10 09:23:18.966662+00
439,88,CUSTOMS_CLEARED,2026-02-07 06:29:00+00,CARRIER_EDI,012ff468-0333-4c64-b196-8384f37f10e0,2026-09-10 09:23:18.966662+00
440,88,RECEIVED_FC,2026-02-10 08:28:00+00,WMS,44e704fe-c0f4-4c28-be10-cefb2360661e,2026-09-10 09:23:18.966662+00
441,89,BOOKED,2025-12-15 06:50:00+00,CARRIER_EDI,a32f0bed-979c-4a3e-b249-7ef0ceefe78a,2026-09-10 09:23:18.966662+00
442,89,DEPARTED_ORIGIN,2025-12-21 11:06:00+00,CARRIER_EDI,b71ddd54-e233-46dc-975c-476f04e577f0,2026-09-10 09:23:18.966662+00
443,89,ARRIVED_DEST_PORT,2026-01-03 12:46:00+00,CARRIER_EDI,f5e6e5b0-45b2-4ef8-9a58-47bbd6828498,2026-09-10 09:23:18.966662+00
444,89,CUSTOMS_CLEARED,2026-01-06 15:50:00+00,CARRIER_EDI,5be0a29c-c401-4903-96d9-c0c906b55a3b,2026-09-10 09:23:18.966662+00
445,89,RECEIVED_FC,2026-01-09 06:29:00+00,WMS,682a48e8-c2ca-4a9b-aae9-5c77acc995eb,2026-09-10 09:23:18.966662+00
446,90,BOOKED,2026-02-20 13:16:00+00,CARRIER_EDI,7278f5b7-dfd8-4702-aa1b-c0c44193fa01,2026-09-10 09:23:18.966662+00
447,90,DEPARTED_ORIGIN,2026-02-26 11:38:00+00,CARRIER_EDI,8f556a0b-0301-4a9a-9fad-50f767172280,2026-09-10 09:23:18.966662+00
448,90,ARRIVED_DEST_PORT,2026-03-24 17:13:00+00,CARRIER_EDI,e68e09c2-8daa-4847-a100-33899e1e68b0,2026-09-10 09:23:18.966662+00
449,90,CUSTOMS_CLEARED,2026-03-28 14:55:00+00,CARRIER_EDI,f5b9ed7b-effc-4053-9421-dea3840935b6,2026-09-10 09:23:18.966662+00
450,90,RECEIVED_FC,2026-04-02 08:52:00+00,WMS,f42e0c52-2964-4e40-b9f3-d8c78713463c,2026-09-10 09:23:18.966662+00
451,91,BOOKED,2025-12-20 15:50:00+00,CARRIER_EDI,0b7aa23c-725c-49e4-949f-dcd7bae4cf13,2026-09-10 09:23:18.966662+00
452,91,DEPARTED_ORIGIN,2025-12-25 07:40:00+00,CARRIER_EDI,56285524-38f4-4764-9e11-66308964d56d,2026-09-10 09:23:18.966662+00
453,91,ARRIVED_DEST_PORT,2026-01-16 13:49:00+00,CARRIER_EDI,10b5749c-ec4f-4ac8-b49e-a19c16e884b1,2026-09-10 09:23:18.966662+00
454,91,CUSTOMS_CLEARED,2026-01-19 09:45:00+00,CARRIER_EDI,7cba2f19-9ba5-4a58-8da4-98d372d29667,2026-09-10 09:23:18.966662+00
455,91,RECEIVED_FC,2026-01-25 09:50:00+00,WMS,3886f6d4-09f4-4e51-a0a1-6bb48ae83add,2026-09-10 09:23:18.966662+00
456,92,BOOKED,2026-04-09 10:02:00+00,CARRIER_EDI,65d74b49-d715-4d12-9978-b7c8b4610795,2026-09-10 09:23:18.966662+00
457,92,DEPARTED_ORIGIN,2026-04-16 13:32:00+00,CARRIER_EDI,c3412eae-a110-402b-975a-69866572d26b,2026-09-10 09:23:18.966662+00
458,92,ARRIVED_DEST_PORT,2026-05-10 07:39:00+00,CARRIER_EDI,76190ccd-02e9-481b-b059-0d4ed4385a35,2026-09-10 09:23:18.966662+00
459,92,CUSTOMS_CLEARED,2026-05-14 16:40:00+00,CARRIER_EDI,b89be89d-bfa8-42ff-a755-958728c757ee,2026-09-10 09:23:18.966662+00
460,92,RECEIVED_FC,2026-05-17 11:01:00+00,WMS,c1a3149e-9d25-4ecd-b09a-1f4731638e63,2026-09-10 09:23:18.966662+00
461,93,BOOKED,2026-08-09 15:41:00+00,CARRIER_EDI,749792ba-1b6e-4112-bacd-b132214633ac,2026-09-10 09:23:18.966662+00
462,93,DEPARTED_ORIGIN,2026-08-13 14:22:00+00,CARRIER_EDI,bc352326-f239-4bbf-bff0-c275982cb003,2026-09-10 09:23:18.966662+00
463,93,ARRIVED_DEST_PORT,2026-09-10 16:52:00+00,CARRIER_EDI,95ab22d0-c47c-4a20-a8c1-914e6af22705,2026-09-10 09:23:18.966662+00
464,93,CUSTOMS_CLEARED,2026-09-12 14:16:00+00,CARRIER_EDI,633b5cd5-39c8-406c-8c80-33b2e1671e52,2026-09-10 09:23:18.966662+00
465,93,RECEIVED_FC,2026-09-14 09:28:00+00,WMS,9b77f6a8-7ee7-445d-ab3d-c506f0e02e4d,2026-09-10 09:23:18.966662+00
466,94,BOOKED,2026-02-03 15:45:00+00,CARRIER_EDI,8b915099-b2ea-4420-bb06-07a88a8d790f,2026-09-10 09:23:18.966662+00
467,94,DEPARTED_ORIGIN,2026-02-08 06:07:00+00,CARRIER_EDI,25b6459d-7fce-4c0a-a88c-befd939ce37c,2026-09-10 09:23:18.966662+00
468,94,ARRIVED_DEST_PORT,2026-03-10 07:11:00+00,CARRIER_EDI,786a0072-7d43-420c-a1dc-8904f70614f1,2026-09-10 09:23:18.966662+00
469,94,CUSTOMS_CLEARED,2026-03-11 15:02:00+00,CARRIER_EDI,90437aaf-5a72-4d38-b37d-4183a8791884,2026-09-10 09:23:18.966662+00
470,94,RECEIVED_FC,2026-03-13 09:55:00+00,WMS,5a6dab2b-19ad-48f6-ac2c-176ecc776db5,2026-09-10 09:23:18.966662+00
471,95,BOOKED,2025-12-31 13:45:00+00,CARRIER_EDI,ee1230b8-1b4a-4874-a50c-d8e40af36d4d,2026-09-10 09:23:18.966662+00
472,95,DEPARTED_ORIGIN,2026-01-07 13:52:00+00,CARRIER_EDI,c2d78ed8-4fd9-48ee-a3d1-c56ccb9a5fea,2026-09-10 09:23:18.966662+00
473,95,ARRIVED_DEST_PORT,2026-02-07 07:02:00+00,CARRIER_EDI,0c9bd42e-0cc7-424d-b76a-a0b2986cbf03,2026-09-10 09:23:18.966662+00
474,95,CUSTOMS_CLEARED,2026-02-08 06:27:00+00,CARRIER_EDI,e41aca22-c4e5-4a98-881f-af14054981ad,2026-09-10 09:23:18.966662+00
475,95,RECEIVED_FC,2026-02-13 06:45:00+00,WMS,45f7f73f-2c7c-45a2-b125-6e45d05e188e,2026-09-10 09:23:18.966662+00
476,96,BOOKED,2026-07-13 12:59:00+00,CARRIER_EDI,9157f82d-e5f2-49cf-a04e-f34843c243ea,2026-09-10 09:23:18.966662+00
477,96,DEPARTED_ORIGIN,2026-07-16 10:03:00+00,CARRIER_EDI,d746fd85-965e-4479-a3d0-17366d267de1,2026-09-10 09:23:18.966662+00
478,96,ARRIVED_DEST_PORT,2026-08-02 14:34:00+00,CARRIER_EDI,29a510f2-b867-4c76-a2a9-bb954130a0b8,2026-09-10 09:23:18.966662+00
479,96,CUSTOMS_CLEARED,2026-08-04 07:54:00+00,CARRIER_EDI,29104f27-00c9-4949-90fc-19509458dcee,2026-09-10 09:23:18.966662+00
480,96,RECEIVED_FC,2026-08-08 07:37:00+00,WMS,0814142c-ec53-4899-abbe-a45e2db6dc86,2026-09-10 09:23:18.966662+00
481,97,BOOKED,2026-05-26 10:45:00+00,CARRIER_EDI,8ea6ee6f-43c1-44ea-841f-e9b60e631842,2026-09-10 09:23:18.966662+00
482,97,DEPARTED_ORIGIN,2026-05-29 12:53:00+00,CARRIER_EDI,4138dba1-b332-47d6-bb35-4df4f9e22f3b,2026-09-10 09:23:18.966662+00
483,97,ARRIVED_DEST_PORT,2026-06-27 13:45:00+00,CARRIER_EDI,6d7bd7ac-1334-4ae5-87e6-4969637f2512,2026-09-10 09:23:18.966662+00
484,97,CUSTOMS_CLEARED,2026-07-01 10:52:00+00,CARRIER_EDI,7e33bac0-01cf-49d9-bcd3-5f20ee320df6,2026-09-10 09:23:18.966662+00
485,97,RECEIVED_FC,2026-07-03 09:24:00+00,WMS,1fdc45c4-b800-454d-a50a-700c6843dd35,2026-09-10 09:23:18.966662+00
486,98,BOOKED,2025-10-28 13:57:00+00,CARRIER_EDI,40f54c14-390e-4113-b073-33acf07a69aa,2026-09-10 09:23:18.966662+00
487,98,DEPARTED_ORIGIN,2025-10-31 13:59:00+00,CARRIER_EDI,70be8679-7616-4551-acd2-52ed70062bbc,2026-09-10 09:23:18.966662+00
488,98,ARRIVED_DEST_PORT,2025-11-12 17:27:00+00,CARRIER_EDI,24c37c53-abcf-4e74-bdc1-467267bd205b,2026-09-10 09:23:18.966662+00
489,98,CUSTOMS_CLEARED,2025-11-13 07:05:00+00,CARRIER_EDI,cdc45632-bb49-44c3-be59-abc7db17c838,2026-09-10 09:23:18.966662+00
490,98,RECEIVED_FC,2025-11-19 10:47:00+00,WMS,28855569-7fcd-4923-a5a8-beff109e7bbf,2026-09-10 09:23:18.966662+00
491,99,BOOKED,2025-12-22 15:37:00+00,CARRIER_EDI,77a41de8-e86d-4f8d-a1ff-97eb8099819d,2026-09-10 09:23:18.966662+00
492,99,DEPARTED_ORIGIN,2025-12-27 12:09:00+00,CARRIER_EDI,632329ac-3623-4d2f-a2de-fa244ee5ef75,2026-09-10 09:23:18.966662+00
493,99,ARRIVED_DEST_PORT,2026-01-18 08:50:00+00,CARRIER_EDI,16e1168d-5ca5-4fe8-8a53-af42c2d9ded7,2026-09-10 09:23:18.966662+00
494,99,CUSTOMS_CLEARED,2026-01-21 14:41:00+00,CARRIER_EDI,c02212a2-48b1-4cce-88ce-484939f973bc,2026-09-10 09:23:18.966662+00
495,99,RECEIVED_FC,2026-01-25 14:43:00+00,WMS,377f0a96-1464-40cf-af35-0f23a4938020,2026-09-10 09:23:18.966662+00
496,100,BOOKED,2026-03-21 17:45:00+00,CARRIER_EDI,118e61ad-a543-48f0-8d06-ae4a4713a804,2026-09-10 09:23:18.966662+00
497,100,DEPARTED_ORIGIN,2026-03-27 15:07:00+00,CARRIER_EDI,aeeb5e3b-dbdf-48d5-9b50-40593893ca38,2026-09-10 09:23:18.966662+00
498,100,ARRIVED_DEST_PORT,2026-05-01 13:52:00+00,CARRIER_EDI,c473397f-8792-445a-bd97-6af650f806f0,2026-09-10 09:23:18.966662+00
499,100,CUSTOMS_CLEARED,2026-05-03 07:24:00+00,CARRIER_EDI,98d62d51-1a20-4183-b5ca-49b7110b137f,2026-09-10 09:23:18.966662+00
500,100,RECEIVED_FC,2026-05-05 11:16:00+00,WMS,315918fd-c6c8-47f8-866a-dd99e6066824,2026-09-10 09:23:18.966662+00
501,101,BOOKED,2025-11-15 11:16:00+00,CARRIER_EDI,92a33488-b3a7-492a-b92a-a232fe1844ff,2026-09-10 09:23:18.966662+00
502,101,DEPARTED_ORIGIN,2025-11-18 15:29:00+00,CARRIER_EDI,cffacda5-94db-44f3-bfac-e1c3d4b0e756,2026-09-10 09:23:18.966662+00
503,101,ARRIVED_DEST_PORT,2025-12-14 08:59:00+00,CARRIER_EDI,9a6bd6d5-e92c-470c-b9b0-bf78d4c441f9,2026-09-10 09:23:18.966662+00
504,101,CUSTOMS_CLEARED,2025-12-15 06:59:00+00,CARRIER_EDI,c7a653f6-5411-40a1-a1f1-97473b303cf9,2026-09-10 09:23:18.966662+00
505,101,RECEIVED_FC,2025-12-21 11:46:00+00,WMS,1f2c6bce-73f2-416f-a87c-d7052fc86d24,2026-09-10 09:23:18.966662+00
506,102,BOOKED,2026-06-09 08:36:00+00,CARRIER_EDI,a441e781-5a8a-4f2b-bfa1-ceb4bcc97323,2026-09-10 09:23:18.966662+00
507,102,DEPARTED_ORIGIN,2026-06-12 07:20:00+00,CARRIER_EDI,6c4a9ffa-4259-4ed7-b6ec-6f40873a549d,2026-09-10 09:23:18.966662+00
508,102,ARRIVED_DEST_PORT,2026-07-10 16:42:00+00,CARRIER_EDI,16d26e30-a9a1-45b8-a013-7ef71300a38f,2026-09-10 09:23:18.966662+00
509,102,CUSTOMS_CLEARED,2026-07-12 10:35:00+00,CARRIER_EDI,502c7982-7be6-4ef5-94a3-95998dbed5fe,2026-09-10 09:23:18.966662+00
510,102,RECEIVED_FC,2026-07-15 07:48:00+00,WMS,7f5d9085-ffcb-4027-b498-0efcc0ca6462,2026-09-10 09:23:18.966662+00
511,103,BOOKED,2026-08-03 11:04:00+00,CARRIER_EDI,20f63838-6cea-48d6-9b72-ac1c3d441335,2026-09-10 09:23:18.966662+00
512,103,DEPARTED_ORIGIN,2026-08-06 13:54:00+00,CARRIER_EDI,17f3927f-e06a-45fa-afda-dd471f803e94,2026-09-10 09:23:18.966662+00
513,103,ARRIVED_DEST_PORT,2026-09-02 07:53:00+00,CARRIER_EDI,9ff3a890-950a-4e32-a403-154da463e69f,2026-09-10 09:23:18.966662+00
514,103,CUSTOMS_CLEARED,2026-09-05 07:19:00+00,CARRIER_EDI,dbc3a96a-09bb-4394-9b60-1a7925738edd,2026-09-10 09:23:18.966662+00
515,103,RECEIVED_FC,2026-09-07 13:18:00+00,WMS,f0e021ec-0cce-42fb-86ca-29cfe345d452,2026-09-10 09:23:18.966662+00
516,104,BOOKED,2025-10-04 06:19:00+00,CARRIER_EDI,4a57b795-c0c8-4db8-8080-ece957874575,2026-09-10 09:23:18.966662+00
517,104,DEPARTED_ORIGIN,2025-10-11 09:46:00+00,CARRIER_EDI,9c2dff34-e1f5-4bec-9664-8504abe7d8f6,2026-09-10 09:23:18.966662+00
518,104,ARRIVED_DEST_PORT,2025-10-31 15:41:00+00,CARRIER_EDI,f63f9ded-2862-4d55-8243-7f75a05c75ae,2026-09-10 09:23:18.966662+00
519,104,CUSTOMS_CLEARED,2025-11-02 13:44:00+00,CARRIER_EDI,e1eeceb0-7bc6-4a5b-a3c4-49d6c3113ce9,2026-09-10 09:23:18.966662+00
520,104,RECEIVED_FC,2025-11-07 10:52:00+00,WMS,d9ae8b72-749a-4013-a251-16ea26bddd01,2026-09-10 09:23:18.966662+00
521,105,BOOKED,2025-10-06 12:22:00+00,CARRIER_EDI,8157b509-c108-405d-9397-b2d8913ad7dc,2026-09-10 09:23:18.966662+00
522,105,DEPARTED_ORIGIN,2025-10-12 08:04:00+00,CARRIER_EDI,f78d33bb-ab7b-4ac5-bd23-7ce8f417d8e1,2026-09-10 09:23:18.966662+00
523,105,ARRIVED_DEST_PORT,2025-11-05 08:29:00+00,CARRIER_EDI,fed92229-c63f-4bd4-b622-a77988136f72,2026-09-10 09:23:18.966662+00
524,105,CUSTOMS_CLEARED,2025-11-07 11:16:00+00,CARRIER_EDI,474f867a-a4a0-4a92-9a45-f8d19e065874,2026-09-10 09:23:18.966662+00
525,105,RECEIVED_FC,2025-11-13 14:27:00+00,WMS,d6978aca-fb8f-4b9a-9557-b723624a85a4,2026-09-10 09:23:18.966662+00
526,106,BOOKED,2026-07-06 08:49:00+00,CARRIER_EDI,bf1bf456-1dae-490e-aca4-7c77093f163a,2026-09-10 09:23:18.966662+00
527,106,DEPARTED_ORIGIN,2026-07-11 13:30:00+00,CARRIER_EDI,8b06033a-aa1c-46ba-aee9-b183a0a390d0,2026-09-10 09:23:18.966662+00
528,106,ARRIVED_DEST_PORT,2026-08-09 09:38:00+00,CARRIER_EDI,e550571c-8988-45a3-b3bf-2ca9962f5bfb,2026-09-10 09:23:18.966662+00
529,106,CUSTOMS_CLEARED,2026-08-13 16:02:00+00,CARRIER_EDI,0a719f95-1e76-4b43-9c25-85901e47140e,2026-09-10 09:23:18.966662+00
530,106,RECEIVED_FC,2026-08-16 17:18:00+00,WMS,8c5da2e5-ce23-44b0-8288-2ef5afca8415,2026-09-10 09:23:18.966662+00
531,107,BOOKED,2026-07-06 11:05:00+00,CARRIER_EDI,99ba4025-d0db-4ba2-a72e-943ceff16bc9,2026-09-10 09:23:18.966662+00
532,107,DEPARTED_ORIGIN,2026-07-09 06:33:00+00,CARRIER_EDI,29c3dc02-1ea8-4e29-acb0-bba2f8fb53ef,2026-09-10 09:23:18.966662+00
533,107,ARRIVED_DEST_PORT,2026-08-08 17:26:00+00,CARRIER_EDI,5037c76b-4a8d-45e6-a8a2-a058961034e8,2026-09-10 09:23:18.966662+00
534,107,CUSTOMS_CLEARED,2026-08-09 11:29:00+00,CARRIER_EDI,21202029-20bf-412c-8cee-22461066ce74,2026-09-10 09:23:18.966662+00
535,107,RECEIVED_FC,2026-08-13 15:42:00+00,WMS,776252e8-63a0-46aa-8f27-3033f81f01e7,2026-09-10 09:23:18.966662+00
536,108,BOOKED,2026-05-07 10:39:00+00,CARRIER_EDI,d41ae934-e8d0-48f9-a93b-8cfb89ca7e0e,2026-09-10 09:23:18.966662+00
537,108,DEPARTED_ORIGIN,2026-05-13 16:01:00+00,CARRIER_EDI,5d3f0dc6-b628-402e-be36-d9e96a076ee1,2026-09-10 09:23:18.966662+00
538,108,ARRIVED_DEST_PORT,2026-05-30 11:57:00+00,CARRIER_EDI,cb152729-76ec-45aa-a434-70651d58b479,2026-09-10 09:23:18.966662+00
539,108,CUSTOMS_CLEARED,2026-05-31 10:07:00+00,CARRIER_EDI,9515ba7d-e609-4409-bb39-80d8a3b72b2e,2026-09-10 09:23:18.966662+00
540,108,RECEIVED_FC,2026-06-02 09:22:00+00,WMS,200d5a0f-f8b7-4fac-80cd-8b5246dcb40a,2026-09-10 09:23:18.966662+00
541,109,BOOKED,2026-03-13 16:19:00+00,CARRIER_EDI,74e38529-e0ec-408c-82e1-839f9f209f55,2026-09-10 09:23:18.966662+00
542,109,DEPARTED_ORIGIN,2026-03-17 11:07:00+00,CARRIER_EDI,51ab40a2-32ea-44ec-a975-f3f2b48d8eb4,2026-09-10 09:23:18.966662+00
543,109,ARRIVED_DEST_PORT,2026-04-13 17:46:00+00,CARRIER_EDI,9239f379-09c9-433b-9cb9-64242329e0b2,2026-09-10 09:23:18.966662+00
544,109,CUSTOMS_CLEARED,2026-04-17 15:47:00+00,CARRIER_EDI,ad4867fd-e901-4493-83f9-e1f5568e21b1,2026-09-10 09:23:18.966662+00
545,109,RECEIVED_FC,2026-04-19 09:18:00+00,WMS,ffd9e4c1-f945-4ff8-9c49-fd6074760ac5,2026-09-10 09:23:18.966662+00
546,110,BOOKED,2026-03-12 07:22:00+00,CARRIER_EDI,65a65bb2-c7b9-4f35-b3a2-d7c9b14a986e,2026-09-10 09:23:18.966662+00
547,110,DEPARTED_ORIGIN,2026-03-15 10:50:00+00,CARRIER_EDI,9fb4333c-465c-4446-b72f-dbbb1b599fcf,2026-09-10 09:23:18.966662+00
548,110,ARRIVED_DEST_PORT,2026-04-14 13:43:00+00,CARRIER_EDI,11da5bd7-aa92-4674-87f3-94a78032b93a,2026-09-10 09:23:18.966662+00
549,110,CUSTOMS_CLEARED,2026-04-18 16:34:00+00,CARRIER_EDI,001a35cb-989b-48f4-8706-411cf13fd4b5,2026-09-10 09:23:18.966662+00
550,110,RECEIVED_FC,2026-04-21 07:58:00+00,WMS,1e39c26b-6411-4ca4-85f3-ef166ea81b8c,2026-09-10 09:23:18.966662+00
551,111,BOOKED,2026-06-23 07:07:00+00,CARRIER_EDI,e57eba2a-220c-4848-963f-e83873b151b2,2026-09-10 09:23:18.966662+00
552,111,DEPARTED_ORIGIN,2026-06-26 06:03:00+00,CARRIER_EDI,0fa72e41-a17d-4078-9915-791b3a042333,2026-09-10 09:23:18.966662+00
553,111,ARRIVED_DEST_PORT,2026-08-06 15:25:00+00,CARRIER_EDI,dfeac791-95ca-4dde-b6f6-fc6783b693c7,2026-09-10 09:23:18.966662+00
554,111,CUSTOMS_CLEARED,2026-08-09 15:24:00+00,CARRIER_EDI,f5000281-2f20-45ff-9b15-3a7de820c1d4,2026-09-10 09:23:18.966662+00
555,111,RECEIVED_FC,2026-08-11 13:45:00+00,WMS,aba84a8c-3a61-41bc-9305-24eb2be46d5d,2026-09-10 09:23:18.966662+00
556,112,BOOKED,2025-09-04 16:16:00+00,CARRIER_EDI,fd43002d-5454-4647-8909-2f81a72e6a6e,2026-09-10 09:23:18.966662+00
557,112,DEPARTED_ORIGIN,2025-09-11 16:29:00+00,CARRIER_EDI,75d5a727-5142-4402-a186-857eac1e3c7d,2026-09-10 09:23:18.966662+00
558,112,ARRIVED_DEST_PORT,2025-10-01 17:56:00+00,CARRIER_EDI,b5ca9a88-8281-41c1-bcc6-cb95db169499,2026-09-10 09:23:18.966662+00
559,112,CUSTOMS_CLEARED,2025-10-05 16:28:00+00,CARRIER_EDI,4e645197-3745-4386-a8cb-ea27e0480eae,2026-09-10 09:23:18.966662+00
560,112,RECEIVED_FC,2025-10-08 16:06:00+00,WMS,7f0d2596-588c-4a5e-9e90-2a01a332e99e,2026-09-10 09:23:18.966662+00
561,113,BOOKED,2026-02-20 17:23:00+00,CARRIER_EDI,017a52ec-2e9d-498b-be9d-65aebed8337e,2026-09-10 09:23:18.966662+00
562,113,DEPARTED_ORIGIN,2026-02-27 06:41:00+00,CARRIER_EDI,5e04e852-7e62-4e30-bebf-6d6b589a69b2,2026-09-10 09:23:18.966662+00
563,113,ARRIVED_DEST_PORT,2026-03-22 13:22:00+00,CARRIER_EDI,6f57c56b-774f-4d65-97ec-792d56e96ec5,2026-09-10 09:23:18.966662+00
564,113,CUSTOMS_CLEARED,2026-03-24 14:01:00+00,CARRIER_EDI,c1ca9aca-9aa4-4820-a56c-d55499b2abe5,2026-09-10 09:23:18.966662+00
565,113,RECEIVED_FC,2026-03-30 07:47:00+00,WMS,cdb21f8f-ce26-46e4-9a18-b00f83def4c2,2026-09-10 09:23:18.966662+00
566,114,BOOKED,2026-07-10 06:45:00+00,CARRIER_EDI,6da1a021-c17b-4ff8-b8c7-f40cfa92a12b,2026-09-10 09:23:18.966662+00
567,114,DEPARTED_ORIGIN,2026-07-14 13:00:00+00,CARRIER_EDI,3141d9ad-baa9-485e-a9e9-1853d7c439c0,2026-09-10 09:23:18.966662+00
568,114,ARRIVED_DEST_PORT,2026-08-02 11:03:00+00,CARRIER_EDI,02c8035b-215d-4c18-9d40-3f7f48fe0325,2026-09-10 09:23:18.966662+00
569,114,CUSTOMS_CLEARED,2026-08-03 13:54:00+00,CARRIER_EDI,9ed7a530-29cb-4d0c-82fe-5e137d80c809,2026-09-10 09:23:18.966662+00
570,114,RECEIVED_FC,2026-08-07 06:40:00+00,WMS,3659be65-573c-4136-a1c2-b1595a829149,2026-09-10 09:23:18.966662+00
571,115,BOOKED,2025-11-26 10:31:00+00,CARRIER_EDI,9e84f570-2955-4515-8d46-79fb5ca0c1d3,2026-09-10 09:23:18.966662+00
572,115,DEPARTED_ORIGIN,2025-12-01 15:24:00+00,CARRIER_EDI,a018a31e-c2d3-4e29-9289-9bbddda2dde1,2026-09-10 09:23:18.966662+00
573,115,ARRIVED_DEST_PORT,2025-12-30 12:46:00+00,CARRIER_EDI,787d9441-00e1-420e-8e53-83a95cf44add,2026-09-10 09:23:18.966662+00
574,115,CUSTOMS_CLEARED,2026-01-03 07:53:00+00,CARRIER_EDI,e71a7f26-0577-40e5-8870-410272aa8883,2026-09-10 09:23:18.966662+00
575,115,RECEIVED_FC,2026-01-08 11:25:00+00,WMS,d3e30d16-73fc-45b1-82da-5b26d0ce7414,2026-09-10 09:23:18.966662+00
576,116,BOOKED,2025-09-15 08:44:00+00,CARRIER_EDI,30a890ee-19f0-4adc-b822-842f250ebb7f,2026-09-10 09:23:18.966662+00
577,116,DEPARTED_ORIGIN,2025-09-22 16:08:00+00,CARRIER_EDI,78fc75f9-797b-453f-bf0c-e9abfeaf0988,2026-09-10 09:23:18.966662+00
578,116,ARRIVED_DEST_PORT,2025-10-08 10:13:00+00,CARRIER_EDI,3ff244ce-94a1-429a-944d-da7d23750ea5,2026-09-10 09:23:18.966662+00
579,116,CUSTOMS_CLEARED,2025-10-09 08:58:00+00,CARRIER_EDI,f105328e-d453-44ed-b414-f95fea88c42e,2026-09-10 09:23:18.966662+00
580,116,RECEIVED_FC,2025-10-13 09:01:00+00,WMS,340f10fb-b4fd-411a-b344-7f31d15c377e,2026-09-10 09:23:18.966662+00
581,117,BOOKED,2026-06-26 10:20:00+00,CARRIER_EDI,dfe37b0b-80ce-4c31-949e-28c2b5e866bf,2026-09-10 09:23:18.966662+00
582,117,DEPARTED_ORIGIN,2026-07-02 14:26:00+00,CARRIER_EDI,a30a97a6-558f-4a56-8d36-7d17bf055ad6,2026-09-10 09:23:18.966662+00
583,117,ARRIVED_DEST_PORT,2026-07-23 09:50:00+00,CARRIER_EDI,49800649-803b-40c4-965e-19b1b6d1ec89,2026-09-10 09:23:18.966662+00
584,117,CUSTOMS_CLEARED,2026-07-24 07:16:00+00,CARRIER_EDI,a823a079-66df-41cf-8de5-b496556ce2ae,2026-09-10 09:23:18.966662+00
585,117,RECEIVED_FC,2026-07-26 13:41:00+00,WMS,3b9a06f1-42f3-4d2a-b608-e43b6b0faeb3,2026-09-10 09:23:18.966662+00
586,118,BOOKED,2025-10-30 17:20:00+00,CARRIER_EDI,e2c0f419-193f-418c-b184-dc5c4972f3f5,2026-09-10 09:23:18.966662+00
587,118,DEPARTED_ORIGIN,2025-11-05 14:21:00+00,CARRIER_EDI,dd27b101-03d7-469b-8bc2-f95e5dfea811,2026-09-10 09:23:18.966662+00
588,118,ARRIVED_DEST_PORT,2025-11-28 17:46:00+00,CARRIER_EDI,0d8273ed-14d8-40ff-8675-025fc1ee00ac,2026-09-10 09:23:18.966662+00
589,118,CUSTOMS_CLEARED,2025-12-01 07:10:00+00,CARRIER_EDI,9134cfda-2cb3-49c4-b43c-fc603deca841,2026-09-10 09:23:18.966662+00
590,118,RECEIVED_FC,2025-12-05 12:18:00+00,WMS,8bd47731-c693-414d-bb06-b09aede3e07b,2026-09-10 09:23:18.966662+00
591,119,BOOKED,2026-03-15 07:11:00+00,CARRIER_EDI,09c7890f-a0ed-4cea-8fe4-ddcd8947d9cd,2026-09-10 09:23:18.966662+00
592,119,DEPARTED_ORIGIN,2026-03-22 06:58:00+00,CARRIER_EDI,08c0383d-b20b-4e49-97c5-963f1ed3dda0,2026-09-10 09:23:18.966662+00
593,119,ARRIVED_DEST_PORT,2026-04-07 09:19:00+00,CARRIER_EDI,173b68b6-f9ae-48b6-b93b-56b60c74f0bd,2026-09-10 09:23:18.966662+00
594,119,CUSTOMS_CLEARED,2026-04-08 11:45:00+00,CARRIER_EDI,56a63a8d-7895-4650-89a1-08a3bf019395,2026-09-10 09:23:18.966662+00
595,119,RECEIVED_FC,2026-04-14 15:25:00+00,WMS,7c4fb38f-f58f-48fc-9808-266be3774a4f,2026-09-10 09:23:18.966662+00
596,120,BOOKED,2026-03-27 10:14:00+00,CARRIER_EDI,9a1a1e85-ece6-46fd-8f22-af45dcb60926,2026-09-10 09:23:18.966662+00
597,120,DEPARTED_ORIGIN,2026-03-31 13:45:00+00,CARRIER_EDI,1d7e0898-b60e-4358-bb9c-52c98aa4e48e,2026-09-10 09:23:18.966662+00
598,120,ARRIVED_DEST_PORT,2026-04-19 12:56:00+00,CARRIER_EDI,83d1a191-d3d2-42a2-ae8c-9bfde8faba5c,2026-09-10 09:23:18.966662+00
599,120,CUSTOMS_CLEARED,2026-04-22 17:13:00+00,CARRIER_EDI,0b713a1d-9965-4035-a9c3-46be4001c626,2026-09-10 09:23:18.966662+00
600,120,RECEIVED_FC,2026-04-28 08:40:00+00,WMS,f58ae317-e4bd-4f96-82c3-4255f6ecf6ad,2026-09-10 09:23:18.966662+00
601,121,BOOKED,2026-05-30 07:53:00+00,CARRIER_EDI,55eb3557-6b08-4f9a-a528-f2b04dd9bbb2,2026-09-10 09:23:18.966662+00
602,121,DEPARTED_ORIGIN,2026-06-02 06:18:00+00,CARRIER_EDI,52885d26-3252-4c7f-8a43-18956eab3943,2026-09-10 09:23:18.966662+00
603,121,ARRIVED_DEST_PORT,2026-06-30 11:34:00+00,CARRIER_EDI,f7a47355-1eb7-4efe-ac4d-373b93b0e016,2026-09-10 09:23:18.966662+00
604,121,CUSTOMS_CLEARED,2026-07-02 08:44:00+00,CARRIER_EDI,615802e7-fbd2-4107-8762-d49d3a0e0dea,2026-09-10 09:23:18.966662+00
605,121,RECEIVED_FC,2026-07-07 11:57:00+00,WMS,6619e34d-3c0e-4507-aaee-b4d1d38294b1,2026-09-10 09:23:18.966662+00
606,122,BOOKED,2026-01-26 16:09:00+00,CARRIER_EDI,23b4c70a-324b-47a2-8392-cd6ac2941e85,2026-09-10 09:23:18.966662+00
607,122,DEPARTED_ORIGIN,2026-01-29 14:38:00+00,CARRIER_EDI,6d0b1310-8bcd-40a2-ac8b-a831f8f250cb,2026-09-10 09:23:18.966662+00
608,122,ARRIVED_DEST_PORT,2026-02-23 07:47:00+00,CARRIER_EDI,2ffbda11-420c-4a85-8321-fdecd52c85fe,2026-09-10 09:23:18.966662+00
609,122,CUSTOMS_CLEARED,2026-02-25 07:11:00+00,CARRIER_EDI,c33b2662-738e-4aa1-8af7-b1bd0a8e7541,2026-09-10 09:23:18.966662+00
610,122,RECEIVED_FC,2026-02-27 14:26:00+00,WMS,e280af75-a25e-47d6-b956-5689f84fd9f9,2026-09-10 09:23:18.966662+00
611,123,BOOKED,2025-09-08 16:25:00+00,CARRIER_EDI,b35a551a-2cf0-4d8c-bffb-5da878a8dc82,2026-09-10 09:23:18.966662+00
612,123,DEPARTED_ORIGIN,2025-09-15 14:40:00+00,CARRIER_EDI,f6b48b2f-8d52-4f56-a9c2-72be77945b1c,2026-09-10 09:23:18.966662+00
613,123,ARRIVED_DEST_PORT,2025-10-03 16:20:00+00,CARRIER_EDI,26f3b3b9-52f8-48a4-ab52-f1fc33fff5d7,2026-09-10 09:23:18.966662+00
614,123,CUSTOMS_CLEARED,2025-10-04 14:41:00+00,CARRIER_EDI,a1978158-060d-4c67-be35-afdf99311ba3,2026-09-10 09:23:18.966662+00
615,123,RECEIVED_FC,2025-10-06 14:35:00+00,WMS,5c938ddf-d7a4-4fc6-b273-da213edbab14,2026-09-10 09:23:18.966662+00
616,124,BOOKED,2025-10-05 08:33:00+00,CARRIER_EDI,949cadf5-0719-46cb-9743-d554aaf10f6b,2026-09-10 09:23:18.966662+00
617,124,DEPARTED_ORIGIN,2025-10-11 14:53:00+00,CARRIER_EDI,94c67591-db94-4a6a-930e-54503da8c7bd,2026-09-10 09:23:18.966662+00
618,124,ARRIVED_DEST_PORT,2025-10-24 09:29:00+00,CARRIER_EDI,712d1396-bf37-422f-877f-1587cd21f8c4,2026-09-10 09:23:18.966662+00
619,124,CUSTOMS_CLEARED,2025-10-26 09:45:00+00,CARRIER_EDI,1786a4b8-8be3-4c01-9658-0943cdd17996,2026-09-10 09:23:18.966662+00
620,124,RECEIVED_FC,2025-11-01 17:31:00+00,WMS,8f0b5b83-1d9d-477c-8efe-0763b34098ac,2026-09-10 09:23:18.966662+00
621,125,BOOKED,2026-07-20 10:02:00+00,CARRIER_EDI,06328a3f-f5b8-4d75-92eb-3ad8289d60b4,2026-09-10 09:23:18.966662+00
622,125,DEPARTED_ORIGIN,2026-07-25 10:53:00+00,CARRIER_EDI,0fa82bd2-f496-40e4-b474-80aee60dfa05,2026-09-10 09:23:18.966662+00
623,125,ARRIVED_DEST_PORT,2026-08-17 17:55:00+00,CARRIER_EDI,b181657b-1aca-48fa-bd36-32f5c678c583,2026-09-10 09:23:18.966662+00
624,125,CUSTOMS_CLEARED,2026-08-18 09:19:00+00,CARRIER_EDI,a28d39a8-8e32-4599-9f11-c96807869957,2026-09-10 09:23:18.966662+00
625,125,RECEIVED_FC,2026-08-22 14:54:00+00,WMS,4476b98f-cfcb-4dba-ab8d-ac5f0cc0a311,2026-09-10 09:23:18.966662+00
626,126,BOOKED,2026-02-06 07:58:00+00,CARRIER_EDI,b166eb36-2bd6-41ff-8f33-76de30c21949,2026-09-10 09:23:18.966662+00
627,126,DEPARTED_ORIGIN,2026-02-10 12:34:00+00,CARRIER_EDI,652b235f-8745-4c58-ab01-b10635915c77,2026-09-10 09:23:18.966662+00
628,126,ARRIVED_DEST_PORT,2026-03-02 08:46:00+00,CARRIER_EDI,dcf53c3c-aba0-4042-a198-a56ade1b3c40,2026-09-10 09:23:18.966662+00
629,126,CUSTOMS_CLEARED,2026-03-04 13:29:00+00,CARRIER_EDI,4ed92eaf-2f7a-4438-9829-72b3156cc1fa,2026-09-10 09:23:18.966662+00
630,126,RECEIVED_FC,2026-03-06 08:44:00+00,WMS,8ccda02f-19e5-470d-85de-e8577d93a4d6,2026-09-10 09:23:18.966662+00
631,127,BOOKED,2026-02-09 13:26:00+00,CARRIER_EDI,9b5d1ad3-7259-4f97-ba7e-ed4fb71ca058,2026-09-10 09:23:18.966662+00
632,127,DEPARTED_ORIGIN,2026-02-15 08:33:00+00,CARRIER_EDI,dd2e1b97-e442-4e1d-afda-bb1babc48fde,2026-09-10 09:23:18.966662+00
633,127,ARRIVED_DEST_PORT,2026-03-05 17:44:00+00,CARRIER_EDI,273921ae-7007-4c20-800c-99f45299ca0c,2026-09-10 09:23:18.966662+00
634,127,CUSTOMS_CLEARED,2026-03-09 11:49:00+00,CARRIER_EDI,2c25c436-140f-47f1-b393-a50dacb2fcf9,2026-09-10 09:23:18.966662+00
635,127,RECEIVED_FC,2026-03-13 10:13:00+00,WMS,1814b5fa-4210-402b-a629-344e7d92bec7,2026-09-10 09:23:18.966662+00
636,128,BOOKED,2026-03-15 12:19:00+00,CARRIER_EDI,fdd8dd86-7fd2-4b0f-a738-33e27337670b,2026-09-10 09:23:18.966662+00
637,128,DEPARTED_ORIGIN,2026-03-21 11:49:00+00,CARRIER_EDI,3050198d-b50b-40bd-a1ab-cd7d9d09d658,2026-09-10 09:23:18.966662+00
638,128,ARRIVED_DEST_PORT,2026-04-20 16:05:00+00,CARRIER_EDI,219ac927-f572-4951-aa90-7afeda58385b,2026-09-10 09:23:18.966662+00
639,128,CUSTOMS_CLEARED,2026-04-24 14:05:00+00,CARRIER_EDI,d231a4e4-4960-407b-abc5-1871fd6ac484,2026-09-10 09:23:18.966662+00
640,128,RECEIVED_FC,2026-04-26 06:03:00+00,WMS,754913c5-3607-47c6-ab1e-fff958858ff7,2026-09-10 09:23:18.966662+00
641,129,BOOKED,2026-04-24 06:36:00+00,CARRIER_EDI,fa64a8c5-492c-42ae-8eac-bf10ae5085bd,2026-09-10 09:23:18.966662+00
642,129,DEPARTED_ORIGIN,2026-04-27 08:46:00+00,CARRIER_EDI,e5a6b47e-3569-49ad-b751-169b79847433,2026-09-10 09:23:18.966662+00
643,129,ARRIVED_DEST_PORT,2026-05-15 10:38:00+00,CARRIER_EDI,1bd33dd4-17a2-4418-b649-9820c51a6556,2026-09-10 09:23:18.966662+00
644,129,CUSTOMS_CLEARED,2026-05-19 06:09:00+00,CARRIER_EDI,0c538d8d-d0c8-42b7-acae-aca820e193ba,2026-09-10 09:23:18.966662+00
645,129,RECEIVED_FC,2026-05-23 07:35:00+00,WMS,8ec23e0a-8525-4649-ba4f-ee1620a7b8b7,2026-09-10 09:23:18.966662+00
646,130,BOOKED,2026-06-01 07:11:00+00,CARRIER_EDI,e380e96d-7fea-47b4-9b57-153b02f83d17,2026-09-10 09:23:18.966662+00
647,130,DEPARTED_ORIGIN,2026-06-07 09:15:00+00,CARRIER_EDI,b28b0fdf-cb16-47ba-bbb7-aeb81f192272,2026-09-10 09:23:18.966662+00
648,130,ARRIVED_DEST_PORT,2026-06-20 17:31:00+00,CARRIER_EDI,1aba2033-a596-46eb-9db3-30cc7773cac4,2026-09-10 09:23:18.966662+00
649,130,CUSTOMS_CLEARED,2026-06-24 09:28:00+00,CARRIER_EDI,8f69729e-b590-477e-a8a9-fb7acbd5c5e9,2026-09-10 09:23:18.966662+00
650,130,RECEIVED_FC,2026-06-28 16:12:00+00,WMS,28d49e1d-0617-4182-8d93-9bbc7c12bc07,2026-09-10 09:23:18.966662+00
651,131,BOOKED,2026-07-22 13:27:00+00,CARRIER_EDI,938ea979-45b3-4fc7-95b8-631cf2f4e8ec,2026-09-10 09:23:18.966662+00
652,131,DEPARTED_ORIGIN,2026-07-28 16:02:00+00,CARRIER_EDI,1972d061-51dc-4b7d-8712-4017098301b9,2026-09-10 09:23:18.966662+00
653,131,ARRIVED_DEST_PORT,2026-08-24 07:42:00+00,CARRIER_EDI,f3908582-16ae-4331-acca-5998f39ebfcb,2026-09-10 09:23:18.966662+00
654,131,CUSTOMS_CLEARED,2026-08-28 15:51:00+00,CARRIER_EDI,191ec9a2-0df3-45be-a9ec-c8935f4cf0b7,2026-09-10 09:23:18.966662+00
655,131,RECEIVED_FC,2026-09-03 17:35:00+00,WMS,623f2c41-eebb-4beb-b8f8-1e15a7517642,2026-09-10 09:23:18.966662+00
656,132,BOOKED,2026-03-05 11:02:00+00,CARRIER_EDI,6df33608-69b6-4fc1-910f-44b9dfa6be44,2026-09-10 09:23:18.966662+00
657,132,DEPARTED_ORIGIN,2026-03-09 08:31:00+00,CARRIER_EDI,3ee6cea7-23e4-45d5-9568-cfa549c3c09d,2026-09-10 09:23:18.966662+00
658,132,ARRIVED_DEST_PORT,2026-03-23 14:00:00+00,CARRIER_EDI,841efa4f-6b67-4222-94a5-26b9b6c4f11e,2026-09-10 09:23:18.966662+00
659,132,CUSTOMS_CLEARED,2026-03-26 17:41:00+00,CARRIER_EDI,80c13994-c97f-483d-aa71-7c1292b7e8b3,2026-09-10 09:23:18.966662+00
660,132,RECEIVED_FC,2026-03-30 12:55:00+00,WMS,e55d2cc8-7d40-4a9d-bc2e-013f856279dd,2026-09-10 09:23:18.966662+00
661,133,BOOKED,2025-11-21 13:59:00+00,CARRIER_EDI,19e26b86-2d87-467d-9485-965aee65a15a,2026-09-10 09:23:18.966662+00
662,133,DEPARTED_ORIGIN,2025-11-27 17:39:00+00,CARRIER_EDI,c8e4dfde-daed-47a7-8750-0ecf9ff7cf05,2026-09-10 09:23:18.966662+00
663,133,ARRIVED_DEST_PORT,2025-12-25 06:42:00+00,CARRIER_EDI,22ba75ec-c809-4076-806c-50dc82918bfc,2026-09-10 09:23:18.966662+00
664,133,CUSTOMS_CLEARED,2025-12-26 09:19:00+00,CARRIER_EDI,18782849-7990-45c3-b239-fe08bb143eb0,2026-09-10 09:23:18.966662+00
665,133,RECEIVED_FC,2025-12-30 10:45:00+00,WMS,814fe0a4-8941-4d53-8c99-a7a13c2104c6,2026-09-10 09:23:18.966662+00
666,134,BOOKED,2026-06-22 09:24:00+00,CARRIER_EDI,5a8d3307-edd3-44ca-94b5-5cd5d5e09de9,2026-09-10 09:23:18.966662+00
667,134,DEPARTED_ORIGIN,2026-06-25 09:04:00+00,CARRIER_EDI,65db8190-cc10-4813-adc7-5fbc1bac97a6,2026-09-10 09:23:18.966662+00
668,134,ARRIVED_DEST_PORT,2026-08-03 09:11:00+00,CARRIER_EDI,7ee108b0-f9b7-447e-a6d7-3c8f2aa18809,2026-09-10 09:23:18.966662+00
669,134,CUSTOMS_CLEARED,2026-08-06 13:16:00+00,CARRIER_EDI,2c3dcc2a-0062-4acb-978d-e32440a402f6,2026-09-10 09:23:18.966662+00
670,134,RECEIVED_FC,2026-08-12 07:28:00+00,WMS,8e67120a-3dbf-4d5e-a0b6-25411615403a,2026-09-10 09:23:18.966662+00
671,135,BOOKED,2026-02-23 13:36:00+00,CARRIER_EDI,03fba8a1-9c9c-48a6-9378-02713118efe2,2026-09-10 09:23:18.966662+00
672,135,DEPARTED_ORIGIN,2026-03-02 16:35:00+00,CARRIER_EDI,83e52ad3-ae63-4162-965a-2e2ad714a0da,2026-09-10 09:23:18.966662+00
673,135,ARRIVED_DEST_PORT,2026-03-17 16:39:00+00,CARRIER_EDI,4d2a7335-25b5-4e88-b594-29de24455559,2026-09-10 09:23:18.966662+00
674,135,CUSTOMS_CLEARED,2026-03-19 15:42:00+00,CARRIER_EDI,e6562fa2-896b-49cb-a130-84d168940faa,2026-09-10 09:23:18.966662+00
675,135,RECEIVED_FC,2026-03-25 15:05:00+00,WMS,b6bfbfbe-376b-4c4a-96ce-47a39158e102,2026-09-10 09:23:18.966662+00
676,136,BOOKED,2026-07-27 10:25:00+00,CARRIER_EDI,354372f7-d8d9-4dfd-a236-c15d82068c76,2026-09-10 09:23:18.966662+00
677,136,DEPARTED_ORIGIN,2026-07-30 08:35:00+00,CARRIER_EDI,cfd6fd59-9a1b-44c7-8c5c-52a85cb5d85d,2026-09-10 09:23:18.966662+00
678,136,ARRIVED_DEST_PORT,2026-09-01 09:28:00+00,CARRIER_EDI,d324ea0c-9019-4124-8dd5-59f13e51f3c7,2026-09-10 09:23:18.966662+00
679,136,CUSTOMS_CLEARED,2026-09-03 10:19:00+00,CARRIER_EDI,2194246c-c365-4398-bf27-d601d9e385f5,2026-09-10 09:23:18.966662+00
680,136,RECEIVED_FC,2026-09-08 17:13:00+00,WMS,ee94fb79-1196-458e-b75f-cf17dfea4ff9,2026-09-10 09:23:18.966662+00
681,137,BOOKED,2025-09-25 06:24:00+00,CARRIER_EDI,7cafdbbd-74bd-4ff6-b40a-6690917dec8e,2026-09-10 09:23:18.966662+00
682,137,DEPARTED_ORIGIN,2025-10-02 09:01:00+00,CARRIER_EDI,c7467b91-b27c-43a0-b0b9-168a195ef121,2026-09-10 09:23:18.966662+00
683,137,ARRIVED_DEST_PORT,2025-10-29 16:38:00+00,CARRIER_EDI,6e7ca71e-5313-4272-bff3-4b8f8cc57c33,2026-09-10 09:23:18.966662+00
684,137,CUSTOMS_CLEARED,2025-10-31 12:45:00+00,CARRIER_EDI,8423c7d2-b938-4793-b4a3-39c0f1e7e13f,2026-09-10 09:23:18.966662+00
685,137,RECEIVED_FC,2025-11-02 13:18:00+00,WMS,9c080f0f-d0d8-460d-a7d2-961e1f0e7018,2026-09-10 09:23:18.966662+00
686,138,BOOKED,2025-12-14 07:56:00+00,CARRIER_EDI,b7052297-21c4-4b64-b1b1-f7517b59c88c,2026-09-10 09:23:18.966662+00
687,138,DEPARTED_ORIGIN,2025-12-20 14:29:00+00,CARRIER_EDI,d21ce476-cd5c-48a7-9c28-122eddce06fe,2026-09-10 09:23:18.966662+00
688,138,ARRIVED_DEST_PORT,2026-01-22 09:37:00+00,CARRIER_EDI,4d509ca0-447d-43d0-83fe-29de65fb6f1e,2026-09-10 09:23:18.966662+00
689,138,CUSTOMS_CLEARED,2026-01-23 12:59:00+00,CARRIER_EDI,686b7f2f-c5d1-40fb-990a-de4f95499280,2026-09-10 09:23:18.966662+00
690,138,RECEIVED_FC,2026-01-29 11:37:00+00,WMS,e425d7b5-2df0-4b43-83f9-9ce32ff501fd,2026-09-10 09:23:18.966662+00
691,139,BOOKED,2026-04-24 14:13:00+00,CARRIER_EDI,abe420db-6865-48d6-ba04-a36e9f08fdcd,2026-09-10 09:23:18.966662+00
692,139,DEPARTED_ORIGIN,2026-04-30 07:10:00+00,CARRIER_EDI,70f9d086-309b-4eae-8408-5b08866eacae,2026-09-10 09:23:18.966662+00
693,139,ARRIVED_DEST_PORT,2026-05-18 10:26:00+00,CARRIER_EDI,cf4723e9-4992-40c2-9672-94bc9264cb96,2026-09-10 09:23:18.966662+00
694,139,CUSTOMS_CLEARED,2026-05-22 15:17:00+00,CARRIER_EDI,dee2a1bf-d356-4b74-9b22-f62fa26abd58,2026-09-10 09:23:18.966662+00
695,139,RECEIVED_FC,2026-05-26 16:52:00+00,WMS,93100980-02d1-4262-9441-8164d6235661,2026-09-10 09:23:18.966662+00
696,140,BOOKED,2025-10-28 10:30:00+00,CARRIER_EDI,2102317d-d273-4b31-b33d-17bd239c8aa9,2026-09-10 09:23:18.966662+00
697,140,DEPARTED_ORIGIN,2025-11-04 11:55:00+00,CARRIER_EDI,c1cc5fdc-9c03-4e05-bcdc-7fd267a88988,2026-09-10 09:23:18.966662+00
698,140,ARRIVED_DEST_PORT,2025-11-21 11:40:00+00,CARRIER_EDI,c81684df-5d89-45b9-93e0-fecda1863d7a,2026-09-10 09:23:18.966662+00
699,140,CUSTOMS_CLEARED,2025-11-24 15:40:00+00,CARRIER_EDI,d963bc9d-46c5-4d9b-90b3-7b74183a200f,2026-09-10 09:23:18.966662+00
700,140,RECEIVED_FC,2025-11-30 12:41:00+00,WMS,8b2c41f4-62e3-4852-b8bb-0871ebe02afd,2026-09-10 09:23:18.966662+00
701,141,BOOKED,2025-12-10 08:20:00+00,CARRIER_EDI,87b6dcf7-72bf-4548-8dc4-db0bb322fa8b,2026-09-10 09:23:18.966662+00
702,141,DEPARTED_ORIGIN,2025-12-13 14:56:00+00,CARRIER_EDI,af33e2dc-f9cd-4504-8e1e-8b4b812191bc,2026-09-10 09:23:18.966662+00
703,141,ARRIVED_DEST_PORT,2026-01-10 15:41:00+00,CARRIER_EDI,6028caeb-0750-4b61-a5bf-c5dd11f47e0f,2026-09-10 09:23:18.966662+00
704,141,CUSTOMS_CLEARED,2026-01-14 11:09:00+00,CARRIER_EDI,113cc890-4c17-4b29-850b-553ba3e2a935,2026-09-10 09:23:18.966662+00
705,141,RECEIVED_FC,2026-01-18 14:31:00+00,WMS,417aa87e-c905-4ac2-b5c1-e7ede74f230a,2026-09-10 09:23:18.966662+00
706,142,BOOKED,2026-01-10 13:05:00+00,CARRIER_EDI,314815f0-f36a-48be-a6e8-82a166d2a15a,2026-09-10 09:23:18.966662+00
707,142,DEPARTED_ORIGIN,2026-01-17 11:39:00+00,CARRIER_EDI,6cd49238-6c87-46ec-9098-1a2947f81a28,2026-09-10 09:23:18.966662+00
708,142,ARRIVED_DEST_PORT,2026-02-17 08:37:00+00,CARRIER_EDI,7fa53c01-ba6c-4954-9056-f889b1dfee1b,2026-09-10 09:23:18.966662+00
709,142,CUSTOMS_CLEARED,2026-02-18 09:39:00+00,CARRIER_EDI,fcc818bc-8442-4a07-871d-f0ece974bbdc,2026-09-10 09:23:18.966662+00
710,142,RECEIVED_FC,2026-02-22 09:11:00+00,WMS,0e86cce7-ee22-4f1d-bf92-c3ce3db3dfe2,2026-09-10 09:23:18.966662+00
711,143,BOOKED,2026-03-07 10:38:00+00,CARRIER_EDI,e040c8be-30e5-4898-97a5-0d881273c433,2026-09-10 09:23:18.966662+00
712,143,DEPARTED_ORIGIN,2026-03-10 17:26:00+00,CARRIER_EDI,efb6670c-1c40-4c90-856b-9431fede7144,2026-09-10 09:23:18.966662+00
713,143,ARRIVED_DEST_PORT,2026-04-05 10:14:00+00,CARRIER_EDI,7ae76c08-e775-41f8-b374-986a59ba8747,2026-09-10 09:23:18.966662+00
714,143,CUSTOMS_CLEARED,2026-04-07 15:38:00+00,CARRIER_EDI,e03897f3-5981-4607-bd91-ed882048d1dc,2026-09-10 09:23:18.966662+00
715,143,RECEIVED_FC,2026-04-09 15:19:00+00,WMS,d66d3cde-51d0-4836-bb65-a80a77792fea,2026-09-10 09:23:18.966662+00
716,144,BOOKED,2025-10-13 11:19:00+00,CARRIER_EDI,d34d2a2c-4073-4054-bc7a-560ee1c1c9e9,2026-09-10 09:23:18.966662+00
717,144,DEPARTED_ORIGIN,2025-10-20 07:13:00+00,CARRIER_EDI,7495f4ef-ada9-4ee6-99a7-a4808ce33d08,2026-09-10 09:23:18.966662+00
718,144,ARRIVED_DEST_PORT,2025-11-16 15:22:00+00,CARRIER_EDI,1749a964-b22c-441d-aa97-2899e75d76bc,2026-09-10 09:23:18.966662+00
719,144,CUSTOMS_CLEARED,2025-11-20 10:48:00+00,CARRIER_EDI,b24a2256-97e6-4688-be36-99a7e7f5e919,2026-09-10 09:23:18.966662+00
720,144,RECEIVED_FC,2025-11-22 17:34:00+00,WMS,3d384a6c-479c-41ae-9af9-7fd075afa405,2026-09-10 09:23:18.966662+00
721,145,BOOKED,2025-10-23 08:53:00+00,CARRIER_EDI,c01c7cd0-069b-4d0a-81f8-63a6a2872d46,2026-09-10 09:23:18.966662+00
722,145,DEPARTED_ORIGIN,2025-10-26 16:48:00+00,CARRIER_EDI,b3fb3d82-47e9-4611-a562-e2703e2b9bc2,2026-09-10 09:23:18.966662+00
723,145,ARRIVED_DEST_PORT,2025-11-09 17:29:00+00,CARRIER_EDI,bc1581b5-85d4-4c07-ac1c-a46a0b3a9acd,2026-09-10 09:23:18.966662+00
724,145,CUSTOMS_CLEARED,2025-11-13 11:13:00+00,CARRIER_EDI,afa29a60-ea6e-4765-bd31-6431f24b9197,2026-09-10 09:23:18.966662+00
725,145,RECEIVED_FC,2025-11-17 15:52:00+00,WMS,ee7e097e-09f1-4abf-8e33-6029513172ea,2026-09-10 09:23:18.966662+00
726,146,BOOKED,2025-12-13 12:37:00+00,CARRIER_EDI,53d89cd0-13f6-4d2d-984b-5590e57a4f09,2026-09-10 09:23:18.966662+00
727,146,DEPARTED_ORIGIN,2025-12-19 17:32:00+00,CARRIER_EDI,cb2cb508-f854-4b15-9f05-bc004c50b14e,2026-09-10 09:23:18.966662+00
728,146,ARRIVED_DEST_PORT,2026-01-11 08:05:00+00,CARRIER_EDI,acb0f446-7871-4f7c-88ea-49e0993ce7ad,2026-09-10 09:23:18.966662+00
729,146,CUSTOMS_CLEARED,2026-01-13 15:39:00+00,CARRIER_EDI,d4eb8add-6fa4-4f9e-b4ff-11bf192283f7,2026-09-10 09:23:18.966662+00
730,146,RECEIVED_FC,2026-01-15 08:45:00+00,WMS,e860ddb9-cb08-4c70-a4fa-3b17cc9c33b2,2026-09-10 09:23:18.966662+00
731,147,BOOKED,2026-04-20 12:35:00+00,CARRIER_EDI,585c3be1-241b-48be-9781-d26a96c2564f,2026-09-10 09:23:18.966662+00
732,147,DEPARTED_ORIGIN,2026-04-24 10:29:00+00,CARRIER_EDI,827c391f-86d2-4bd7-b409-1799a1324b1d,2026-09-10 09:23:18.966662+00
733,147,ARRIVED_DEST_PORT,2026-05-05 13:59:00+00,CARRIER_EDI,84c3cf15-aff2-44c0-a940-165b71b59fd6,2026-09-10 09:23:18.966662+00
734,147,CUSTOMS_CLEARED,2026-05-06 16:32:00+00,CARRIER_EDI,d0b81afd-9b99-4540-bc89-b4ea4957ef7e,2026-09-10 09:23:18.966662+00
735,147,RECEIVED_FC,2026-05-08 06:16:00+00,WMS,cabaef82-52be-41bf-af79-c6380ae5f2c1,2026-09-10 09:23:18.966662+00
736,148,BOOKED,2026-06-27 07:38:00+00,CARRIER_EDI,8234ac53-c6a0-4be2-a2ea-3f383e2a6c2a,2026-09-10 09:23:18.966662+00
737,148,DEPARTED_ORIGIN,2026-07-01 09:53:00+00,CARRIER_EDI,c7a2d902-da9a-44c5-9e45-86fdebeeba78,2026-09-10 09:23:18.966662+00
738,148,ARRIVED_DEST_PORT,2026-07-25 17:55:00+00,CARRIER_EDI,26c3e7e5-daef-4326-84fc-b95e10f0b795,2026-09-10 09:23:18.966662+00
739,148,CUSTOMS_CLEARED,2026-07-29 08:13:00+00,CARRIER_EDI,3519d6b9-c699-4a8d-91fe-d6e4910baa5f,2026-09-10 09:23:18.966662+00
740,148,RECEIVED_FC,2026-07-31 15:18:00+00,WMS,b69938b2-17b4-4b3e-9c8c-cced6da80fdc,2026-09-10 09:23:18.966662+00
741,149,BOOKED,2025-11-16 15:51:00+00,CARRIER_EDI,438e4a48-4c1f-45e6-8741-fb4fed7b2fdd,2026-09-10 09:23:18.966662+00
742,149,DEPARTED_ORIGIN,2025-11-21 17:07:00+00,CARRIER_EDI,83f8947b-010f-4771-b231-79cea460fd75,2026-09-10 09:23:18.966662+00
743,149,ARRIVED_DEST_PORT,2025-12-11 12:31:00+00,CARRIER_EDI,8b4cff13-9b59-4705-9813-5139ddd68df7,2026-09-10 09:23:18.966662+00
744,149,CUSTOMS_CLEARED,2025-12-12 14:15:00+00,CARRIER_EDI,ce49aee3-c057-434c-9616-8252b7ee468d,2026-09-10 09:23:18.966662+00
745,149,RECEIVED_FC,2025-12-15 12:14:00+00,WMS,df9f375c-2d40-4d1b-a135-36d1236ba147,2026-09-10 09:23:18.966662+00
746,150,BOOKED,2026-04-03 07:25:00+00,CARRIER_EDI,b90f0ff0-1fe1-43f8-bbf3-59bf165efa08,2026-09-10 09:23:18.966662+00
747,150,DEPARTED_ORIGIN,2026-04-06 12:21:00+00,CARRIER_EDI,860223c5-6fef-498f-b793-58e754f54a6e,2026-09-10 09:23:18.966662+00
748,150,ARRIVED_DEST_PORT,2026-04-19 15:03:00+00,CARRIER_EDI,88f3f52f-1000-4ed7-995c-d756a14c95f2,2026-09-10 09:23:18.966662+00
749,150,CUSTOMS_CLEARED,2026-04-21 13:46:00+00,CARRIER_EDI,a798c3f8-b3cd-424c-9e12-5dd1646bd181,2026-09-10 09:23:18.966662+00
750,150,RECEIVED_FC,2026-04-26 06:53:00+00,WMS,bd0f8835-a42a-4438-9e3a-1ce333966cae,2026-09-10 09:23:18.966662+00
751,151,BOOKED,2025-12-02 06:34:00+00,CARRIER_EDI,5910ba86-3c18-4449-baba-fdc76ed61c76,2026-09-10 09:23:18.966662+00
752,151,DEPARTED_ORIGIN,2025-12-07 15:05:00+00,CARRIER_EDI,737eb731-5118-4a5c-9691-5288550b48e7,2026-09-10 09:23:18.966662+00
753,151,ARRIVED_DEST_PORT,2025-12-23 10:16:00+00,CARRIER_EDI,fe3d1ce7-80b6-48f0-8fc8-bcde715dae6c,2026-09-10 09:23:18.966662+00
754,151,CUSTOMS_CLEARED,2025-12-27 15:14:00+00,CARRIER_EDI,76c4324c-2ec9-477b-882a-38c0781f27de,2026-09-10 09:23:18.966662+00
755,151,RECEIVED_FC,2025-12-29 12:02:00+00,WMS,591b222d-e9dd-4acb-9bba-1f86d5c6afa3,2026-09-10 09:23:18.966662+00
756,152,BOOKED,2025-11-08 15:32:00+00,CARRIER_EDI,2c5570c2-b45e-436f-b34f-10d83093d882,2026-09-10 09:23:18.966662+00
757,152,DEPARTED_ORIGIN,2025-11-11 14:33:00+00,CARRIER_EDI,bfec0bc6-77ba-4387-905b-4edbd7fd0981,2026-09-10 09:23:18.966662+00
758,152,ARRIVED_DEST_PORT,2025-12-14 16:45:00+00,CARRIER_EDI,fbd9cd0a-d593-42c2-b941-0f90f5d2614f,2026-09-10 09:23:18.966662+00
759,152,CUSTOMS_CLEARED,2025-12-16 15:44:00+00,CARRIER_EDI,4aa09c04-2701-4193-8d7c-66755108031e,2026-09-10 09:23:18.966662+00
760,152,RECEIVED_FC,2025-12-21 07:46:00+00,WMS,3d6811fe-e374-4248-8fb6-338883ccd47b,2026-09-10 09:23:18.966662+00
761,153,BOOKED,2025-11-25 17:38:00+00,CARRIER_EDI,62131e08-11f4-4e83-960f-f3236ce49ad0,2026-09-10 09:23:18.966662+00
762,153,DEPARTED_ORIGIN,2025-12-02 09:43:00+00,CARRIER_EDI,cf28fc3c-70b1-462f-a9b4-a9dacfaac8ac,2026-09-10 09:23:18.966662+00
763,153,ARRIVED_DEST_PORT,2026-01-11 16:29:00+00,CARRIER_EDI,495cf0ec-becb-4ccc-9649-f8bd104353a3,2026-09-10 09:23:18.966662+00
764,153,CUSTOMS_CLEARED,2026-01-14 13:33:00+00,CARRIER_EDI,c80d5c4d-ce1a-46bf-b50c-32d008a3fc1b,2026-09-10 09:23:18.966662+00
765,153,RECEIVED_FC,2026-01-16 11:19:00+00,WMS,f57b2b9e-c0aa-4729-ac01-37c14480772e,2026-09-10 09:23:18.966662+00
766,154,BOOKED,2026-06-09 17:06:00+00,CARRIER_EDI,84197374-98b1-4001-a4b7-572369937b45,2026-09-10 09:23:18.966662+00
767,154,DEPARTED_ORIGIN,2026-06-13 09:34:00+00,CARRIER_EDI,0e966c82-87b6-4af9-803c-25e84a8f901a,2026-09-10 09:23:18.966662+00
768,154,ARRIVED_DEST_PORT,2026-07-01 09:30:00+00,CARRIER_EDI,0c75f2a9-0c73-4726-a1e1-f1e4e8ce5bb3,2026-09-10 09:23:18.966662+00
769,154,CUSTOMS_CLEARED,2026-07-02 15:39:00+00,CARRIER_EDI,59bbc4f2-b08c-4ddc-8d7b-92ec05fab7cc,2026-09-10 09:23:18.966662+00
770,154,RECEIVED_FC,2026-07-08 13:48:00+00,WMS,03d1b51b-82b9-42f9-ad85-5551501ced8a,2026-09-10 09:23:18.966662+00
771,155,BOOKED,2026-02-16 14:06:00+00,CARRIER_EDI,803b2d79-a86b-480d-a8e3-f16040086f87,2026-09-10 09:23:18.966662+00
772,155,DEPARTED_ORIGIN,2026-02-20 07:03:00+00,CARRIER_EDI,6d3cc3dd-cb6e-48d4-9a34-3d9de0d9f6ff,2026-09-10 09:23:18.966662+00
773,155,ARRIVED_DEST_PORT,2026-03-08 15:02:00+00,CARRIER_EDI,d015c3bf-7a52-4388-ab36-d804b8adc3e0,2026-09-10 09:23:18.966662+00
774,155,CUSTOMS_CLEARED,2026-03-09 07:26:00+00,CARRIER_EDI,bce43857-b41f-46b1-a9f1-3d2e739917a9,2026-09-10 09:23:18.966662+00
775,155,RECEIVED_FC,2026-03-11 06:33:00+00,WMS,20307b93-252c-4cff-9725-a182cc5c56db,2026-09-10 09:23:18.966662+00
776,156,BOOKED,2025-11-26 09:36:00+00,CARRIER_EDI,74d8905f-0db0-47a6-9b8b-ff5d932a997d,2026-09-10 09:23:18.966662+00
777,156,DEPARTED_ORIGIN,2025-12-02 09:11:00+00,CARRIER_EDI,98e43a50-020a-4a59-91cd-b43bf18040b0,2026-09-10 09:23:18.966662+00
778,156,ARRIVED_DEST_PORT,2025-12-25 17:06:00+00,CARRIER_EDI,8111bfda-b784-4cc7-82a8-6e145f2f859a,2026-09-10 09:23:18.966662+00
779,156,CUSTOMS_CLEARED,2025-12-29 10:58:00+00,CARRIER_EDI,e6b954ce-12ac-4595-9de3-ffd3413cde1a,2026-09-10 09:23:18.966662+00
780,156,RECEIVED_FC,2026-01-02 15:49:00+00,WMS,40c5fca5-06ff-4ed3-b606-a0f88b6ac867,2026-09-10 09:23:18.966662+00
781,157,BOOKED,2026-01-03 17:40:00+00,CARRIER_EDI,a73f07ba-52bd-4652-a176-706e2487c10f,2026-09-10 09:23:18.966662+00
782,157,DEPARTED_ORIGIN,2026-01-06 06:03:00+00,CARRIER_EDI,00a808b0-78f6-4d3a-8d92-940c0338207a,2026-09-10 09:23:18.966662+00
783,157,ARRIVED_DEST_PORT,2026-01-18 16:09:00+00,CARRIER_EDI,a707e7d3-60dc-429c-882c-1ca39ee30928,2026-09-10 09:23:18.966662+00
784,157,CUSTOMS_CLEARED,2026-01-20 12:00:00+00,CARRIER_EDI,266bca12-1b62-461f-9268-9660d20dae6a,2026-09-10 09:23:18.966662+00
785,157,RECEIVED_FC,2026-01-25 08:44:00+00,WMS,9510ca5f-5f72-4648-a146-79fe29cc8619,2026-09-10 09:23:18.966662+00
786,158,BOOKED,2026-02-16 16:16:00+00,CARRIER_EDI,eb25023c-7ccd-4718-b403-7372f4b8a186,2026-09-10 09:23:18.966662+00
787,158,DEPARTED_ORIGIN,2026-02-19 17:17:00+00,CARRIER_EDI,348df9a2-6c39-400e-ac80-d9ea1c84c8b1,2026-09-10 09:23:18.966662+00
788,158,ARRIVED_DEST_PORT,2026-03-11 15:06:00+00,CARRIER_EDI,4a4692f8-9b65-469f-bcee-f95b992f6b88,2026-09-10 09:23:18.966662+00
789,158,CUSTOMS_CLEARED,2026-03-13 16:31:00+00,CARRIER_EDI,56c1da9e-5ced-4e46-bcb0-5dcea2fcea64,2026-09-10 09:23:18.966662+00
790,158,RECEIVED_FC,2026-03-16 17:13:00+00,WMS,c234b7b9-8d67-4a4c-90b3-1014bcd50660,2026-09-10 09:23:18.966662+00
791,159,BOOKED,2026-01-26 14:26:00+00,CARRIER_EDI,7843502d-0428-4c18-9241-d9ccfab5b0ca,2026-09-10 09:23:18.966662+00
792,159,DEPARTED_ORIGIN,2026-02-02 12:25:00+00,CARRIER_EDI,a8929b57-d487-4ad1-8805-a2806c402f50,2026-09-10 09:23:18.966662+00
793,159,ARRIVED_DEST_PORT,2026-02-26 11:51:00+00,CARRIER_EDI,893119db-01b0-4108-9db7-046e71e379da,2026-09-10 09:23:18.966662+00
794,159,CUSTOMS_CLEARED,2026-02-28 07:07:00+00,CARRIER_EDI,fdc6d265-5240-4f6b-a6d0-c5899a55770d,2026-09-10 09:23:18.966662+00
795,159,RECEIVED_FC,2026-03-03 09:44:00+00,WMS,09bbd5a6-691c-48b0-805d-a3dae6508e64,2026-09-10 09:23:18.966662+00
796,160,BOOKED,2025-11-26 07:38:00+00,CARRIER_EDI,fad20e80-ba60-460e-b72b-789b4c6a1da8,2026-09-10 09:23:18.966662+00
797,160,DEPARTED_ORIGIN,2025-12-02 11:03:00+00,CARRIER_EDI,651335e8-e501-41a9-a345-89db2cd67e5a,2026-09-10 09:23:18.966662+00
798,160,ARRIVED_DEST_PORT,2025-12-26 14:22:00+00,CARRIER_EDI,b4c726fc-b388-4e6d-98d1-58e5b9e4d7f6,2026-09-10 09:23:18.966662+00
799,160,CUSTOMS_CLEARED,2025-12-30 12:19:00+00,CARRIER_EDI,0460cf3f-4850-45b4-a427-0e5a002a697e,2026-09-10 09:23:18.966662+00
800,160,RECEIVED_FC,2026-01-02 13:09:00+00,WMS,64224ba3-8849-42c7-82ab-e13c51fff4d3,2026-09-10 09:23:18.966662+00
801,161,BOOKED,2026-07-12 07:40:00+00,CARRIER_EDI,b2f3aef0-1821-437c-b3d0-151e7739d311,2026-09-10 09:23:18.966662+00
802,161,DEPARTED_ORIGIN,2026-07-16 08:13:00+00,CARRIER_EDI,1ae1387e-00b9-47b9-8968-9bd1c65fe8f6,2026-09-10 09:23:18.966662+00
803,161,ARRIVED_DEST_PORT,2026-08-03 07:34:00+00,CARRIER_EDI,95ffd448-f142-4787-8f36-2ac35b94065a,2026-09-10 09:23:18.966662+00
804,161,CUSTOMS_CLEARED,2026-08-07 17:03:00+00,CARRIER_EDI,7b24cdae-9ec9-448e-8237-4908941d3272,2026-09-10 09:23:18.966662+00
805,161,RECEIVED_FC,2026-08-10 08:18:00+00,WMS,e845acd1-3e2c-4dfd-a426-e2effd50e858,2026-09-10 09:23:18.966662+00
806,162,BOOKED,2025-11-05 14:24:00+00,CARRIER_EDI,33a73feb-a233-430f-b204-1578940485c5,2026-09-10 09:23:18.966662+00
807,162,DEPARTED_ORIGIN,2025-11-11 11:25:00+00,CARRIER_EDI,f2bdf8ea-3140-4d92-9d8c-f5e143e30bef,2026-09-10 09:23:18.966662+00
808,162,ARRIVED_DEST_PORT,2025-12-02 11:12:00+00,CARRIER_EDI,100cfacc-489b-49c7-9b16-fff6240d1550,2026-09-10 09:23:18.966662+00
809,162,CUSTOMS_CLEARED,2025-12-04 16:39:00+00,CARRIER_EDI,c57dc5f8-f9e6-497d-90c4-92acff6ad989,2026-09-10 09:23:18.966662+00
810,162,RECEIVED_FC,2025-12-09 13:08:00+00,WMS,4157042f-0fd9-46be-97b8-82ca081d4957,2026-09-10 09:23:18.966662+00
811,163,BOOKED,2026-04-14 11:22:00+00,CARRIER_EDI,80bd4fc8-3836-4b15-aa5b-a06808ffd089,2026-09-10 09:23:18.966662+00
812,163,DEPARTED_ORIGIN,2026-04-21 15:57:00+00,CARRIER_EDI,ea3d0113-b6ff-4779-ba02-04c2980d5f24,2026-09-10 09:23:18.966662+00
813,163,ARRIVED_DEST_PORT,2026-05-11 17:18:00+00,CARRIER_EDI,15dda218-871f-4973-ac68-1259f4dc35c8,2026-09-10 09:23:18.966662+00
814,163,CUSTOMS_CLEARED,2026-05-14 11:18:00+00,CARRIER_EDI,7704e797-74e8-4f84-85c9-a7901f8e0016,2026-09-10 09:23:18.966662+00
815,163,RECEIVED_FC,2026-05-18 12:16:00+00,WMS,171f046c-87bb-424e-828c-a19bb103b39f,2026-09-10 09:23:18.966662+00
816,164,BOOKED,2026-05-03 07:05:00+00,CARRIER_EDI,bd8ab95b-df5d-45a7-98c2-e28c962cb151,2026-09-10 09:23:18.966662+00
817,164,DEPARTED_ORIGIN,2026-05-08 08:17:00+00,CARRIER_EDI,17a5a144-0a34-4571-a6af-1313d8a27a11,2026-09-10 09:23:18.966662+00
818,164,ARRIVED_DEST_PORT,2026-05-25 16:20:00+00,CARRIER_EDI,1b92264a-5daa-444f-b6d4-7fb0e344b8bd,2026-09-10 09:23:18.966662+00
819,164,CUSTOMS_CLEARED,2026-05-27 09:55:00+00,CARRIER_EDI,d22a1cc0-bc31-4eb9-85ee-9582638f1df8,2026-09-10 09:23:18.966662+00
820,164,RECEIVED_FC,2026-05-29 16:58:00+00,WMS,2f493f64-13f9-4b49-be92-bcda929e7ffd,2026-09-10 09:23:18.966662+00
821,165,BOOKED,2026-07-25 07:33:00+00,CARRIER_EDI,f06ac7ce-3c31-43a0-9d8c-22ea028f3cd3,2026-09-10 09:23:18.966662+00
822,165,DEPARTED_ORIGIN,2026-07-31 11:37:00+00,CARRIER_EDI,7c65894c-07b3-4c40-a264-f51a3bedc411,2026-09-10 09:23:18.966662+00
823,165,ARRIVED_DEST_PORT,2026-08-20 15:32:00+00,CARRIER_EDI,e88ded6f-dddd-49ee-9012-48f7737fad99,2026-09-10 09:23:18.966662+00
824,165,CUSTOMS_CLEARED,2026-08-24 10:01:00+00,CARRIER_EDI,305e9db8-4c7f-42fd-850c-5cf824952bed,2026-09-10 09:23:18.966662+00
825,165,RECEIVED_FC,2026-08-29 06:59:00+00,WMS,454e062d-6182-4fbb-869c-819153029335,2026-09-10 09:23:18.966662+00
826,166,BOOKED,2025-11-05 06:36:00+00,CARRIER_EDI,8cedc6a4-ff4f-44bd-9e88-238f81a050ac,2026-09-10 09:23:18.966662+00
827,166,DEPARTED_ORIGIN,2025-11-08 10:38:00+00,CARRIER_EDI,0f9f874a-e128-442e-b31c-dfca899d13cf,2026-09-10 09:23:18.966662+00
828,166,ARRIVED_DEST_PORT,2025-12-01 09:41:00+00,CARRIER_EDI,93d1e2b0-2eae-424a-a2a6-cbfdfaed703f,2026-09-10 09:23:18.966662+00
829,166,CUSTOMS_CLEARED,2025-12-02 11:05:00+00,CARRIER_EDI,36ba1abe-29e5-4ccd-a555-b4a1a1788cf1,2026-09-10 09:23:18.966662+00
830,166,RECEIVED_FC,2025-12-08 15:09:00+00,WMS,a93fa325-d850-432b-83e6-38233fc93956,2026-09-10 09:23:18.966662+00
831,167,BOOKED,2026-06-27 11:36:00+00,CARRIER_EDI,1d3e2f5a-5f74-4d2b-9c70-49256568262f,2026-09-10 09:23:18.966662+00
832,167,DEPARTED_ORIGIN,2026-06-30 16:14:00+00,CARRIER_EDI,370a1876-3d83-461a-9abe-0b3ec1e2748e,2026-09-10 09:23:18.966662+00
833,167,ARRIVED_DEST_PORT,2026-07-29 07:24:00+00,CARRIER_EDI,958f37f7-52ad-4bf7-83ad-de2c8b1e7c1d,2026-09-10 09:23:18.966662+00
834,167,CUSTOMS_CLEARED,2026-08-02 08:04:00+00,CARRIER_EDI,67fb726a-e6c1-4d5e-8e8c-d33a9f2b2f05,2026-09-10 09:23:18.966662+00
835,167,RECEIVED_FC,2026-08-06 09:33:00+00,WMS,f76e5c35-5fef-497c-95fc-a6dd04856f93,2026-09-10 09:23:18.966662+00
836,168,BOOKED,2025-11-21 13:04:00+00,CARRIER_EDI,44f56c97-7e1f-40b3-b3ac-3eff042063c8,2026-09-10 09:23:18.966662+00
837,168,DEPARTED_ORIGIN,2025-11-25 06:30:00+00,CARRIER_EDI,4efd85a2-2aed-4baf-b1d8-517ae69b5661,2026-09-10 09:23:18.966662+00
838,168,ARRIVED_DEST_PORT,2025-12-26 08:51:00+00,CARRIER_EDI,a1466df5-5dc3-4a65-bcbb-407534e0b8c9,2026-09-10 09:23:18.966662+00
839,168,CUSTOMS_CLEARED,2025-12-29 06:34:00+00,CARRIER_EDI,48b61108-7088-4be2-ab64-50be59f211bf,2026-09-10 09:23:18.966662+00
840,168,RECEIVED_FC,2026-01-02 09:32:00+00,WMS,140800cf-98c5-4713-a6a2-fdd6ba39193a,2026-09-10 09:23:18.966662+00
841,169,BOOKED,2026-07-27 12:59:00+00,CARRIER_EDI,37981f07-6cf8-47c2-954c-514b1fde3d2e,2026-09-10 09:23:18.966662+00
842,169,DEPARTED_ORIGIN,2026-08-02 15:18:00+00,CARRIER_EDI,1fbeaa1a-a6b9-4c18-90bb-095cce6b8707,2026-09-10 09:23:18.966662+00
843,169,ARRIVED_DEST_PORT,2026-08-16 06:50:00+00,CARRIER_EDI,b2889e62-d389-4451-95ff-1e33102ec86b,2026-09-10 09:23:18.966662+00
844,169,CUSTOMS_CLEARED,2026-08-19 09:54:00+00,CARRIER_EDI,587cb7ce-707f-40da-82ba-fb0c07bef4b7,2026-09-10 09:23:18.966662+00
845,169,RECEIVED_FC,2026-08-24 17:59:00+00,WMS,f64d3d41-d13a-4b24-a6f0-bd410367aa07,2026-09-10 09:23:18.966662+00
846,170,BOOKED,2026-05-24 12:21:00+00,CARRIER_EDI,8741df71-d9ae-4b7f-92ff-8b55421174b7,2026-09-10 09:23:18.966662+00
847,170,DEPARTED_ORIGIN,2026-05-30 11:58:00+00,CARRIER_EDI,97cff3a9-d73c-4ef1-8389-c588b771b35c,2026-09-10 09:23:18.966662+00
848,170,ARRIVED_DEST_PORT,2026-07-03 12:14:00+00,CARRIER_EDI,6890dc04-df96-4fba-8a54-584339182b02,2026-09-10 09:23:18.966662+00
849,170,CUSTOMS_CLEARED,2026-07-06 16:18:00+00,CARRIER_EDI,476041b3-1a4e-4899-8f9e-1335add9f1e8,2026-09-10 09:23:18.966662+00
850,170,RECEIVED_FC,2026-07-10 16:47:00+00,WMS,cc6c8667-4097-4ae9-ad09-ae357b44b547,2026-09-10 09:23:18.966662+00
851,171,BOOKED,2026-04-08 16:35:00+00,CARRIER_EDI,54e1ed94-069b-454a-b344-16d7282ac6e8,2026-09-10 09:23:18.966662+00
852,171,DEPARTED_ORIGIN,2026-04-15 08:58:00+00,CARRIER_EDI,384f59f7-02d6-43b3-8768-8b9d5826a142,2026-09-10 09:23:18.966662+00
853,171,ARRIVED_DEST_PORT,2026-05-23 13:44:00+00,CARRIER_EDI,d803ddab-4419-4b3a-b8ac-cbddc2932500,2026-09-10 09:23:18.966662+00
854,171,CUSTOMS_CLEARED,2026-05-27 12:47:00+00,CARRIER_EDI,60102201-8a96-46fd-83d5-d002360a487e,2026-09-10 09:23:18.966662+00
855,171,RECEIVED_FC,2026-06-01 17:10:00+00,WMS,767f72f5-fdcb-4171-837c-a6af4826c95f,2026-09-10 09:23:18.966662+00
856,172,BOOKED,2026-08-11 07:49:00+00,CARRIER_EDI,8007c39e-949d-46ff-858f-00d087f52e00,2026-09-10 09:23:18.966662+00
857,172,DEPARTED_ORIGIN,2026-08-16 11:24:00+00,CARRIER_EDI,6294a7ec-0a07-4f69-a4bd-1ab1ca971e37,2026-09-10 09:23:18.966662+00
858,172,ARRIVED_DEST_PORT,2026-09-08 07:42:00+00,CARRIER_EDI,a72913ad-b4c1-43bc-af41-49b13a49e964,2026-09-10 09:23:18.966662+00
859,172,CUSTOMS_CLEARED,2026-09-10 14:56:00+00,CARRIER_EDI,4f4c0064-1b84-4848-b990-7dc905d40aec,2026-09-10 09:23:18.966662+00
860,172,RECEIVED_FC,2026-09-12 12:36:00+00,WMS,43ad428d-8d25-4ec3-914b-b6950fe3ddf2,2026-09-10 09:23:18.966662+00
861,173,BOOKED,2025-10-11 09:56:00+00,CARRIER_EDI,132d9030-e6e0-47ad-805e-9209fd9968f1,2026-09-10 09:23:18.966662+00
862,173,DEPARTED_ORIGIN,2025-10-17 11:56:00+00,CARRIER_EDI,018f70f3-18f7-4492-ad09-f677a76ab41f,2026-09-10 09:23:18.966662+00
863,173,ARRIVED_DEST_PORT,2025-11-11 06:47:00+00,CARRIER_EDI,3132ab20-2a3f-4e4b-b34e-82dad8667e99,2026-09-10 09:23:18.966662+00
864,173,CUSTOMS_CLEARED,2025-11-14 16:46:00+00,CARRIER_EDI,bd47d731-2792-405b-b22b-28fb3a43cbfe,2026-09-10 09:23:18.966662+00
865,173,RECEIVED_FC,2025-11-19 12:05:00+00,WMS,487982b5-715f-4304-8584-cab17962f432,2026-09-10 09:23:18.966662+00
866,174,BOOKED,2025-11-08 12:14:00+00,CARRIER_EDI,1948aabe-3211-4436-9f7c-e0ba9ec48bd9,2026-09-10 09:23:18.966662+00
867,174,DEPARTED_ORIGIN,2025-11-13 15:05:00+00,CARRIER_EDI,b35940e7-7fa2-405b-a784-9cb3f8622706,2026-09-10 09:23:18.966662+00
868,174,ARRIVED_DEST_PORT,2025-12-13 16:32:00+00,CARRIER_EDI,aff46c28-94ca-4b6b-a7f9-10ac7e463097,2026-09-10 09:23:18.966662+00
869,174,CUSTOMS_CLEARED,2025-12-14 08:42:00+00,CARRIER_EDI,2fcbfef7-e7d9-4268-be6b-787c103c1a49,2026-09-10 09:23:18.966662+00
870,174,RECEIVED_FC,2025-12-17 10:24:00+00,WMS,96eb935e-fbc0-481f-bde2-acb524c0473b,2026-09-10 09:23:18.966662+00
871,175,BOOKED,2026-05-26 14:05:00+00,CARRIER_EDI,0913efd2-125d-4640-b12f-7ea46b0d58f8,2026-09-10 09:23:18.966662+00
872,175,DEPARTED_ORIGIN,2026-05-29 13:46:00+00,CARRIER_EDI,f8dface6-110e-4fed-bf5c-b92771420642,2026-09-10 09:23:18.966662+00
873,175,ARRIVED_DEST_PORT,2026-07-05 17:35:00+00,CARRIER_EDI,85be9bc6-9698-4c8f-ad82-c05ae1bfe9e6,2026-09-10 09:23:18.966662+00
874,175,CUSTOMS_CLEARED,2026-07-06 12:47:00+00,CARRIER_EDI,dec77d73-f165-433f-a6f0-9470e98e3ce4,2026-09-10 09:23:18.966662+00
875,175,RECEIVED_FC,2026-07-09 16:50:00+00,WMS,c61e901b-38d3-4edb-aaae-d293825fdd25,2026-09-10 09:23:18.966662+00
876,176,BOOKED,2026-05-26 13:23:00+00,CARRIER_EDI,3ffc721b-3fe1-4240-8165-705fbc86b6b9,2026-09-10 09:23:18.966662+00
877,176,DEPARTED_ORIGIN,2026-05-29 12:29:00+00,CARRIER_EDI,36edb7c7-7a7e-4ea7-b380-5619a2dca9cd,2026-09-10 09:23:18.966662+00
878,176,ARRIVED_DEST_PORT,2026-06-14 07:51:00+00,CARRIER_EDI,0128bb61-45ed-45e2-883e-ff7e0a9521c1,2026-09-10 09:23:18.966662+00
879,176,CUSTOMS_CLEARED,2026-06-15 13:08:00+00,CARRIER_EDI,c2af16a7-bc12-4436-8d35-40bb11f6a06c,2026-09-10 09:23:18.966662+00
880,176,RECEIVED_FC,2026-06-21 11:36:00+00,WMS,0c303806-3077-4c45-9452-4e9c5de51c33,2026-09-10 09:23:18.966662+00
881,177,BOOKED,2025-11-21 07:43:00+00,CARRIER_EDI,be44dd7b-92b7-4daa-9f55-132933d4d8f0,2026-09-10 09:23:18.966662+00
882,177,DEPARTED_ORIGIN,2025-11-27 14:28:00+00,CARRIER_EDI,64adb78a-c505-4b99-9ac3-12c5403a3956,2026-09-10 09:23:18.966662+00
883,177,ARRIVED_DEST_PORT,2025-12-17 08:19:00+00,CARRIER_EDI,7776c4af-ba25-4792-b86a-99381f737a84,2026-09-10 09:23:18.966662+00
884,177,CUSTOMS_CLEARED,2025-12-18 13:57:00+00,CARRIER_EDI,dbd80a91-e07f-4bf9-a700-b3f01de8c615,2026-09-10 09:23:18.966662+00
885,177,RECEIVED_FC,2025-12-22 16:58:00+00,WMS,b8c14d4e-eb88-420b-854b-10196173f42f,2026-09-10 09:23:18.966662+00
886,178,BOOKED,2026-02-09 15:31:00+00,CARRIER_EDI,69bbe48f-f047-4ef8-941c-76330b9a28ff,2026-09-10 09:23:18.966662+00
887,178,DEPARTED_ORIGIN,2026-02-16 17:53:00+00,CARRIER_EDI,8ed2e184-a6fc-49f2-b68d-01da9f77baa9,2026-09-10 09:23:18.966662+00
888,178,ARRIVED_DEST_PORT,2026-03-08 09:52:00+00,CARRIER_EDI,f2a709c1-7cc2-4dab-84dd-bb32f2ea4a1f,2026-09-10 09:23:18.966662+00
889,178,CUSTOMS_CLEARED,2026-03-11 14:38:00+00,CARRIER_EDI,9644b617-a060-41cc-8e35-6c6c3fe05f63,2026-09-10 09:23:18.966662+00
890,178,RECEIVED_FC,2026-03-16 13:33:00+00,WMS,9077e0bc-5c67-4334-9e64-69346b762b0b,2026-09-10 09:23:18.966662+00
891,179,BOOKED,2026-03-15 07:30:00+00,CARRIER_EDI,4459e76e-26eb-49f0-9586-ec88bdf6cbd3,2026-09-10 09:23:18.966662+00
892,179,DEPARTED_ORIGIN,2026-03-21 07:18:00+00,CARRIER_EDI,efa8f351-7c23-40cb-8898-b557781ea58d,2026-09-10 09:23:18.966662+00
893,179,ARRIVED_DEST_PORT,2026-04-06 06:06:00+00,CARRIER_EDI,7b3b0e28-e1ff-49d4-8668-73e5e7a8330c,2026-09-10 09:23:18.966662+00
894,179,CUSTOMS_CLEARED,2026-04-07 06:02:00+00,CARRIER_EDI,425fe452-6ead-42f0-b37d-08914665d825,2026-09-10 09:23:18.966662+00
895,179,RECEIVED_FC,2026-04-13 09:37:00+00,WMS,8048deb5-3f35-4979-94fb-0409e5455bf7,2026-09-10 09:23:18.966662+00
896,180,BOOKED,2026-07-18 06:37:00+00,CARRIER_EDI,43e3b4dd-02ee-41b9-b016-9ca531d3a526,2026-09-10 09:23:18.966662+00
897,180,DEPARTED_ORIGIN,2026-07-25 09:44:00+00,CARRIER_EDI,9095f9ac-8abd-4e8f-b6d3-f71b38bdd1df,2026-09-10 09:23:18.966662+00
898,180,ARRIVED_DEST_PORT,2026-08-12 13:51:00+00,CARRIER_EDI,ff419ece-dd49-4227-be58-ea12c9936101,2026-09-10 09:23:18.966662+00
899,180,CUSTOMS_CLEARED,2026-08-14 06:37:00+00,CARRIER_EDI,fc959f45-e092-429a-baf9-9a84a9b71f12,2026-09-10 09:23:18.966662+00
900,180,RECEIVED_FC,2026-08-17 13:21:00+00,WMS,636941fc-2e91-46ae-9f11-e8a33a89acc2,2026-09-10 09:23:18.966662+00
901,181,BOOKED,2026-06-20 08:21:00+00,CARRIER_EDI,ee4c9a68-b81b-4621-9617-b449993958d8,2026-09-10 09:23:18.966662+00
902,181,DEPARTED_ORIGIN,2026-06-26 11:40:00+00,CARRIER_EDI,b2cdb918-9afb-4aa8-b856-fee356c6c6b8,2026-09-10 09:23:18.966662+00
903,181,ARRIVED_DEST_PORT,2026-07-14 14:56:00+00,CARRIER_EDI,33b847c7-2410-4199-9e0a-f55611777e08,2026-09-10 09:23:18.966662+00
904,181,CUSTOMS_CLEARED,2026-07-18 14:46:00+00,CARRIER_EDI,620ea565-0406-4cd3-ad20-26800a9c27cb,2026-09-10 09:23:18.966662+00
905,181,RECEIVED_FC,2026-07-24 12:00:00+00,WMS,62e47c43-eaf8-4026-ad11-d6cccd3b1067,2026-09-10 09:23:18.966662+00
906,182,BOOKED,2026-02-16 10:05:00+00,CARRIER_EDI,c06a5595-d753-4b87-bb1a-6738be441db3,2026-09-10 09:23:18.966662+00
907,182,DEPARTED_ORIGIN,2026-02-19 09:46:00+00,CARRIER_EDI,cee00da0-f6cc-4616-b712-8647c5c34406,2026-09-10 09:23:18.966662+00
908,182,ARRIVED_DEST_PORT,2026-03-14 13:53:00+00,CARRIER_EDI,2805c5ef-f9c8-487a-9847-32e485770415,2026-09-10 09:23:18.966662+00
909,182,CUSTOMS_CLEARED,2026-03-17 11:41:00+00,CARRIER_EDI,42b6b7fb-a99e-475e-8ab6-256ebe2d7717,2026-09-10 09:23:18.966662+00
910,182,RECEIVED_FC,2026-03-20 07:08:00+00,WMS,89a2f165-0c84-490f-910d-8421d9cb299e,2026-09-10 09:23:18.966662+00
911,183,BOOKED,2026-06-26 07:04:00+00,CARRIER_EDI,3983f4c7-8486-4e9a-ab8a-ee381d2f6070,2026-09-10 09:23:18.966662+00
912,183,DEPARTED_ORIGIN,2026-07-03 16:22:00+00,CARRIER_EDI,17ba74f1-e52f-4cf1-80f9-338e6b176cbf,2026-09-10 09:23:18.966662+00
913,183,ARRIVED_DEST_PORT,2026-07-19 09:28:00+00,CARRIER_EDI,aa1f424f-b043-4041-b34e-82b9e93cc1f8,2026-09-10 09:23:18.966662+00
914,183,CUSTOMS_CLEARED,2026-07-23 13:15:00+00,CARRIER_EDI,b8b4074c-7b72-41a3-9750-f7b94373f17d,2026-09-10 09:23:18.966662+00
915,183,RECEIVED_FC,2026-07-29 17:36:00+00,WMS,bb5b2c06-6d36-42fe-b60f-263f48174d61,2026-09-10 09:23:18.966662+00
916,184,BOOKED,2026-01-21 09:25:00+00,CARRIER_EDI,08da8643-2679-424c-bac5-dc0efbc949c7,2026-09-10 09:23:18.966662+00
917,184,DEPARTED_ORIGIN,2026-01-26 10:43:00+00,CARRIER_EDI,7296a559-9e25-4a92-b1d4-5e6061ec925e,2026-09-10 09:23:18.966662+00
918,184,ARRIVED_DEST_PORT,2026-02-11 06:10:00+00,CARRIER_EDI,3ff9d507-6224-4c85-83cf-f8306a4dca14,2026-09-10 09:23:18.966662+00
919,184,CUSTOMS_CLEARED,2026-02-14 07:47:00+00,CARRIER_EDI,d805795b-7e5f-43cd-ab5b-e867d78a46d2,2026-09-10 09:23:18.966662+00
920,184,RECEIVED_FC,2026-02-18 10:03:00+00,WMS,902046ac-4039-4ba4-95dc-5a53abcc3547,2026-09-10 09:23:18.966662+00
921,185,BOOKED,2026-07-27 11:02:00+00,CARRIER_EDI,3c3386eb-5561-4e9d-ae82-6a5925aeeaa1,2026-09-10 09:23:18.966662+00
922,185,DEPARTED_ORIGIN,2026-07-30 13:57:00+00,CARRIER_EDI,c05fad11-edf7-4381-abea-6bc390d1f877,2026-09-10 09:23:18.966662+00
923,185,ARRIVED_DEST_PORT,2026-08-20 13:55:00+00,CARRIER_EDI,f7197ebf-1afd-428f-9f4d-d3429e62b5a3,2026-09-10 09:23:18.966662+00
924,185,CUSTOMS_CLEARED,2026-08-24 08:43:00+00,CARRIER_EDI,86b3be89-6d9b-4de5-9e72-465d3e73e542,2026-09-10 09:23:18.966662+00
925,185,RECEIVED_FC,2026-08-30 16:28:00+00,WMS,81d58cb1-bc7f-42ef-9b44-9e25cb6b54c0,2026-09-10 09:23:18.966662+00
926,186,BOOKED,2026-06-17 17:46:00+00,CARRIER_EDI,f5436091-a526-436a-8c0c-92939e3c3896,2026-09-10 09:23:18.966662+00
927,186,DEPARTED_ORIGIN,2026-06-23 08:53:00+00,CARRIER_EDI,78ebb2e0-41dc-453f-8631-fd4b4d39fed7,2026-09-10 09:23:18.966662+00
928,186,ARRIVED_DEST_PORT,2026-07-20 14:54:00+00,CARRIER_EDI,f41b3551-51d8-435f-9aba-6905e3bc0289,2026-09-10 09:23:18.966662+00
929,186,CUSTOMS_CLEARED,2026-07-24 09:54:00+00,CARRIER_EDI,30988605-135e-4397-88c8-90ae221c5e94,2026-09-10 09:23:18.966662+00
930,186,RECEIVED_FC,2026-07-29 13:10:00+00,WMS,3743a9fe-2db8-4144-907f-8bd9ef749384,2026-09-10 09:23:18.966662+00
931,187,BOOKED,2026-02-25 13:42:00+00,CARRIER_EDI,0245a9cf-a566-44d5-8679-a63038c8acc1,2026-09-10 09:23:18.966662+00
932,187,DEPARTED_ORIGIN,2026-02-28 13:21:00+00,CARRIER_EDI,cd18ac77-6106-408e-a486-f625d6d5ff99,2026-09-10 09:23:18.966662+00
933,187,ARRIVED_DEST_PORT,2026-03-16 13:40:00+00,CARRIER_EDI,68b8f73a-a1da-4e7d-a952-44fee80daff1,2026-09-10 09:23:18.966662+00
934,187,CUSTOMS_CLEARED,2026-03-20 09:56:00+00,CARRIER_EDI,e558718a-e149-4676-98b4-504cb60675c0,2026-09-10 09:23:18.966662+00
935,187,RECEIVED_FC,2026-03-24 17:27:00+00,WMS,931a7941-8028-484c-ab18-7c2f04a20e48,2026-09-10 09:23:18.966662+00
936,188,BOOKED,2026-07-23 13:41:00+00,CARRIER_EDI,df1aff78-14c5-44ea-a23f-9e39b6746e29,2026-09-10 09:23:18.966662+00
937,188,DEPARTED_ORIGIN,2026-07-30 14:57:00+00,CARRIER_EDI,09b05ad2-520a-4e64-93eb-8edcde45a6f6,2026-09-10 09:23:18.966662+00
938,188,ARRIVED_DEST_PORT,2026-08-29 13:26:00+00,CARRIER_EDI,3b72f1cc-f2d4-46e9-ac8f-ad0e6852850b,2026-09-10 09:23:18.966662+00
939,188,CUSTOMS_CLEARED,2026-08-30 11:55:00+00,CARRIER_EDI,c8eb6591-b3a6-47b4-80bd-0242b7cb67e3,2026-09-10 09:23:18.966662+00
940,188,RECEIVED_FC,2026-09-03 13:34:00+00,WMS,9b56c949-8933-43a5-be93-03c45a77935a,2026-09-10 09:23:18.966662+00
941,189,BOOKED,2025-12-24 11:03:00+00,CARRIER_EDI,afb2c408-d3e2-4113-81bb-191a9a409b93,2026-09-10 09:23:18.966662+00
942,189,DEPARTED_ORIGIN,2025-12-28 16:30:00+00,CARRIER_EDI,976c0779-7431-49ed-ab55-07fc2f3342ca,2026-09-10 09:23:18.966662+00
943,189,ARRIVED_DEST_PORT,2026-01-14 06:50:00+00,CARRIER_EDI,6f8e7c9e-481a-40ba-b7c3-4c8df615d0da,2026-09-10 09:23:18.966662+00
944,189,CUSTOMS_CLEARED,2026-01-17 07:41:00+00,CARRIER_EDI,056b11e5-8f74-476b-af7d-34b4e6d0cd30,2026-09-10 09:23:18.966662+00
945,189,RECEIVED_FC,2026-01-20 14:57:00+00,WMS,8f97dd80-6f46-4de6-ad7f-e2f9a7332028,2026-09-10 09:23:18.966662+00
946,190,BOOKED,2026-05-27 14:56:00+00,CARRIER_EDI,98fd61e0-bd22-4054-9c3c-b6f4556b4fe4,2026-09-10 09:23:18.966662+00
947,190,DEPARTED_ORIGIN,2026-06-02 12:48:00+00,CARRIER_EDI,47f1308c-342f-4400-bc39-0e0a21eae77c,2026-09-10 09:23:18.966662+00
948,190,ARRIVED_DEST_PORT,2026-06-21 15:18:00+00,CARRIER_EDI,5955b57d-b816-4da8-90ab-c1070417f42c,2026-09-10 09:23:18.966662+00
949,190,CUSTOMS_CLEARED,2026-06-22 08:30:00+00,CARRIER_EDI,4eee6b76-8a0b-4841-ad49-6311a620e5bb,2026-09-10 09:23:18.966662+00
950,190,RECEIVED_FC,2026-06-28 09:38:00+00,WMS,235c13fc-ea4e-4b83-8cbb-befa6d7b78d3,2026-09-10 09:23:18.966662+00
951,191,BOOKED,2026-07-13 11:48:00+00,CARRIER_EDI,e85ef57e-41d8-4a62-bbb3-55fa914377c3,2026-09-10 09:23:18.966662+00
952,191,DEPARTED_ORIGIN,2026-07-19 15:09:00+00,CARRIER_EDI,1f4d4a37-f303-4618-b41d-3ad1eb1e7f49,2026-09-10 09:23:18.966662+00
953,191,ARRIVED_DEST_PORT,2026-08-03 12:32:00+00,CARRIER_EDI,8e0f4d03-8f06-468c-b86c-d7f98a5b5806,2026-09-10 09:23:18.966662+00
954,191,CUSTOMS_CLEARED,2026-08-05 07:21:00+00,CARRIER_EDI,9c89fdb3-9901-497c-8265-5c019cc1f42b,2026-09-10 09:23:18.966662+00
955,191,RECEIVED_FC,2026-08-09 09:23:00+00,WMS,19ccf6da-ccd1-496c-94e8-c18e9058c611,2026-09-10 09:23:18.966662+00
956,192,BOOKED,2025-11-11 11:45:00+00,CARRIER_EDI,47614a97-cd30-41bd-89a9-c3cf49e063d4,2026-09-10 09:23:18.966662+00
957,192,DEPARTED_ORIGIN,2025-11-15 13:35:00+00,CARRIER_EDI,d7cf41ed-055e-4645-96b9-2021275d05d7,2026-09-10 09:23:18.966662+00
958,192,ARRIVED_DEST_PORT,2025-12-09 16:46:00+00,CARRIER_EDI,9de20de3-3dca-4c07-89cf-c38790f73835,2026-09-10 09:23:18.966662+00
959,192,CUSTOMS_CLEARED,2025-12-11 17:15:00+00,CARRIER_EDI,85afad09-1132-4426-8c68-b8cb3797309d,2026-09-10 09:23:18.966662+00
960,192,RECEIVED_FC,2025-12-17 14:07:00+00,WMS,cef0ef01-7621-46f3-9ebf-0535b2d402d7,2026-09-10 09:23:18.966662+00
961,193,BOOKED,2026-07-28 13:06:00+00,CARRIER_EDI,39f9b2b6-61d3-47d8-b565-26f19e356068,2026-09-10 09:23:18.966662+00
962,193,DEPARTED_ORIGIN,2026-08-01 10:55:00+00,CARRIER_EDI,891a2cf1-0c46-496a-8b60-e1b8edafa39d,2026-09-10 09:23:18.966662+00
963,193,ARRIVED_DEST_PORT,2026-08-28 11:30:00+00,CARRIER_EDI,6b0f232e-0314-45ab-a587-a44715b30090,2026-09-10 09:23:18.966662+00
964,193,CUSTOMS_CLEARED,2026-08-29 09:35:00+00,CARRIER_EDI,d7c2fe6e-0037-473f-831b-4b7ac605d874,2026-09-10 09:23:18.966662+00
965,193,RECEIVED_FC,2026-09-04 08:35:00+00,WMS,8d8dd40c-cadf-49b1-8e7d-a8871287682d,2026-09-10 09:23:18.966662+00
966,194,BOOKED,2026-03-10 09:33:00+00,CARRIER_EDI,68a3250e-239c-47c3-a4cc-cb10f491f46e,2026-09-10 09:23:18.966662+00
967,194,DEPARTED_ORIGIN,2026-03-15 14:27:00+00,CARRIER_EDI,bf0d1428-c8dd-43ec-891c-5c78baf5b141,2026-09-10 09:23:18.966662+00
968,194,ARRIVED_DEST_PORT,2026-04-02 16:19:00+00,CARRIER_EDI,a1e893a2-bf8a-4f49-accd-f7f4e9306ea1,2026-09-10 09:23:18.966662+00
969,194,CUSTOMS_CLEARED,2026-04-03 08:44:00+00,CARRIER_EDI,dba9818f-0bb7-4d92-a973-a8b890388322,2026-09-10 09:23:18.966662+00
970,194,RECEIVED_FC,2026-04-07 17:34:00+00,WMS,c9894a33-19d8-4ea5-bb47-aa24d6978d28,2026-09-10 09:23:18.966662+00
971,195,BOOKED,2026-03-21 07:50:00+00,CARRIER_EDI,72b8efdb-73c7-4ce9-a25a-7b6e65f2b155,2026-09-10 09:23:18.966662+00
972,195,DEPARTED_ORIGIN,2026-03-27 15:04:00+00,CARRIER_EDI,23416466-4e20-4048-8be3-6933c82388b8,2026-09-10 09:23:18.966662+00
973,195,ARRIVED_DEST_PORT,2026-04-30 06:53:00+00,CARRIER_EDI,f20e5de4-4d99-4015-b4fc-736fb2cd7763,2026-09-10 09:23:18.966662+00
974,195,CUSTOMS_CLEARED,2026-05-04 07:38:00+00,CARRIER_EDI,cd3e7143-f4dd-4aa1-9398-b73a9f60cc3b,2026-09-10 09:23:18.966662+00
975,195,RECEIVED_FC,2026-05-06 12:33:00+00,WMS,bd7110e5-af00-4607-87ec-d62adcf3f2bd,2026-09-10 09:23:18.966662+00
976,196,BOOKED,2025-09-30 16:01:00+00,CARRIER_EDI,29b0c089-c78d-4805-9377-18537048cef3,2026-09-10 09:23:18.966662+00
977,196,DEPARTED_ORIGIN,2025-10-05 08:26:00+00,CARRIER_EDI,d1870303-cf2a-4018-90ce-d80cee9ae029,2026-09-10 09:23:18.966662+00
978,196,ARRIVED_DEST_PORT,2025-10-23 10:45:00+00,CARRIER_EDI,019e7b3e-d7c7-4f0d-8d0c-8f511247f730,2026-09-10 09:23:18.966662+00
979,196,CUSTOMS_CLEARED,2025-10-25 11:31:00+00,CARRIER_EDI,48b7ae31-1eac-4f46-ae59-d5690b30a71d,2026-09-10 09:23:18.966662+00
980,196,RECEIVED_FC,2025-10-28 11:29:00+00,WMS,7e585a39-39b0-455d-aaaf-a629bf97908d,2026-09-10 09:23:18.966662+00
981,197,BOOKED,2025-09-17 12:13:00+00,CARRIER_EDI,54eb7297-2320-4bd7-bdeb-0d8ceab5410b,2026-09-10 09:23:18.966662+00
982,197,DEPARTED_ORIGIN,2025-09-23 13:56:00+00,CARRIER_EDI,8dcaf3e7-4b6f-4e81-81a2-a6bf4bf91714,2026-09-10 09:23:18.966662+00
983,197,ARRIVED_DEST_PORT,2025-10-21 07:23:00+00,CARRIER_EDI,a47967c3-0b6e-487a-be9a-018cd5955c88,2026-09-10 09:23:18.966662+00
984,197,CUSTOMS_CLEARED,2025-10-22 07:08:00+00,CARRIER_EDI,da90d869-22d2-45d8-9feb-62eb280dba8e,2026-09-10 09:23:18.966662+00
985,197,RECEIVED_FC,2025-10-28 09:56:00+00,WMS,c69da823-c20e-4912-a8c2-8de8c9955157,2026-09-10 09:23:18.966662+00
986,198,BOOKED,2025-09-05 08:10:00+00,CARRIER_EDI,552a84ce-f4bc-4b5d-b362-6bc83dd59421,2026-09-10 09:23:18.966662+00
987,198,DEPARTED_ORIGIN,2025-09-12 10:43:00+00,CARRIER_EDI,2ced6880-d22d-4280-9714-b0115464f9bc,2026-09-10 09:23:18.966662+00
988,198,ARRIVED_DEST_PORT,2025-10-16 08:18:00+00,CARRIER_EDI,ada90c9d-7420-4086-97f4-0f9247c1e143,2026-09-10 09:23:18.966662+00
989,198,CUSTOMS_CLEARED,2025-10-18 14:06:00+00,CARRIER_EDI,63d98e88-a41e-4489-8b16-2c2591994b62,2026-09-10 09:23:18.966662+00
990,198,RECEIVED_FC,2025-10-21 16:10:00+00,WMS,a896502b-f86d-4d04-a37a-37ecc2e9f103,2026-09-10 09:23:18.966662+00
991,199,BOOKED,2026-04-11 08:55:00+00,CARRIER_EDI,497b7867-0743-4da9-8b60-4cc69fae8132,2026-09-10 09:23:18.966662+00
992,199,DEPARTED_ORIGIN,2026-04-17 08:22:00+00,CARRIER_EDI,47f84698-076d-4198-8f1a-04f3a15c36a9,2026-09-10 09:23:18.966662+00
993,199,ARRIVED_DEST_PORT,2026-05-07 10:55:00+00,CARRIER_EDI,6f814093-ad94-40c9-9e0e-56443820e660,2026-09-10 09:23:18.966662+00
994,199,CUSTOMS_CLEARED,2026-05-08 16:47:00+00,CARRIER_EDI,509b182e-b2df-4b80-a3d0-0b1fc6fec120,2026-09-10 09:23:18.966662+00
995,199,RECEIVED_FC,2026-05-12 06:18:00+00,WMS,ed24cfc8-0608-4d92-a801-e9b611497ac5,2026-09-10 09:23:18.966662+00
996,200,BOOKED,2025-09-27 07:12:00+00,CARRIER_EDI,21d9b2ff-1410-4aef-8ec2-2b335bed0d11,2026-09-10 09:23:18.966662+00
997,200,DEPARTED_ORIGIN,2025-10-01 13:16:00+00,CARRIER_EDI,74ad61f1-2a60-446e-b2cc-9367ce095be0,2026-09-10 09:23:18.966662+00
998,200,ARRIVED_DEST_PORT,2025-10-24 08:34:00+00,CARRIER_EDI,ed067099-ddcc-418b-97a2-e8ff9c8b99b7,2026-09-10 09:23:18.966662+00
999,200,CUSTOMS_CLEARED,2025-10-27 17:24:00+00,CARRIER_EDI,81149f15-fe83-4a4c-91e5-96bf07b6b3b7,2026-09-10 09:23:18.966662+00
1000,200,RECEIVED_FC,2025-10-31 08:05:00+00,WMS,c7f7f357-c8c2-4442-83f1-a8f78bb0f597,2026-09-10 09:23:18.966662+00
1001,201,BOOKED,2026-06-12 10:18:00+00,CARRIER_EDI,7bdc5f82-7fb6-4ef3-b35d-1918762f4615,2026-09-10 09:23:18.966662+00
1002,201,DEPARTED_ORIGIN,2026-06-16 17:47:00+00,CARRIER_EDI,32d52bb6-ff22-48db-877c-59962d613817,2026-09-10 09:23:18.966662+00
1003,201,ARRIVED_DEST_PORT,2026-07-04 09:14:00+00,CARRIER_EDI,015cd02e-41dc-4a34-bfa3-43e7ebe0afc2,2026-09-10 09:23:18.966662+00
1004,201,CUSTOMS_CLEARED,2026-07-07 14:41:00+00,CARRIER_EDI,a1f53be7-b44e-4940-ac14-b09ef24f3798,2026-09-10 09:23:18.966662+00
1005,201,RECEIVED_FC,2026-07-10 06:46:00+00,WMS,13466344-31b8-43c2-858e-0e478b8d6bd0,2026-09-10 09:23:18.966662+00
1006,202,BOOKED,2025-11-07 16:27:00+00,CARRIER_EDI,62046c41-1e86-4056-aa39-4312e8677754,2026-09-10 09:23:18.966662+00
1007,202,DEPARTED_ORIGIN,2025-11-10 17:15:00+00,CARRIER_EDI,9cf0aac0-d0fb-4627-8723-3d5c603c3ee8,2026-09-10 09:23:18.966662+00
1008,202,ARRIVED_DEST_PORT,2025-11-22 10:38:00+00,CARRIER_EDI,364ca52b-2dff-427a-89fe-583216d25cdd,2026-09-10 09:23:18.966662+00
1009,202,CUSTOMS_CLEARED,2025-11-25 15:59:00+00,CARRIER_EDI,565da83b-a8dc-42f5-88c6-b6525650a95f,2026-09-10 09:23:18.966662+00
1010,202,RECEIVED_FC,2025-12-01 11:50:00+00,WMS,f3f6b4b3-6fb2-4b13-8469-38b1deb228f3,2026-09-10 09:23:18.966662+00
1011,203,BOOKED,2026-02-01 15:12:00+00,CARRIER_EDI,7145749d-2c9b-4b38-bac4-bb0714bd3338,2026-09-10 09:23:18.966662+00
1012,203,DEPARTED_ORIGIN,2026-02-04 07:25:00+00,CARRIER_EDI,9d0ac1c7-8fed-4626-8573-9807ab19a1b5,2026-09-10 09:23:18.966662+00
1013,203,ARRIVED_DEST_PORT,2026-03-08 10:42:00+00,CARRIER_EDI,fce42fc8-325e-4095-8e6b-aaf6bbe80199,2026-09-10 09:23:18.966662+00
1014,203,CUSTOMS_CLEARED,2026-03-09 08:06:00+00,CARRIER_EDI,7c1f020d-455c-4690-807b-ebaa4c776271,2026-09-10 09:23:18.966662+00
1015,203,RECEIVED_FC,2026-03-15 15:56:00+00,WMS,2760646d-ae11-42ee-bff0-1f8ff45fa6ae,2026-09-10 09:23:18.966662+00
1016,204,BOOKED,2025-12-14 11:59:00+00,CARRIER_EDI,8c50a215-1832-41e5-aa2f-d45dd32e941b,2026-09-10 09:23:18.966662+00
1017,204,DEPARTED_ORIGIN,2025-12-17 06:28:00+00,CARRIER_EDI,4862cacf-fc1e-4cd1-9cb6-5ec72e7927c0,2026-09-10 09:23:18.966662+00
1018,204,ARRIVED_DEST_PORT,2026-01-31 13:49:00+00,CARRIER_EDI,a8c83ab7-8e60-4a2a-b9ed-7ce69b34bc0f,2026-09-10 09:23:18.966662+00
1019,204,CUSTOMS_CLEARED,2026-02-01 08:37:00+00,CARRIER_EDI,0bbe3809-b0bd-4143-b5a5-3eb1653f322d,2026-09-10 09:23:18.966662+00
1020,204,RECEIVED_FC,2026-02-03 07:31:00+00,WMS,7950829e-176b-4cc8-93fb-91bd9134eb42,2026-09-10 09:23:18.966662+00
1021,205,BOOKED,2026-01-14 07:06:00+00,CARRIER_EDI,86c15276-0faa-4297-8221-90731aeea52f,2026-09-10 09:23:18.966662+00
1022,205,DEPARTED_ORIGIN,2026-01-18 11:09:00+00,CARRIER_EDI,cf81a733-c99d-48de-bc88-9ba98ee8c05e,2026-09-10 09:23:18.966662+00
1023,205,ARRIVED_DEST_PORT,2026-02-15 10:37:00+00,CARRIER_EDI,62874f73-a0c2-4a22-a435-1002f67e6b93,2026-09-10 09:23:18.966662+00
1024,205,CUSTOMS_CLEARED,2026-02-19 11:39:00+00,CARRIER_EDI,a7e330b6-4414-4124-b31f-122a3f5d230b,2026-09-10 09:23:18.966662+00
1025,205,RECEIVED_FC,2026-02-24 11:20:00+00,WMS,0cd35c77-ce4c-4889-8b97-5321b4c49cfe,2026-09-10 09:23:18.966662+00
1026,206,BOOKED,2025-09-09 10:50:00+00,CARRIER_EDI,550eb00c-04bb-4339-972c-2c9af939d7de,2026-09-10 09:23:18.966662+00
1027,206,DEPARTED_ORIGIN,2025-09-14 13:16:00+00,CARRIER_EDI,ff023813-00c0-46dc-a497-08847a3c919c,2026-09-10 09:23:18.966662+00
1028,206,ARRIVED_DEST_PORT,2025-10-06 08:26:00+00,CARRIER_EDI,a7a0a76e-63cc-4137-8d93-edc0fc3e94f4,2026-09-10 09:23:18.966662+00
1029,206,CUSTOMS_CLEARED,2025-10-10 09:08:00+00,CARRIER_EDI,4e19dac9-c14e-4cfe-96af-c6a776b9ec7b,2026-09-10 09:23:18.966662+00
1030,206,RECEIVED_FC,2025-10-16 12:38:00+00,WMS,a5f6e8e7-e8b7-4346-a761-a9526e96dff4,2026-09-10 09:23:18.966662+00
1031,207,BOOKED,2026-07-26 17:58:00+00,CARRIER_EDI,13fec01c-d582-45c6-a38e-670c65aaf840,2026-09-10 09:23:18.966662+00
1032,207,DEPARTED_ORIGIN,2026-07-30 13:04:00+00,CARRIER_EDI,cb4ea68d-c781-4347-a9ee-d64a473e7a25,2026-09-10 09:23:18.966662+00
1033,207,ARRIVED_DEST_PORT,2026-09-02 11:31:00+00,CARRIER_EDI,f4e0e474-c7d8-4bd4-a115-3023610c2b36,2026-09-10 09:23:18.966662+00
1034,207,CUSTOMS_CLEARED,2026-09-04 10:30:00+00,CARRIER_EDI,1be4258c-3838-4621-9085-0f8b9f1d16de,2026-09-10 09:23:18.966662+00
1035,207,RECEIVED_FC,2026-09-10 13:40:00+00,WMS,6b8333ef-161e-4570-a8eb-4484ded10089,2026-09-10 09:23:18.966662+00
1036,208,BOOKED,2026-07-07 06:59:00+00,CARRIER_EDI,1f61b0d5-7c08-4560-9270-3868f7308529,2026-09-10 09:23:18.966662+00
1037,208,DEPARTED_ORIGIN,2026-07-14 12:27:00+00,CARRIER_EDI,c117a784-42da-4883-b7de-4de146483585,2026-09-10 09:23:18.966662+00
1038,208,ARRIVED_DEST_PORT,2026-08-12 15:09:00+00,CARRIER_EDI,6636484c-06f3-455d-a9d7-00e5a305c9f4,2026-09-10 09:23:18.966662+00
1039,208,CUSTOMS_CLEARED,2026-08-14 14:54:00+00,CARRIER_EDI,63dba908-2411-475b-8f71-d02a63d6f4eb,2026-09-10 09:23:18.966662+00
1040,208,RECEIVED_FC,2026-08-19 10:02:00+00,WMS,40d2edef-eab9-4581-a376-e639a3f3a501,2026-09-10 09:23:18.966662+00
1041,209,BOOKED,2025-11-27 14:23:00+00,CARRIER_EDI,ba8c8a3e-7464-4d37-b2da-23a06e3f28d1,2026-09-10 09:23:18.966662+00
1042,209,DEPARTED_ORIGIN,2025-12-02 14:27:00+00,CARRIER_EDI,5bbf8b10-c1ae-450c-a2d8-18787e13c62d,2026-09-10 09:23:18.966662+00
1043,209,ARRIVED_DEST_PORT,2025-12-31 12:33:00+00,CARRIER_EDI,b81d1074-0b84-46a4-8b6f-ea4a332db2e2,2026-09-10 09:23:18.966662+00
1044,209,CUSTOMS_CLEARED,2026-01-04 10:06:00+00,CARRIER_EDI,318c5080-2a20-4698-9be2-4214cd139119,2026-09-10 09:23:18.966662+00
1045,209,RECEIVED_FC,2026-01-08 16:31:00+00,WMS,6eb72390-e712-455d-b960-545db75597d7,2026-09-10 09:23:18.966662+00
1046,210,BOOKED,2026-01-14 07:11:00+00,CARRIER_EDI,e651f6ba-14de-4ed7-bacc-9abd370ce691,2026-09-10 09:23:18.966662+00
1047,210,DEPARTED_ORIGIN,2026-01-19 07:43:00+00,CARRIER_EDI,7998feb9-5bf7-4eb1-b4bd-f16d011570cd,2026-09-10 09:23:18.966662+00
1048,210,ARRIVED_DEST_PORT,2026-02-15 14:33:00+00,CARRIER_EDI,f466441a-c217-4ca7-b9c5-d671c495cc8f,2026-09-10 09:23:18.966662+00
1049,210,CUSTOMS_CLEARED,2026-02-18 09:43:00+00,CARRIER_EDI,22d7d92f-07e5-4bda-aa4b-e9d385d79643,2026-09-10 09:23:18.966662+00
1050,210,RECEIVED_FC,2026-02-22 16:17:00+00,WMS,ebd8005e-5487-4ef4-8c3a-b9ab4658749e,2026-09-10 09:23:18.966662+00
1051,211,BOOKED,2026-07-02 14:21:00+00,CARRIER_EDI,d67a6d5c-1a29-4b70-916d-377d117a676e,2026-09-10 09:23:18.966662+00
1052,211,DEPARTED_ORIGIN,2026-07-09 11:18:00+00,CARRIER_EDI,9ba1f689-3ce2-499c-86c2-9b6a9237688d,2026-09-10 09:23:18.966662+00
1053,211,ARRIVED_DEST_PORT,2026-08-22 12:54:00+00,CARRIER_EDI,129a5521-cd57-4da6-aa7b-56d3bce3a0eb,2026-09-10 09:23:18.966662+00
1054,211,CUSTOMS_CLEARED,2026-08-23 07:38:00+00,CARRIER_EDI,50f6d175-21b5-4a64-bebd-faf46d551c41,2026-09-10 09:23:18.966662+00
1055,211,RECEIVED_FC,2026-08-27 08:01:00+00,WMS,77500462-726f-495d-99b5-6207d064d65e,2026-09-10 09:23:18.966662+00
1056,212,BOOKED,2026-03-17 10:55:00+00,CARRIER_EDI,63cc08af-3798-4302-8d1c-9f6fc36452db,2026-09-10 09:23:18.966662+00
1057,212,DEPARTED_ORIGIN,2026-03-20 13:20:00+00,CARRIER_EDI,f90dcb61-eb5c-46c6-b501-6b28a823b197,2026-09-10 09:23:18.966662+00
1058,212,ARRIVED_DEST_PORT,2026-04-08 06:31:00+00,CARRIER_EDI,79b6cafd-13f2-49cd-9476-0a95f18f3a8e,2026-09-10 09:23:18.966662+00
1059,212,CUSTOMS_CLEARED,2026-04-12 09:17:00+00,CARRIER_EDI,04fc6c3a-c781-4426-af84-e8b228006f70,2026-09-10 09:23:18.966662+00
1060,212,RECEIVED_FC,2026-04-15 11:17:00+00,WMS,79002d63-3656-4a2c-b712-0f4b81629fc1,2026-09-10 09:23:18.966662+00
1061,213,BOOKED,2025-10-16 08:14:00+00,CARRIER_EDI,d2bf6f65-8c7a-425e-a6d0-627f3bb90e60,2026-09-10 09:23:18.966662+00
1062,213,DEPARTED_ORIGIN,2025-10-19 08:57:00+00,CARRIER_EDI,9d33fa7a-b873-4e59-83d1-831347121e5b,2026-09-10 09:23:18.966662+00
1063,213,ARRIVED_DEST_PORT,2025-11-11 13:41:00+00,CARRIER_EDI,8c4bba63-edaf-4709-ba84-dade1288afb6,2026-09-10 09:23:18.966662+00
1064,213,CUSTOMS_CLEARED,2025-11-15 09:55:00+00,CARRIER_EDI,8ef0f96c-5529-41fd-a830-c7adbdf987e8,2026-09-10 09:23:18.966662+00
1065,213,RECEIVED_FC,2025-11-21 10:02:00+00,WMS,fa79aeb4-261d-405a-a0c6-c1dd5004b18a,2026-09-10 09:23:18.966662+00
1066,214,BOOKED,2026-01-05 14:29:00+00,CARRIER_EDI,a087e7ae-5bd2-4d84-b954-2d27e7a73cf4,2026-09-10 09:23:18.966662+00
1067,214,DEPARTED_ORIGIN,2026-01-08 08:09:00+00,CARRIER_EDI,32b76c1c-0292-44cb-9176-72bc51e3bdab,2026-09-10 09:23:18.966662+00
1068,214,ARRIVED_DEST_PORT,2026-01-24 08:09:00+00,CARRIER_EDI,250175f1-cfff-4fde-959a-924d8847e0e4,2026-09-10 09:23:18.966662+00
1069,214,CUSTOMS_CLEARED,2026-01-25 17:01:00+00,CARRIER_EDI,ff75185c-af7c-49e5-8e1f-7cf51294131e,2026-09-10 09:23:18.966662+00
1070,214,RECEIVED_FC,2026-01-31 17:00:00+00,WMS,3c478707-6a6f-41fa-947a-6356b47d3a70,2026-09-10 09:23:18.966662+00
1071,215,BOOKED,2026-04-04 12:56:00+00,CARRIER_EDI,9e045bec-9c61-42c2-b190-b2b51a463906,2026-09-10 09:23:18.966662+00
1072,215,DEPARTED_ORIGIN,2026-04-11 10:10:00+00,CARRIER_EDI,9a40a443-a151-46dc-9949-35c73787eb2c,2026-09-10 09:23:18.966662+00
1073,215,ARRIVED_DEST_PORT,2026-04-27 14:07:00+00,CARRIER_EDI,d05b3b42-5d34-4745-ba10-64eb56560fe8,2026-09-10 09:23:18.966662+00
1074,215,CUSTOMS_CLEARED,2026-05-01 17:56:00+00,CARRIER_EDI,7193e850-cfcf-4ee2-9ba2-2789f2653fa2,2026-09-10 09:23:18.966662+00
1075,215,RECEIVED_FC,2026-05-04 07:35:00+00,WMS,1a04debf-c587-41da-a448-ee0a8921e49d,2026-09-10 09:23:18.966662+00
1076,216,BOOKED,2026-05-05 06:46:00+00,CARRIER_EDI,c038620e-2b20-42d0-abd9-589b44a23b01,2026-09-10 09:23:18.966662+00
1077,216,DEPARTED_ORIGIN,2026-05-09 12:53:00+00,CARRIER_EDI,5bb19878-821b-44b0-bcdb-26320dfada59,2026-09-10 09:23:18.966662+00
1078,216,ARRIVED_DEST_PORT,2026-05-30 10:28:00+00,CARRIER_EDI,8f3cdbbf-3e28-4f44-ba0d-5322dccf10d0,2026-09-10 09:23:18.966662+00
1079,216,CUSTOMS_CLEARED,2026-06-02 11:46:00+00,CARRIER_EDI,5360f8f8-a5a0-4a50-8e0a-82532eeca80a,2026-09-10 09:23:18.966662+00
1080,216,RECEIVED_FC,2026-06-05 12:41:00+00,WMS,78dfa5be-fa9c-4b5c-b61a-e62216070e31,2026-09-10 09:23:18.966662+00
1081,217,BOOKED,2026-03-24 08:56:00+00,CARRIER_EDI,c58d8fd0-3222-4017-ab94-9ceb4a4d97c2,2026-09-10 09:23:18.966662+00
1082,217,DEPARTED_ORIGIN,2026-03-28 11:59:00+00,CARRIER_EDI,f86843f1-5732-42ca-a418-05ebb3a6355c,2026-09-10 09:23:18.966662+00
1083,217,ARRIVED_DEST_PORT,2026-04-12 07:17:00+00,CARRIER_EDI,7c8d313c-a38c-4d2a-b07c-1f03035d5072,2026-09-10 09:23:18.966662+00
1084,217,CUSTOMS_CLEARED,2026-04-13 06:49:00+00,CARRIER_EDI,dbd11a18-459f-4ecd-95ec-917540e6c5aa,2026-09-10 09:23:18.966662+00
1085,217,RECEIVED_FC,2026-04-17 11:16:00+00,WMS,38910354-80b7-4cdb-ae3e-afb69f5dc654,2026-09-10 09:23:18.966662+00
1086,218,BOOKED,2025-12-28 08:16:00+00,CARRIER_EDI,29efa706-f33a-4323-a762-b88365ba80de,2026-09-10 09:23:18.966662+00
1087,218,DEPARTED_ORIGIN,2026-01-04 09:51:00+00,CARRIER_EDI,34646f97-db73-4360-8986-00bed356f643,2026-09-10 09:23:18.966662+00
1088,218,ARRIVED_DEST_PORT,2026-02-10 07:35:00+00,CARRIER_EDI,71da48b0-a17b-4f3b-b451-ed678fd428a4,2026-09-10 09:23:18.966662+00
1089,218,CUSTOMS_CLEARED,2026-02-13 11:22:00+00,CARRIER_EDI,938a6ae5-aae2-4bcd-a198-91582bcb495d,2026-09-10 09:23:18.966662+00
1090,218,RECEIVED_FC,2026-02-16 07:29:00+00,WMS,876815d0-4741-432d-a807-a341a192da25,2026-09-10 09:23:18.966662+00
1091,219,BOOKED,2025-12-02 06:57:00+00,CARRIER_EDI,10e1a5cb-d9f3-442d-a717-2ce54d837f03,2026-09-10 09:23:18.966662+00
1092,219,DEPARTED_ORIGIN,2025-12-08 12:43:00+00,CARRIER_EDI,9be2ad15-e0dd-4cae-af53-230c44e515f7,2026-09-10 09:23:18.966662+00
1093,219,ARRIVED_DEST_PORT,2025-12-22 12:49:00+00,CARRIER_EDI,53c40de6-2606-4cfc-82be-ab902b3e1cfe,2026-09-10 09:23:18.966662+00
1094,219,CUSTOMS_CLEARED,2025-12-26 11:29:00+00,CARRIER_EDI,1d32dcb1-553d-4ed1-94c8-ca8ab28deb48,2026-09-10 09:23:18.966662+00
1095,219,RECEIVED_FC,2025-12-28 06:35:00+00,WMS,ec91514a-9812-414c-8660-3ba1f64e142a,2026-09-10 09:23:18.966662+00
1096,220,BOOKED,2025-09-12 10:48:00+00,CARRIER_EDI,7a4b02c6-934e-47a4-a56f-edfe4f169024,2026-09-10 09:23:18.966662+00
1097,220,DEPARTED_ORIGIN,2025-09-16 06:55:00+00,CARRIER_EDI,b1f5716d-dd36-4b66-ba76-7690af6f8b4a,2026-09-10 09:23:18.966662+00
1098,220,ARRIVED_DEST_PORT,2025-10-05 12:35:00+00,CARRIER_EDI,1669e271-13a0-4543-9d8e-8bf7347ff6f5,2026-09-10 09:23:18.966662+00
1099,220,CUSTOMS_CLEARED,2025-10-07 13:25:00+00,CARRIER_EDI,299e34ba-ad33-4c53-990a-c276b4e4f2ce,2026-09-10 09:23:18.966662+00
1100,220,RECEIVED_FC,2025-10-11 08:38:00+00,WMS,ff6c01b7-6098-408e-8e86-8fa8e03086d3,2026-09-10 09:23:18.966662+00
1101,221,BOOKED,2026-01-16 06:59:00+00,CARRIER_EDI,be81ac6d-eed3-48b7-ab22-496a57ccfa90,2026-09-10 09:23:18.966662+00
1102,221,DEPARTED_ORIGIN,2026-01-20 11:57:00+00,CARRIER_EDI,e25f0f4e-db10-4128-a00c-7e543d4398a0,2026-09-10 09:23:18.966662+00
1103,221,ARRIVED_DEST_PORT,2026-02-23 11:14:00+00,CARRIER_EDI,9b0130f3-3c5c-4961-ada7-da967e29165d,2026-09-10 09:23:18.966662+00
1104,221,CUSTOMS_CLEARED,2026-02-24 14:35:00+00,CARRIER_EDI,8d2db56c-d1aa-4de5-85f3-62336583b5d8,2026-09-10 09:23:18.966662+00
1105,221,RECEIVED_FC,2026-03-01 10:49:00+00,WMS,c34e431e-71ca-48d9-8f73-dd8c908ce97c,2026-09-10 09:23:18.966662+00
1106,222,BOOKED,2026-02-24 12:54:00+00,CARRIER_EDI,9e66a02e-ec9e-499d-94e3-4b9f898f1383,2026-09-10 09:23:18.966662+00
1107,222,DEPARTED_ORIGIN,2026-03-02 10:06:00+00,CARRIER_EDI,b4afe7ab-d282-4e6b-bbcb-ef149ca16610,2026-09-10 09:23:18.966662+00
1108,222,ARRIVED_DEST_PORT,2026-03-16 11:40:00+00,CARRIER_EDI,185a2875-cd6f-4a0a-97a5-9a8c61fc43ac,2026-09-10 09:23:18.966662+00
1109,222,CUSTOMS_CLEARED,2026-03-19 16:22:00+00,CARRIER_EDI,1b03a542-cd39-4374-a15d-233ecee406cd,2026-09-10 09:23:18.966662+00
1110,222,RECEIVED_FC,2026-03-22 15:18:00+00,WMS,ac0df9d6-b34f-4d59-bdc1-4f4d7d32c66e,2026-09-10 09:23:18.966662+00
1111,223,BOOKED,2026-02-05 13:14:00+00,CARRIER_EDI,7fc9136b-d38c-42e3-a867-7d1a4010d77d,2026-09-10 09:23:18.966662+00
1112,223,DEPARTED_ORIGIN,2026-02-10 08:13:00+00,CARRIER_EDI,d1e251eb-69ef-4d2a-9724-2678e9600f33,2026-09-10 09:23:18.966662+00
1113,223,ARRIVED_DEST_PORT,2026-03-21 16:32:00+00,CARRIER_EDI,33d15690-ee01-4f02-9132-6ad45a2295ef,2026-09-10 09:23:18.966662+00
1114,223,CUSTOMS_CLEARED,2026-03-25 08:27:00+00,CARRIER_EDI,7ee34733-acda-4d88-8827-61727ee28213,2026-09-10 09:23:18.966662+00
1115,223,RECEIVED_FC,2026-03-27 07:32:00+00,WMS,b3cae3b9-5be8-4687-a223-d6e3244e774f,2026-09-10 09:23:18.966662+00
1116,224,BOOKED,2025-12-03 09:07:00+00,CARRIER_EDI,fd78db73-e946-424d-b5c6-c64eef9e6ac1,2026-09-10 09:23:18.966662+00
1117,224,DEPARTED_ORIGIN,2025-12-06 15:08:00+00,CARRIER_EDI,b5fab7e6-3bf3-4c0a-a042-57b0f3416289,2026-09-10 09:23:18.966662+00
1118,224,ARRIVED_DEST_PORT,2026-01-01 11:51:00+00,CARRIER_EDI,ac9d1104-f694-4066-ba82-9531d452c55a,2026-09-10 09:23:18.966662+00
1119,224,CUSTOMS_CLEARED,2026-01-04 14:31:00+00,CARRIER_EDI,224e1f96-9997-419d-8d59-0b0baa728cdd,2026-09-10 09:23:18.966662+00
1120,224,RECEIVED_FC,2026-01-10 11:11:00+00,WMS,20a49952-934c-41d3-9c90-77d72e3dc2d0,2026-09-10 09:23:18.966662+00
1121,225,BOOKED,2025-11-25 09:19:00+00,CARRIER_EDI,c0cd2f25-4067-49a8-8006-cd95a11bed12,2026-09-10 09:23:18.966662+00
1122,225,DEPARTED_ORIGIN,2025-11-29 10:28:00+00,CARRIER_EDI,fb8b8944-0af3-4e75-832a-9736994bf11d,2026-09-10 09:23:18.966662+00
1123,225,ARRIVED_DEST_PORT,2025-12-11 17:18:00+00,CARRIER_EDI,027fd340-58e6-4dae-a7ac-8a220ad7a41a,2026-09-10 09:23:18.966662+00
1124,225,CUSTOMS_CLEARED,2025-12-12 17:20:00+00,CARRIER_EDI,60d27bd7-7f38-444e-846d-d96e815ff30f,2026-09-10 09:23:18.966662+00
1125,225,RECEIVED_FC,2025-12-16 10:55:00+00,WMS,f2ae38a1-40ff-4f8b-bdc6-524cd47a87a1,2026-09-10 09:23:18.966662+00
1126,226,BOOKED,2026-05-04 15:17:00+00,CARRIER_EDI,30e92519-df25-4fdc-9f99-fd2b59391646,2026-09-10 09:23:18.966662+00
1127,226,DEPARTED_ORIGIN,2026-05-10 10:53:00+00,CARRIER_EDI,32f57005-c26b-4537-bced-fcf32d706d04,2026-09-10 09:23:18.966662+00
1128,226,ARRIVED_DEST_PORT,2026-06-04 16:32:00+00,CARRIER_EDI,5b874e9f-5c24-4cd5-9b01-bc8d1f4474b0,2026-09-10 09:23:18.966662+00
1129,226,CUSTOMS_CLEARED,2026-06-05 12:55:00+00,CARRIER_EDI,c3f2a288-0f17-4c52-ab88-eb6397385ec1,2026-09-10 09:23:18.966662+00
1130,226,RECEIVED_FC,2026-06-10 09:36:00+00,WMS,2f1de465-96f6-4b15-b347-71bca65da8fb,2026-09-10 09:23:18.966662+00
1131,227,BOOKED,2025-12-27 10:12:00+00,CARRIER_EDI,10e6f8fe-1c8a-4591-8569-60800743d6eb,2026-09-10 09:23:18.966662+00
1132,227,DEPARTED_ORIGIN,2025-12-31 08:02:00+00,CARRIER_EDI,579f6b5f-71ce-4ded-842f-acbb3e274b71,2026-09-10 09:23:18.966662+00
1133,227,ARRIVED_DEST_PORT,2026-02-01 17:53:00+00,CARRIER_EDI,1de4f176-a5c1-4bf9-88d5-46a36208511f,2026-09-10 09:23:18.966662+00
1134,227,CUSTOMS_CLEARED,2026-02-02 15:51:00+00,CARRIER_EDI,23fdb8d0-7d95-4883-83b9-c61672e0fb64,2026-09-10 09:23:18.966662+00
1135,227,RECEIVED_FC,2026-02-05 08:34:00+00,WMS,a576d7ad-e709-4df8-bfcd-912af5a2d883,2026-09-10 09:23:18.966662+00
1136,228,BOOKED,2026-07-25 17:35:00+00,CARRIER_EDI,0294d6bd-f826-40d4-a16f-64eb9b2df1c4,2026-09-10 09:23:18.966662+00
1137,228,DEPARTED_ORIGIN,2026-07-29 11:26:00+00,CARRIER_EDI,cc2f2cfe-58f7-415e-aefd-61b4c1106ae3,2026-09-10 09:23:18.966662+00
1138,228,ARRIVED_DEST_PORT,2026-08-19 16:38:00+00,CARRIER_EDI,490d560c-00fb-47eb-ab5f-272bd2c4b1a1,2026-09-10 09:23:18.966662+00
1139,228,CUSTOMS_CLEARED,2026-08-21 08:33:00+00,CARRIER_EDI,f311d067-118a-447c-8e1e-ffb33f81e653,2026-09-10 09:23:18.966662+00
1140,228,RECEIVED_FC,2026-08-25 07:56:00+00,WMS,b813bf44-0288-4404-a18a-29ef69ef5a2f,2026-09-10 09:23:18.966662+00
1141,229,BOOKED,2026-02-18 11:50:00+00,CARRIER_EDI,bb02dab8-ba20-4536-8a36-c13c3e9d247f,2026-09-10 09:23:18.966662+00
1142,229,DEPARTED_ORIGIN,2026-02-24 08:45:00+00,CARRIER_EDI,f14dc450-0231-49ae-824f-1b84393af44b,2026-09-10 09:23:18.966662+00
1143,229,ARRIVED_DEST_PORT,2026-03-26 11:25:00+00,CARRIER_EDI,94801cba-c560-493e-946a-28babf251fa3,2026-09-10 09:23:18.966662+00
1144,229,CUSTOMS_CLEARED,2026-03-28 07:06:00+00,CARRIER_EDI,cc064441-5573-4106-81a3-d8fd52ddff31,2026-09-10 09:23:18.966662+00
1145,229,RECEIVED_FC,2026-03-31 09:10:00+00,WMS,53024856-3627-47b6-b8fa-007010e8ea88,2026-09-10 09:23:18.966662+00
1146,230,BOOKED,2025-09-17 14:31:00+00,CARRIER_EDI,78324c75-8052-40d1-beb5-8ebcb0c3c896,2026-09-10 09:23:18.966662+00
1147,230,DEPARTED_ORIGIN,2025-09-21 14:29:00+00,CARRIER_EDI,37cac12e-4a94-4f93-8a91-3203d0882f4f,2026-09-10 09:23:18.966662+00
1148,230,ARRIVED_DEST_PORT,2025-10-09 15:48:00+00,CARRIER_EDI,ba4fd85b-c33c-447b-b6f5-2a8ac6f76074,2026-09-10 09:23:18.966662+00
1149,230,CUSTOMS_CLEARED,2025-10-13 08:52:00+00,CARRIER_EDI,a7bd1156-a6a7-47c7-8d86-df7f2f042d52,2026-09-10 09:23:18.966662+00
1150,230,RECEIVED_FC,2025-10-19 17:25:00+00,WMS,5c3ac698-bf67-49ab-b7da-ae2773e99414,2026-09-10 09:23:18.966662+00
1151,231,BOOKED,2026-01-03 12:01:00+00,CARRIER_EDI,b7e217e9-1182-483d-8b50-cab49e68b40d,2026-09-10 09:23:18.966662+00
1152,231,DEPARTED_ORIGIN,2026-01-06 10:06:00+00,CARRIER_EDI,51dfb5c9-f169-4032-b313-e0cf6c85d1b0,2026-09-10 09:23:18.966662+00
1153,231,ARRIVED_DEST_PORT,2026-02-10 15:36:00+00,CARRIER_EDI,13e602ed-2373-4c67-b202-028abad76484,2026-09-10 09:23:18.966662+00
1154,231,CUSTOMS_CLEARED,2026-02-12 15:32:00+00,CARRIER_EDI,d6537ba9-35a7-4612-b756-ed3e36c839e2,2026-09-10 09:23:18.966662+00
1155,231,RECEIVED_FC,2026-02-14 14:58:00+00,WMS,841fdb55-7ec9-4a2c-a7b7-793863748e9f,2026-09-10 09:23:18.966662+00
1156,232,BOOKED,2025-10-16 15:32:00+00,CARRIER_EDI,231f0048-3748-40b6-8701-b7e96d14761d,2026-09-10 09:23:18.966662+00
1157,232,DEPARTED_ORIGIN,2025-10-20 10:58:00+00,CARRIER_EDI,21988161-658d-462a-95d4-2cfa60867d83,2026-09-10 09:23:18.966662+00
1158,232,ARRIVED_DEST_PORT,2025-11-05 07:20:00+00,CARRIER_EDI,1bac0ffa-8eed-48bd-a848-401866e64d60,2026-09-10 09:23:18.966662+00
1159,232,CUSTOMS_CLEARED,2025-11-09 17:42:00+00,CARRIER_EDI,cc7e4461-5647-4bdc-9c9b-f09feaac9e63,2026-09-10 09:23:18.966662+00
1160,232,RECEIVED_FC,2025-11-13 11:23:00+00,WMS,edb0d0fa-19c6-415f-b28a-3be6030a70bf,2026-09-10 09:23:18.966662+00
1161,233,BOOKED,2026-02-05 12:54:00+00,CARRIER_EDI,0d374ca9-70aa-4edd-bfca-038531dc4309,2026-09-10 09:23:18.966662+00
1162,233,DEPARTED_ORIGIN,2026-02-08 12:17:00+00,CARRIER_EDI,4fd9762a-8f79-4a1f-9f7f-18dfcf6ad5b5,2026-09-10 09:23:18.966662+00
1163,233,ARRIVED_DEST_PORT,2026-02-28 06:05:00+00,CARRIER_EDI,d11ee70c-dc62-49f6-86fa-b73e3de52f9a,2026-09-10 09:23:18.966662+00
1164,233,CUSTOMS_CLEARED,2026-03-01 06:16:00+00,CARRIER_EDI,5603d744-472d-45c4-86de-2b3c846057ed,2026-09-10 09:23:18.966662+00
1165,233,RECEIVED_FC,2026-03-06 08:27:00+00,WMS,d144154c-84ee-4fd3-97b0-8672c806808e,2026-09-10 09:23:18.966662+00
1166,234,BOOKED,2026-05-16 16:56:00+00,CARRIER_EDI,717c9f8f-463c-432c-b274-60ba66ef3187,2026-09-10 09:23:18.966662+00
1167,234,DEPARTED_ORIGIN,2026-05-22 17:31:00+00,CARRIER_EDI,5ec610db-897a-4fa8-b219-6b4c8eb0a8d5,2026-09-10 09:23:18.966662+00
1168,234,ARRIVED_DEST_PORT,2026-06-21 10:36:00+00,CARRIER_EDI,a83f8101-dbce-4409-a296-c69e2f3c7ce9,2026-09-10 09:23:18.966662+00
1169,234,CUSTOMS_CLEARED,2026-06-23 08:40:00+00,CARRIER_EDI,785d1b34-1924-40d5-9a62-17d4307cfe7d,2026-09-10 09:23:18.966662+00
1170,234,RECEIVED_FC,2026-06-29 15:55:00+00,WMS,15d85501-eff6-4b16-b615-27b7b8531d1c,2026-09-10 09:23:18.966662+00
1171,235,BOOKED,2026-02-03 11:43:00+00,CARRIER_EDI,69e92bc2-e2ef-46c3-85d0-0a4cb51d857b,2026-09-10 09:23:18.966662+00
1172,235,DEPARTED_ORIGIN,2026-02-06 06:42:00+00,CARRIER_EDI,a532456d-459e-4cc4-a482-3fbccc89918c,2026-09-10 09:23:18.966662+00
1173,235,ARRIVED_DEST_PORT,2026-02-27 16:45:00+00,CARRIER_EDI,2885cda8-1b19-4a2e-a4de-b18963913e68,2026-09-10 09:23:18.966662+00
1174,235,CUSTOMS_CLEARED,2026-03-02 09:28:00+00,CARRIER_EDI,8674dbc8-ef29-43d0-b915-8e4d62f9ae12,2026-09-10 09:23:18.966662+00
1175,235,RECEIVED_FC,2026-03-06 13:20:00+00,WMS,e0d32983-c3b7-4bf8-8b8b-e9cd380f4a99,2026-09-10 09:23:18.966662+00
1176,236,BOOKED,2026-05-30 08:53:00+00,CARRIER_EDI,c876aaab-54cc-44c4-b2fa-0773ff9dd9c6,2026-09-10 09:23:18.966662+00
1177,236,DEPARTED_ORIGIN,2026-06-03 08:30:00+00,CARRIER_EDI,dd964c3f-0842-48c6-a312-a27b7604a090,2026-09-10 09:23:18.966662+00
1178,236,ARRIVED_DEST_PORT,2026-06-18 17:49:00+00,CARRIER_EDI,98b2bc76-be08-4057-b0fa-3ee2f38faf67,2026-09-10 09:23:18.966662+00
1179,236,CUSTOMS_CLEARED,2026-06-20 09:37:00+00,CARRIER_EDI,6cbdfaba-639c-4a76-8b3e-685bd9e88e8d,2026-09-10 09:23:18.966662+00
1180,236,RECEIVED_FC,2026-06-26 14:07:00+00,WMS,d8961dcd-5539-4486-9778-76226fe909b0,2026-09-10 09:23:18.966662+00
1181,237,BOOKED,2025-11-20 12:35:00+00,CARRIER_EDI,3f9f7a67-1b45-4295-8c72-c9c9ffb26588,2026-09-10 09:23:18.966662+00
1182,237,DEPARTED_ORIGIN,2025-11-27 16:04:00+00,CARRIER_EDI,9d7a7812-12be-4b48-9717-ffc931f7f73e,2026-09-10 09:23:18.966662+00
1183,237,ARRIVED_DEST_PORT,2025-12-13 10:59:00+00,CARRIER_EDI,305e686e-a2c7-4631-9aa0-99ec31491b66,2026-09-10 09:23:18.966662+00
1184,237,CUSTOMS_CLEARED,2025-12-16 06:05:00+00,CARRIER_EDI,07da02fb-fe10-4749-9fb2-393895c5886b,2026-09-10 09:23:18.966662+00
1185,237,RECEIVED_FC,2025-12-21 11:36:00+00,WMS,ef4497f2-8d95-48f9-af54-f87b5b5757a1,2026-09-10 09:23:18.966662+00
1186,238,BOOKED,2026-05-17 09:59:00+00,CARRIER_EDI,71f0aaf9-3c92-4a61-a545-8868cb09fd34,2026-09-10 09:23:18.966662+00
1187,238,DEPARTED_ORIGIN,2026-05-23 14:50:00+00,CARRIER_EDI,0addf932-1bcf-42d8-8c92-217305f88bad,2026-09-10 09:23:18.966662+00
1188,238,ARRIVED_DEST_PORT,2026-06-17 15:53:00+00,CARRIER_EDI,3521e233-b7b4-4f7f-982d-837fc80f6dcd,2026-09-10 09:23:18.966662+00
1189,238,CUSTOMS_CLEARED,2026-06-18 17:07:00+00,CARRIER_EDI,a1f79dc1-ceba-43ee-8ea7-ad1f32014b50,2026-09-10 09:23:18.966662+00
1190,238,RECEIVED_FC,2026-06-23 08:25:00+00,WMS,e42561b2-7364-4913-b391-bb387662e0c8,2026-09-10 09:23:18.966662+00
1191,239,BOOKED,2025-11-15 12:16:00+00,CARRIER_EDI,66e1a785-94ba-43d2-8327-ccda072d9d28,2026-09-10 09:23:18.966662+00
1192,239,DEPARTED_ORIGIN,2025-11-19 07:05:00+00,CARRIER_EDI,c42e138e-fcd0-4f38-9533-687d2607be88,2026-09-10 09:23:18.966662+00
1193,239,ARRIVED_DEST_PORT,2025-12-28 14:44:00+00,CARRIER_EDI,6cff7095-b933-4c50-89d8-3225760b7dba,2026-09-10 09:23:18.966662+00
1194,239,CUSTOMS_CLEARED,2025-12-31 07:15:00+00,CARRIER_EDI,e07cdd73-eb61-4009-83d7-02c46fd839a7,2026-09-10 09:23:18.966662+00
1195,239,RECEIVED_FC,2026-01-05 07:54:00+00,WMS,5bbcfb57-60d2-4488-ad4a-93322c6d374f,2026-09-10 09:23:18.966662+00
1196,240,BOOKED,2026-06-19 09:29:00+00,CARRIER_EDI,b8c79645-b917-4fe2-8771-e39560e20903,2026-09-10 09:23:18.966662+00
1197,240,DEPARTED_ORIGIN,2026-06-26 12:25:00+00,CARRIER_EDI,4f05649a-477c-4fa3-b6ca-5a3c83db3b62,2026-09-10 09:23:18.966662+00
1198,240,ARRIVED_DEST_PORT,2026-07-16 16:49:00+00,CARRIER_EDI,66d563e3-b29b-41f0-816a-7cac47d8042a,2026-09-10 09:23:18.966662+00
1199,240,CUSTOMS_CLEARED,2026-07-17 15:07:00+00,CARRIER_EDI,14645f57-17c0-4c72-8c91-20e94f9cc15b,2026-09-10 09:23:18.966662+00
1200,240,RECEIVED_FC,2026-07-19 16:21:00+00,WMS,e9c2e1e8-f9e1-4cb0-b797-84f0967ba2f6,2026-09-10 09:23:18.966662+00
1201,241,BOOKED,2025-11-09 10:08:00+00,CARRIER_EDI,1d48fae2-8617-42f1-a774-6c4544a32225,2026-09-10 09:23:18.966662+00
1202,241,DEPARTED_ORIGIN,2025-11-15 09:08:00+00,CARRIER_EDI,9765666c-9030-45a6-a8d2-c13d3dd9e1ec,2026-09-10 09:23:18.966662+00
1203,241,ARRIVED_DEST_PORT,2025-12-19 06:07:00+00,CARRIER_EDI,3725e8d4-0c8f-4fde-b43c-63debf4f6860,2026-09-10 09:23:18.966662+00
1204,241,CUSTOMS_CLEARED,2025-12-22 09:17:00+00,CARRIER_EDI,2c19872c-1ecf-4fff-8b06-da90c9c6645b,2026-09-10 09:23:18.966662+00
1205,241,RECEIVED_FC,2025-12-27 14:56:00+00,WMS,d0f5838f-2026-475e-ada8-3adb7bf4151d,2026-09-10 09:23:18.966662+00
1206,242,BOOKED,2026-05-26 15:41:00+00,CARRIER_EDI,1d9583f3-ecd9-4e7b-80d2-b66cc1b093c8,2026-09-10 09:23:18.966662+00
1207,242,DEPARTED_ORIGIN,2026-06-02 07:07:00+00,CARRIER_EDI,339a574e-6b5e-4e7f-a9ad-8ccf666c6233,2026-09-10 09:23:18.966662+00
1208,242,ARRIVED_DEST_PORT,2026-06-20 07:43:00+00,CARRIER_EDI,9b0c066b-ddec-431c-bd36-b2059462be9d,2026-09-10 09:23:18.966662+00
1209,242,CUSTOMS_CLEARED,2026-06-23 08:04:00+00,CARRIER_EDI,3d024033-5253-4e08-b1de-bccc8b9b69d7,2026-09-10 09:23:18.966662+00
1210,242,RECEIVED_FC,2026-06-27 13:06:00+00,WMS,d7f3c5ae-4e44-46f5-93e2-2d1b169d7259,2026-09-10 09:23:18.966662+00
1211,243,BOOKED,2025-12-26 11:22:00+00,CARRIER_EDI,9aa2eb53-bd52-4eb8-aeae-256a47bfb174,2026-09-10 09:23:18.966662+00
1212,243,DEPARTED_ORIGIN,2025-12-30 14:39:00+00,CARRIER_EDI,42e03f18-d10a-4694-9962-face1de7f67f,2026-09-10 09:23:18.966662+00
1213,243,ARRIVED_DEST_PORT,2026-01-14 08:12:00+00,CARRIER_EDI,8cbee15e-080f-4f31-a558-10176780da8e,2026-09-10 09:23:18.966662+00
1214,243,CUSTOMS_CLEARED,2026-01-18 08:36:00+00,CARRIER_EDI,7b741296-a497-4b81-8eff-c079c22ff2f3,2026-09-10 09:23:18.966662+00
1215,243,RECEIVED_FC,2026-01-20 07:26:00+00,WMS,3fea5e38-2ec4-4810-a434-9aa4111d50f6,2026-09-10 09:23:18.966662+00
1216,244,BOOKED,2026-03-06 10:11:00+00,CARRIER_EDI,c288d97b-1112-4862-b218-81cd5b589c2d,2026-09-10 09:23:18.966662+00
1217,244,DEPARTED_ORIGIN,2026-03-13 10:36:00+00,CARRIER_EDI,ddb48b7b-43ce-4df3-91f1-68a711c5e10a,2026-09-10 09:23:18.966662+00
1218,244,ARRIVED_DEST_PORT,2026-04-02 06:14:00+00,CARRIER_EDI,ce0da06a-8063-44e7-82df-cd98a96bfa92,2026-09-10 09:23:18.966662+00
1219,244,CUSTOMS_CLEARED,2026-04-06 12:42:00+00,CARRIER_EDI,6de466fc-4a93-4cc2-b828-4ba8d3c24ab5,2026-09-10 09:23:18.966662+00
1220,244,RECEIVED_FC,2026-04-08 15:53:00+00,WMS,6345a862-7327-4906-bc8e-401f5052f136,2026-09-10 09:23:18.966662+00
1221,245,BOOKED,2025-10-02 12:51:00+00,CARRIER_EDI,d982f8c8-8b8d-494c-87c5-10abb1a76be5,2026-09-10 09:23:18.966662+00
1222,245,DEPARTED_ORIGIN,2025-10-06 06:10:00+00,CARRIER_EDI,9b39ced7-9a15-4429-b866-52cec75af3a7,2026-09-10 09:23:18.966662+00
1223,245,ARRIVED_DEST_PORT,2025-10-26 16:10:00+00,CARRIER_EDI,d06c6235-aa0e-4eed-aa8b-46ac07b01bf0,2026-09-10 09:23:18.966662+00
1224,245,CUSTOMS_CLEARED,2025-10-27 08:44:00+00,CARRIER_EDI,05f29720-68b6-4d64-8624-c7ccdeb59a2c,2026-09-10 09:23:18.966662+00
1225,245,RECEIVED_FC,2025-11-01 17:15:00+00,WMS,0a751f72-a602-4f19-ab6c-707473bde5db,2026-09-10 09:23:18.966662+00
1226,246,BOOKED,2026-05-17 07:31:00+00,CARRIER_EDI,a903bd30-bde6-4d09-95c9-8888515aa684,2026-09-10 09:23:18.966662+00
1227,246,DEPARTED_ORIGIN,2026-05-21 13:27:00+00,CARRIER_EDI,ea27bd40-7985-4864-be91-4623642b714f,2026-09-10 09:23:18.966662+00
1228,246,ARRIVED_DEST_PORT,2026-06-13 13:42:00+00,CARRIER_EDI,3d33b91e-e1b5-42ed-8e29-9b0b3e755989,2026-09-10 09:23:18.966662+00
1229,246,CUSTOMS_CLEARED,2026-06-16 10:59:00+00,CARRIER_EDI,5ec51d4f-3773-48f6-87a8-c762a236f3fd,2026-09-10 09:23:18.966662+00
1230,246,RECEIVED_FC,2026-06-22 13:43:00+00,WMS,9a8d5faa-4b58-404a-856b-d91dfd9e139b,2026-09-10 09:23:18.966662+00
1231,247,BOOKED,2026-03-26 12:19:00+00,CARRIER_EDI,8349d887-fec6-404a-85d8-78657c900448,2026-09-10 09:23:18.966662+00
1232,247,DEPARTED_ORIGIN,2026-03-30 12:14:00+00,CARRIER_EDI,343e5f04-60ce-4f9c-aa07-36645ccc8563,2026-09-10 09:23:18.966662+00
1233,247,ARRIVED_DEST_PORT,2026-04-28 14:53:00+00,CARRIER_EDI,c0115b9d-9fde-41d8-b85b-767a858794f6,2026-09-10 09:23:18.966662+00
1234,247,CUSTOMS_CLEARED,2026-04-30 10:18:00+00,CARRIER_EDI,16529f93-d7f3-4f80-9f8e-6a13a6887b6b,2026-09-10 09:23:18.966662+00
1235,247,RECEIVED_FC,2026-05-03 14:11:00+00,WMS,524fb471-9aae-44b4-b71d-a8b7cbbbc14d,2026-09-10 09:23:18.966662+00
1236,248,BOOKED,2026-06-24 17:10:00+00,CARRIER_EDI,aeb9576a-70e4-4085-944e-db176f4caa1e,2026-09-10 09:23:18.966662+00
1237,248,DEPARTED_ORIGIN,2026-06-28 06:07:00+00,CARRIER_EDI,e6d7f6d1-c356-4822-91e8-e3c3099e270c,2026-09-10 09:23:18.966662+00
1238,248,ARRIVED_DEST_PORT,2026-07-18 15:45:00+00,CARRIER_EDI,eab9656f-816f-4592-beb4-cace6458a914,2026-09-10 09:23:18.966662+00
1239,248,CUSTOMS_CLEARED,2026-07-22 06:16:00+00,CARRIER_EDI,6abbbe2f-8842-4a4a-954f-0bbf20ce0516,2026-09-10 09:23:18.966662+00
1240,248,RECEIVED_FC,2026-07-28 09:43:00+00,WMS,1805d60b-c6fb-421c-975e-61c5f85d7e4f,2026-09-10 09:23:18.966662+00
1241,249,BOOKED,2025-12-18 14:02:00+00,CARRIER_EDI,a9fc34b8-e9d0-4508-95e4-0df807225192,2026-09-10 09:23:18.966662+00
1242,249,DEPARTED_ORIGIN,2025-12-24 06:17:00+00,CARRIER_EDI,fdbe56b3-6c42-4cc2-a26c-96f3418de6dd,2026-09-10 09:23:18.966662+00
1243,249,ARRIVED_DEST_PORT,2026-01-19 06:55:00+00,CARRIER_EDI,01b29ea5-a4db-40df-95a8-a46ae54aae1d,2026-09-10 09:23:18.966662+00
1244,249,CUSTOMS_CLEARED,2026-01-21 09:22:00+00,CARRIER_EDI,4af941d8-e92c-464b-9aef-2ce3fb99594a,2026-09-10 09:23:18.966662+00
1245,249,RECEIVED_FC,2026-01-25 10:50:00+00,WMS,267b5644-8c39-401e-9a7b-09495d06a89e,2026-09-10 09:23:18.966662+00
1246,250,BOOKED,2026-05-24 15:58:00+00,CARRIER_EDI,e9866040-ec23-4de9-b893-ee2efac06818,2026-09-10 09:23:18.966662+00
1247,250,DEPARTED_ORIGIN,2026-05-28 13:01:00+00,CARRIER_EDI,8fba1598-d567-4c13-924a-2dec1752eee6,2026-09-10 09:23:18.966662+00
1248,250,ARRIVED_DEST_PORT,2026-06-17 09:05:00+00,CARRIER_EDI,64f6fda2-987b-41be-b53b-efb0eca30af6,2026-09-10 09:23:18.966662+00
1249,250,CUSTOMS_CLEARED,2026-06-18 09:31:00+00,CARRIER_EDI,27f5f484-7d4a-41c5-b2c6-d38b1681e6b9,2026-09-10 09:23:18.966662+00
1250,250,RECEIVED_FC,2026-06-22 12:19:00+00,WMS,9ea34e38-3284-47e9-ab32-bd573cfaf828,2026-09-10 09:23:18.966662+00
1251,251,BOOKED,2025-10-06 17:37:00+00,CARRIER_EDI,659b8e9c-409f-44a2-af45-d4c03c69193d,2026-09-10 09:23:18.966662+00
1252,251,DEPARTED_ORIGIN,2025-10-13 11:36:00+00,CARRIER_EDI,8107a00c-ec7f-4c89-97d2-ce93a80cc3c0,2026-09-10 09:23:18.966662+00
1253,251,ARRIVED_DEST_PORT,2025-11-06 17:34:00+00,CARRIER_EDI,c695eda4-8aa2-4b87-bde7-9795289819e6,2026-09-10 09:23:18.966662+00
1254,251,CUSTOMS_CLEARED,2025-11-08 11:21:00+00,CARRIER_EDI,8396d841-4c89-4b98-a75c-30d261bd4a80,2026-09-10 09:23:18.966662+00
1255,251,RECEIVED_FC,2025-11-11 15:11:00+00,WMS,0557131c-9e79-4444-92f0-c601ff2a2b46,2026-09-10 09:23:18.966662+00
1256,252,BOOKED,2025-11-07 16:36:00+00,CARRIER_EDI,6d97177f-ee45-4044-a8fb-4283620fa00e,2026-09-10 09:23:18.966662+00
1257,252,DEPARTED_ORIGIN,2025-11-14 08:20:00+00,CARRIER_EDI,abdd8002-d826-40e7-9e3e-a9ebf7201ce5,2026-09-10 09:23:18.966662+00
1258,252,ARRIVED_DEST_PORT,2025-12-09 17:50:00+00,CARRIER_EDI,2713e06c-38f7-4de4-92c5-f4fa0defaafd,2026-09-10 09:23:18.966662+00
1259,252,CUSTOMS_CLEARED,2025-12-13 07:41:00+00,CARRIER_EDI,c6297698-fee4-49d2-b11a-ec216a4c99d0,2026-09-10 09:23:18.966662+00
1260,252,RECEIVED_FC,2025-12-18 14:56:00+00,WMS,b895f5e9-5806-44db-9820-2d1828ba01f7,2026-09-10 09:23:18.966662+00
1261,253,BOOKED,2026-06-13 12:06:00+00,CARRIER_EDI,44823f63-fc9c-483e-8ee2-de10400c1862,2026-09-10 09:23:18.966662+00
1262,253,DEPARTED_ORIGIN,2026-06-17 15:13:00+00,CARRIER_EDI,ee694b32-dac5-447b-abd9-07742ad328b8,2026-09-10 09:23:18.966662+00
1263,253,ARRIVED_DEST_PORT,2026-07-06 15:45:00+00,CARRIER_EDI,80c89107-e092-45a9-a922-6e685bc5cbb4,2026-09-10 09:23:18.966662+00
1264,253,CUSTOMS_CLEARED,2026-07-08 06:56:00+00,CARRIER_EDI,2e0cb826-5a6b-480a-bc38-97a2a7277714,2026-09-10 09:23:18.966662+00
1265,253,RECEIVED_FC,2026-07-14 12:59:00+00,WMS,b68c2ee6-c334-4091-8d94-e7ca3cd86125,2026-09-10 09:23:18.966662+00
1266,254,BOOKED,2026-08-05 14:34:00+00,CARRIER_EDI,95fffd5a-99cb-4ab2-ba12-2700e29b93c0,2026-09-10 09:23:18.966662+00
1267,254,DEPARTED_ORIGIN,2026-08-10 12:16:00+00,CARRIER_EDI,3608fa0e-b727-4a3a-8bfd-cb1466fe07d1,2026-09-10 09:23:18.966662+00
1268,254,ARRIVED_DEST_PORT,2026-09-23 10:50:00+00,CARRIER_EDI,879fb892-db47-42c6-8f56-ffb8400b9dd7,2026-09-10 09:23:18.966662+00
1269,254,CUSTOMS_CLEARED,2026-09-25 08:32:00+00,CARRIER_EDI,c5ff17eb-bf8d-4cce-b7a1-784147b895f8,2026-09-10 09:23:18.966662+00
1270,254,RECEIVED_FC,2026-09-30 11:24:00+00,WMS,f573ce56-46fb-4332-829d-cab11e88171a,2026-09-10 09:23:18.966662+00
1271,255,BOOKED,2026-08-10 17:03:00+00,CARRIER_EDI,b7b9a9a9-7a21-4658-a0a0-61e2905788d0,2026-09-10 09:23:18.966662+00
1272,255,DEPARTED_ORIGIN,2026-08-16 06:22:00+00,CARRIER_EDI,945b27c2-b03d-48b2-b67a-c52734317f66,2026-09-10 09:23:18.966662+00
1273,255,ARRIVED_DEST_PORT,2026-09-01 06:47:00+00,CARRIER_EDI,ca2106d9-7f47-42c0-9cfc-6623efe7a7a2,2026-09-10 09:23:18.966662+00
1274,255,CUSTOMS_CLEARED,2026-09-02 16:42:00+00,CARRIER_EDI,d8268e3b-761f-4d4a-9c0d-dbf916491ce0,2026-09-10 09:23:18.966662+00
1275,255,RECEIVED_FC,2026-09-08 15:15:00+00,WMS,5f74ce4d-1afc-4aca-8b76-c92c5be9bca5,2026-09-10 09:23:18.966662+00
1276,256,BOOKED,2026-03-28 17:59:00+00,CARRIER_EDI,990e9f10-ca01-4759-9e6b-77f010aed9fa,2026-09-10 09:23:18.966662+00
1277,256,DEPARTED_ORIGIN,2026-04-04 06:44:00+00,CARRIER_EDI,c0caf986-d424-4ddc-b0d6-776920e2446f,2026-09-10 09:23:18.966662+00
1278,256,ARRIVED_DEST_PORT,2026-05-07 07:36:00+00,CARRIER_EDI,e3f5d3e7-a0a7-4401-bfec-ba1b63fc7860,2026-09-10 09:23:18.966662+00
1279,256,CUSTOMS_CLEARED,2026-05-11 15:29:00+00,CARRIER_EDI,21bf0516-5231-48b7-8eaa-179acc865039,2026-09-10 09:23:18.966662+00
1280,256,RECEIVED_FC,2026-05-15 07:02:00+00,WMS,a50336f7-c241-4f58-ba6b-96304c0a7e4b,2026-09-10 09:23:18.966662+00
1281,257,BOOKED,2026-05-04 15:24:00+00,CARRIER_EDI,a73e3196-dfa7-4990-a207-3512ab163739,2026-09-10 09:23:18.966662+00
1282,257,DEPARTED_ORIGIN,2026-05-08 13:26:00+00,CARRIER_EDI,45501ae3-b728-4a86-b2b9-2df5040bd57e,2026-09-10 09:23:18.966662+00
1283,257,ARRIVED_DEST_PORT,2026-06-10 12:14:00+00,CARRIER_EDI,68a8be74-5f4f-4a5f-ae94-e34b8f3d793b,2026-09-10 09:23:18.966662+00
1284,257,CUSTOMS_CLEARED,2026-06-11 17:56:00+00,CARRIER_EDI,ed4dc9ab-d39b-45f3-a0db-f5e2500840d2,2026-09-10 09:23:18.966662+00
1285,257,RECEIVED_FC,2026-06-16 06:25:00+00,WMS,93bd13df-1b47-4fa7-9c06-076bf58e4c0d,2026-09-10 09:23:18.966662+00
1286,258,BOOKED,2025-09-14 09:31:00+00,CARRIER_EDI,c02ac5bb-e4e9-4fa2-a21f-dc85562c74bd,2026-09-10 09:23:18.966662+00
1287,258,DEPARTED_ORIGIN,2025-09-17 15:47:00+00,CARRIER_EDI,4e8ef4ed-2f87-48a5-b3f9-c69aad60576f,2026-09-10 09:23:18.966662+00
1288,258,ARRIVED_DEST_PORT,2025-10-03 06:25:00+00,CARRIER_EDI,9e4fda18-2d1f-4e3c-8a62-f662f748865e,2026-09-10 09:23:18.966662+00
1289,258,CUSTOMS_CLEARED,2025-10-04 09:47:00+00,CARRIER_EDI,60ed3125-bf30-4d45-9f98-da2dea260422,2026-09-10 09:23:18.966662+00
1290,258,RECEIVED_FC,2025-10-09 15:23:00+00,WMS,6012eefd-e0ed-4f39-b7d5-da64da46c8dd,2026-09-10 09:23:18.966662+00
1291,259,BOOKED,2025-09-22 12:36:00+00,CARRIER_EDI,9cb14400-16e4-4fcd-8eef-5d10e4ca3867,2026-09-10 09:23:18.966662+00
1292,259,DEPARTED_ORIGIN,2025-09-26 07:08:00+00,CARRIER_EDI,eb0a691d-05be-41b7-84a6-3c10416b7f16,2026-09-10 09:23:18.966662+00
1293,259,ARRIVED_DEST_PORT,2025-10-16 06:46:00+00,CARRIER_EDI,da3ba529-ec16-4704-9bb0-646dfce294e7,2026-09-10 09:23:18.966662+00
1294,259,CUSTOMS_CLEARED,2025-10-19 13:39:00+00,CARRIER_EDI,9f36751e-cd6d-4028-a065-781ed9f5a875,2026-09-10 09:23:18.966662+00
1295,259,RECEIVED_FC,2025-10-25 16:39:00+00,WMS,fded884a-622c-4faf-8474-847bd8954439,2026-09-10 09:23:18.966662+00
1296,260,BOOKED,2025-10-30 11:41:00+00,CARRIER_EDI,8e3be3b6-6be7-4930-a895-298065da4966,2026-09-10 09:23:18.966662+00
1297,260,DEPARTED_ORIGIN,2025-11-05 09:24:00+00,CARRIER_EDI,c1c9d9be-f02a-4fbc-b17a-4ba2f1c1acd6,2026-09-10 09:23:18.966662+00
1298,260,ARRIVED_DEST_PORT,2025-11-28 06:03:00+00,CARRIER_EDI,3d0e3b09-94f4-475c-a295-f62aae69ce5e,2026-09-10 09:23:18.966662+00
1299,260,CUSTOMS_CLEARED,2025-12-02 06:47:00+00,CARRIER_EDI,1a6fd978-9e01-4299-8733-1708b1a3b51b,2026-09-10 09:23:18.966662+00
1300,260,RECEIVED_FC,2025-12-06 17:46:00+00,WMS,06cd8349-6d37-4cd6-ade6-0956bb397cfc,2026-09-10 09:23:18.966662+00
1301,261,BOOKED,2026-03-11 08:00:00+00,CARRIER_EDI,2caba88b-0628-4ea3-933c-eff6bb86777c,2026-09-10 09:23:18.966662+00
1302,261,DEPARTED_ORIGIN,2026-03-16 09:29:00+00,CARRIER_EDI,be38961c-fca8-4829-9c92-911e494bfbb8,2026-09-10 09:23:18.966662+00
1303,261,ARRIVED_DEST_PORT,2026-04-13 15:46:00+00,CARRIER_EDI,ad330c09-c5eb-4840-b8b0-b0afac52eeaf,2026-09-10 09:23:18.966662+00
1304,261,CUSTOMS_CLEARED,2026-04-14 14:51:00+00,CARRIER_EDI,64f04ed7-518d-4523-af59-1cfffc5c5a05,2026-09-10 09:23:18.966662+00
1305,261,RECEIVED_FC,2026-04-16 13:23:00+00,WMS,29a25a54-975e-4a63-ac60-a74cd554ef4b,2026-09-10 09:23:18.966662+00
1306,262,BOOKED,2026-05-07 10:41:00+00,CARRIER_EDI,35a38fdc-3cb7-4629-9644-6a9eba77d240,2026-09-10 09:23:18.966662+00
1307,262,DEPARTED_ORIGIN,2026-05-13 07:01:00+00,CARRIER_EDI,13b03800-9a1c-4d2d-99bc-aeb44a7cac99,2026-09-10 09:23:18.966662+00
1308,262,ARRIVED_DEST_PORT,2026-06-13 17:40:00+00,CARRIER_EDI,0774f252-0811-4a2b-8f38-ca10d06bad25,2026-09-10 09:23:18.966662+00
1309,262,CUSTOMS_CLEARED,2026-06-15 17:59:00+00,CARRIER_EDI,ae03f275-b400-4164-91cf-8c258a22e818,2026-09-10 09:23:18.966662+00
1310,262,RECEIVED_FC,2026-06-20 16:05:00+00,WMS,3c79b66a-60d2-4dba-a161-ccafb0e7cab5,2026-09-10 09:23:18.966662+00
1311,263,BOOKED,2026-02-23 17:31:00+00,CARRIER_EDI,0fadb197-db81-45f7-b046-56c4f290caa5,2026-09-10 09:23:18.966662+00
1312,263,DEPARTED_ORIGIN,2026-02-27 16:34:00+00,CARRIER_EDI,53136c68-7765-4c9e-b32a-14aa7920c149,2026-09-10 09:23:18.966662+00
1313,263,ARRIVED_DEST_PORT,2026-03-29 10:10:00+00,CARRIER_EDI,0364ba56-2eb7-4d6e-91dd-ba2762b67c47,2026-09-10 09:23:18.966662+00
1314,263,CUSTOMS_CLEARED,2026-04-01 14:48:00+00,CARRIER_EDI,82e12594-2163-4426-a807-6fecc4b28fd1,2026-09-10 09:23:18.966662+00
1315,263,RECEIVED_FC,2026-04-03 15:33:00+00,WMS,04472010-256f-4997-9381-2edbb0ccb6c6,2026-09-10 09:23:18.966662+00
1316,264,BOOKED,2026-06-22 07:02:00+00,CARRIER_EDI,94e8be66-cc48-40e1-9728-e574f6950ed5,2026-09-10 09:23:18.966662+00
1317,264,DEPARTED_ORIGIN,2026-06-27 13:33:00+00,CARRIER_EDI,b776ccdb-83a0-475b-91e8-a0b7e0877a5e,2026-09-10 09:23:18.966662+00
1318,264,ARRIVED_DEST_PORT,2026-08-01 09:11:00+00,CARRIER_EDI,9db89df3-2b71-439e-b66e-d60f90d2d7ef,2026-09-10 09:23:18.966662+00
1319,264,CUSTOMS_CLEARED,2026-08-04 06:28:00+00,CARRIER_EDI,84e6ca1e-50ac-46d6-829e-ac4f8a842c8b,2026-09-10 09:23:18.966662+00
1320,264,RECEIVED_FC,2026-08-09 07:51:00+00,WMS,7824c548-af83-422a-9670-c89cff681350,2026-09-10 09:23:18.966662+00
1321,265,BOOKED,2026-06-21 10:25:00+00,CARRIER_EDI,3b6c358e-0586-43a4-80fb-79799f069245,2026-09-10 09:23:18.966662+00
1322,265,DEPARTED_ORIGIN,2026-06-28 15:59:00+00,CARRIER_EDI,e37c6719-0ee4-4d5e-986c-342f7e4d0871,2026-09-10 09:23:18.966662+00
1323,265,ARRIVED_DEST_PORT,2026-07-15 12:30:00+00,CARRIER_EDI,210a5984-5262-4405-ba17-8ac30c5373b2,2026-09-10 09:23:18.966662+00
1324,265,CUSTOMS_CLEARED,2026-07-19 06:59:00+00,CARRIER_EDI,7f1469df-c57a-410d-a78f-4e7553179c19,2026-09-10 09:23:18.966662+00
1325,265,RECEIVED_FC,2026-07-22 07:26:00+00,WMS,633b3902-b90f-4f68-bd42-86f51a3023f7,2026-09-10 09:23:18.966662+00
1326,266,BOOKED,2025-09-08 16:01:00+00,CARRIER_EDI,373c3b2c-9a69-4f0b-88ce-492931affc47,2026-09-10 09:23:18.966662+00
1327,266,DEPARTED_ORIGIN,2025-09-14 06:24:00+00,CARRIER_EDI,74f2dffb-15d3-40ce-ae3a-bab29e086c6b,2026-09-10 09:23:18.966662+00
1328,266,ARRIVED_DEST_PORT,2025-09-29 13:45:00+00,CARRIER_EDI,6f46ac94-c422-497c-96bd-987c3167ba52,2026-09-10 09:23:18.966662+00
1329,266,CUSTOMS_CLEARED,2025-10-01 16:43:00+00,CARRIER_EDI,38b12837-e327-4b8c-b805-8ca5597e254e,2026-09-10 09:23:18.966662+00
1330,266,RECEIVED_FC,2025-10-06 12:24:00+00,WMS,e241923c-f4bb-47a7-b804-2d0210635a85,2026-09-10 09:23:18.966662+00
1331,267,BOOKED,2026-02-13 14:55:00+00,CARRIER_EDI,a6f03691-4271-4ca4-9ee0-323cb9c99460,2026-09-10 09:23:18.966662+00
1332,267,DEPARTED_ORIGIN,2026-02-18 09:50:00+00,CARRIER_EDI,4b8d32b4-051a-4730-8e4e-9926555ef4fd,2026-09-10 09:23:18.966662+00
1333,267,ARRIVED_DEST_PORT,2026-03-10 17:35:00+00,CARRIER_EDI,84dd7e38-a5d7-4d57-a440-fcdbfddeb8f5,2026-09-10 09:23:18.966662+00
1334,267,CUSTOMS_CLEARED,2026-03-11 12:02:00+00,CARRIER_EDI,9706fd5d-ef96-4870-8e75-5e709cf20791,2026-09-10 09:23:18.966662+00
1335,267,RECEIVED_FC,2026-03-14 11:56:00+00,WMS,1a15e941-cb9f-4510-8385-56c7da756192,2026-09-10 09:23:18.966662+00
1336,268,BOOKED,2026-04-11 11:53:00+00,CARRIER_EDI,6db024f1-9f3f-432d-870f-6c26b23d3e13,2026-09-10 09:23:18.966662+00
1337,268,DEPARTED_ORIGIN,2026-04-14 10:17:00+00,CARRIER_EDI,f656057d-2d89-43df-8fcb-96b7d974f7b0,2026-09-10 09:23:18.966662+00
1338,268,ARRIVED_DEST_PORT,2026-05-07 10:51:00+00,CARRIER_EDI,4afdc8f4-81cd-4cb9-b271-6ef43f7f771e,2026-09-10 09:23:18.966662+00
1339,268,CUSTOMS_CLEARED,2026-05-11 17:42:00+00,CARRIER_EDI,be681c98-1497-4da8-99d1-757b5b0bfb7e,2026-09-10 09:23:18.966662+00
1340,268,RECEIVED_FC,2026-05-15 13:53:00+00,WMS,89598d7c-2e25-4309-a8a0-0a41bf283898,2026-09-10 09:23:18.966662+00
1341,269,BOOKED,2025-11-12 07:08:00+00,CARRIER_EDI,b3973596-0d35-432e-bb53-ee79ede79b75,2026-09-10 09:23:18.966662+00
1342,269,DEPARTED_ORIGIN,2025-11-16 13:52:00+00,CARRIER_EDI,4bb340f6-5ff2-4a34-a20c-901ee0701a13,2026-09-10 09:23:18.966662+00
1343,269,ARRIVED_DEST_PORT,2025-12-02 08:52:00+00,CARRIER_EDI,bb8e8364-813b-4ae2-866a-50b1a1d382e7,2026-09-10 09:23:18.966662+00
1344,269,CUSTOMS_CLEARED,2025-12-06 15:53:00+00,CARRIER_EDI,30ca32da-5113-4a2c-863f-d97b9181b005,2026-09-10 09:23:18.966662+00
1345,269,RECEIVED_FC,2025-12-09 11:11:00+00,WMS,ace8adc4-74a8-413d-ac90-a4678bbff2e1,2026-09-10 09:23:18.966662+00
1346,270,BOOKED,2026-07-13 09:45:00+00,CARRIER_EDI,91f24bb3-9277-473f-b000-cc04400ac6a2,2026-09-10 09:23:18.966662+00
1347,270,DEPARTED_ORIGIN,2026-07-17 15:07:00+00,CARRIER_EDI,c66517ca-5ba5-4466-b560-862975057637,2026-09-10 09:23:18.966662+00
1348,270,ARRIVED_DEST_PORT,2026-08-06 15:08:00+00,CARRIER_EDI,a8181c5b-7030-4ede-a883-fb48f25d8d17,2026-09-10 09:23:18.966662+00
1349,270,CUSTOMS_CLEARED,2026-08-07 17:16:00+00,CARRIER_EDI,09fac4c2-3e3d-40d6-aec1-98f044cfa933,2026-09-10 09:23:18.966662+00
1350,270,RECEIVED_FC,2026-08-10 07:09:00+00,WMS,e77096a6-e8c4-4d41-a77d-5aa93a521bb1,2026-09-10 09:23:18.966662+00
1351,271,BOOKED,2026-03-30 06:52:00+00,CARRIER_EDI,04551368-180b-4fea-98dc-db9aadf74848,2026-09-10 09:23:18.966662+00
1352,271,DEPARTED_ORIGIN,2026-04-02 07:01:00+00,CARRIER_EDI,55657dcf-9c2e-4f3b-944e-b6e757b5342c,2026-09-10 09:23:18.966662+00
1353,271,ARRIVED_DEST_PORT,2026-04-17 09:47:00+00,CARRIER_EDI,729135f2-923c-4891-84b0-5470252f6568,2026-09-10 09:23:18.966662+00
1354,271,CUSTOMS_CLEARED,2026-04-21 17:54:00+00,CARRIER_EDI,c7feb232-0a47-483e-ac14-9932cbb52b2a,2026-09-10 09:23:18.966662+00
1355,271,RECEIVED_FC,2026-04-25 09:09:00+00,WMS,730b71c1-574b-4073-bc41-1a959f1db4cc,2026-09-10 09:23:18.966662+00
1356,272,BOOKED,2026-06-11 16:20:00+00,CARRIER_EDI,0c210574-f213-4e94-aef1-2fa9b84d41fd,2026-09-10 09:23:18.966662+00
1357,272,DEPARTED_ORIGIN,2026-06-16 12:50:00+00,CARRIER_EDI,42184d35-9549-46b9-b5f3-116517cdab2d,2026-09-10 09:23:18.966662+00
1358,272,ARRIVED_DEST_PORT,2026-07-11 17:39:00+00,CARRIER_EDI,1a1e6326-bb83-4ab6-b3ea-1394fac04f83,2026-09-10 09:23:18.966662+00
1359,272,CUSTOMS_CLEARED,2026-07-13 15:48:00+00,CARRIER_EDI,aef5660e-a076-4ee2-b819-2eb3ef7cdffb,2026-09-10 09:23:18.966662+00
1360,272,RECEIVED_FC,2026-07-15 14:31:00+00,WMS,0358e3de-6539-47ed-a65f-3a1ba7677468,2026-09-10 09:23:18.966662+00
1361,273,BOOKED,2025-11-14 16:28:00+00,CARRIER_EDI,8e0bc18c-14b9-490b-9f63-ad6c9c6f227c,2026-09-10 09:23:18.966662+00
1362,273,DEPARTED_ORIGIN,2025-11-17 12:33:00+00,CARRIER_EDI,4e0a5920-fb92-4598-a87e-e22d80d44422,2026-09-10 09:23:18.966662+00
1363,273,ARRIVED_DEST_PORT,2025-11-28 07:01:00+00,CARRIER_EDI,7e369f0c-e3c1-4651-aab6-2706ffb2ce60,2026-09-10 09:23:18.966662+00
1364,273,CUSTOMS_CLEARED,2025-11-30 08:59:00+00,CARRIER_EDI,eabc2e3d-8643-41dc-8ad2-a2b671c3b675,2026-09-10 09:23:18.966662+00
1365,273,RECEIVED_FC,2025-12-05 17:12:00+00,WMS,79627cc4-a7d8-445b-bd88-f22878928c74,2026-09-10 09:23:18.966662+00
1366,274,BOOKED,2026-06-26 08:41:00+00,CARRIER_EDI,ee8b876c-eda5-4ce2-aefb-71d92c551ad4,2026-09-10 09:23:18.966662+00
1367,274,DEPARTED_ORIGIN,2026-06-30 13:19:00+00,CARRIER_EDI,ac418935-4422-4149-881b-fd827f6a2349,2026-09-10 09:23:18.966662+00
1368,274,ARRIVED_DEST_PORT,2026-07-26 12:10:00+00,CARRIER_EDI,2a5a29ae-1343-4560-a243-830c610144f4,2026-09-10 09:23:18.966662+00
1369,274,CUSTOMS_CLEARED,2026-07-28 17:22:00+00,CARRIER_EDI,c47af1ff-334c-4474-a4d3-a743ce83f4c3,2026-09-10 09:23:18.966662+00
1370,274,RECEIVED_FC,2026-08-01 17:20:00+00,WMS,9f0c0202-a7c1-45f9-b1e0-371cbd3d07f1,2026-09-10 09:23:18.966662+00
1371,275,BOOKED,2026-01-14 08:10:00+00,CARRIER_EDI,4afc7523-1eee-4f46-8d33-c7f593dceae6,2026-09-10 09:23:18.966662+00
1372,275,DEPARTED_ORIGIN,2026-01-18 14:03:00+00,CARRIER_EDI,27314050-b774-4875-b795-d2402087a95a,2026-09-10 09:23:18.966662+00
1373,275,ARRIVED_DEST_PORT,2026-02-02 09:53:00+00,CARRIER_EDI,ede0bc11-68d1-46e2-91d2-00d390b8fec0,2026-09-10 09:23:18.966662+00
1374,275,CUSTOMS_CLEARED,2026-02-03 13:12:00+00,CARRIER_EDI,a3d42286-6782-431c-8792-6b917f12f438,2026-09-10 09:23:18.966662+00
1375,275,RECEIVED_FC,2026-02-09 12:49:00+00,WMS,76db5bc6-f0f5-4256-bc98-250b1b203238,2026-09-10 09:23:18.966662+00
1376,276,BOOKED,2025-10-16 12:49:00+00,CARRIER_EDI,017d387f-755a-4838-9880-bfe46de6c689,2026-09-10 09:23:18.966662+00
1377,276,DEPARTED_ORIGIN,2025-10-19 14:38:00+00,CARRIER_EDI,791bda96-0c27-4a46-847e-b453c6bacb33,2026-09-10 09:23:18.966662+00
1378,276,ARRIVED_DEST_PORT,2025-11-24 07:15:00+00,CARRIER_EDI,7818631f-a198-4434-a47d-72aefedbe1c9,2026-09-10 09:23:18.966662+00
1379,276,CUSTOMS_CLEARED,2025-11-28 09:14:00+00,CARRIER_EDI,6425e438-2b38-42be-a7e4-257b0e933ce8,2026-09-10 09:23:18.966662+00
1380,276,RECEIVED_FC,2025-12-04 12:24:00+00,WMS,76c53d18-f2e1-409d-8a24-c3c069d862c2,2026-09-10 09:23:18.966662+00
1381,277,BOOKED,2025-09-23 10:59:00+00,CARRIER_EDI,17672242-4b9b-464f-a1a9-abd9ad547432,2026-09-10 09:23:18.966662+00
1382,277,DEPARTED_ORIGIN,2025-09-28 09:06:00+00,CARRIER_EDI,169b910e-09a2-4029-adc7-268b6cce8f33,2026-09-10 09:23:18.966662+00
1383,277,ARRIVED_DEST_PORT,2025-10-18 15:57:00+00,CARRIER_EDI,206445b7-e410-4a2b-a3bd-822641865f2b,2026-09-10 09:23:18.966662+00
1384,277,CUSTOMS_CLEARED,2025-10-22 10:00:00+00,CARRIER_EDI,71ef07c0-3a4f-4d9f-8464-f0f02878c0e6,2026-09-10 09:23:18.966662+00
1385,277,RECEIVED_FC,2025-10-25 17:05:00+00,WMS,551cbab2-69fa-4433-8f28-9025b5b0632d,2026-09-10 09:23:18.966662+00
1386,278,BOOKED,2026-08-11 09:32:00+00,CARRIER_EDI,29561d6d-4b36-466a-b91f-5eaeb5a6aba0,2026-09-10 09:23:18.966662+00
1387,278,DEPARTED_ORIGIN,2026-08-17 11:07:00+00,CARRIER_EDI,1d9f92fc-adf7-4d29-a19e-0ecb8ff9fa48,2026-09-10 09:23:18.966662+00
1388,278,ARRIVED_DEST_PORT,2026-08-31 09:23:00+00,CARRIER_EDI,a9755497-71c1-4275-b84b-f6e4e408595d,2026-09-10 09:23:18.966662+00
1389,278,CUSTOMS_CLEARED,2026-09-02 16:18:00+00,CARRIER_EDI,0406db5b-ba56-4c85-8c86-ae9835ae2ff6,2026-09-10 09:23:18.966662+00
1390,278,RECEIVED_FC,2026-09-07 08:58:00+00,WMS,0894aacf-3f1a-4789-a30e-065487a612d0,2026-09-10 09:23:18.966662+00
1391,279,BOOKED,2026-03-18 09:30:00+00,CARRIER_EDI,3cde32f6-7811-4d74-b503-c717546813d9,2026-09-10 09:23:18.966662+00
1392,279,DEPARTED_ORIGIN,2026-03-24 06:33:00+00,CARRIER_EDI,a878e980-27cc-45a5-90ca-f16c48768e20,2026-09-10 09:23:18.966662+00
1393,279,ARRIVED_DEST_PORT,2026-04-10 16:03:00+00,CARRIER_EDI,54581e01-5db2-4fc8-a14f-ddaae9e821c2,2026-09-10 09:23:18.966662+00
1394,279,CUSTOMS_CLEARED,2026-04-13 07:40:00+00,CARRIER_EDI,371a89fb-9565-4386-9817-7e7ec7184d82,2026-09-10 09:23:18.966662+00
1395,279,RECEIVED_FC,2026-04-17 17:45:00+00,WMS,8a8086db-b231-487e-b7f2-634f84f1e069,2026-09-10 09:23:18.966662+00
1396,280,BOOKED,2026-07-25 14:56:00+00,CARRIER_EDI,e1fa0ec7-78ed-474d-aee9-881ce5adddce,2026-09-10 09:23:18.966662+00
1397,280,DEPARTED_ORIGIN,2026-07-31 17:40:00+00,CARRIER_EDI,98c3382a-4fba-4131-83bc-bec21e57f8f1,2026-09-10 09:23:18.966662+00
1398,280,ARRIVED_DEST_PORT,2026-08-30 14:41:00+00,CARRIER_EDI,997e0add-22ba-4b35-8cf0-57490bf047f4,2026-09-10 09:23:18.966662+00
1399,280,CUSTOMS_CLEARED,2026-08-31 10:17:00+00,CARRIER_EDI,af5f6cd9-4dde-40c5-b97a-849ed5453b93,2026-09-10 09:23:18.966662+00
1400,280,RECEIVED_FC,2026-09-02 09:55:00+00,WMS,de366688-51b9-40d2-bce4-1da518445fe3,2026-09-10 09:23:18.966662+00
1401,281,BOOKED,2025-12-20 16:04:00+00,CARRIER_EDI,7abac189-a6d3-4e78-a084-0eeab1c46266,2026-09-10 09:23:18.966662+00
1402,281,DEPARTED_ORIGIN,2025-12-24 06:38:00+00,CARRIER_EDI,2460d9d8-27d0-484c-84a6-9068fa5dae76,2026-09-10 09:23:18.966662+00
1403,281,ARRIVED_DEST_PORT,2026-01-13 15:55:00+00,CARRIER_EDI,9b88d601-4d7a-4285-98fa-8de319c3ece7,2026-09-10 09:23:18.966662+00
1404,281,CUSTOMS_CLEARED,2026-01-15 06:49:00+00,CARRIER_EDI,d8baa544-3947-45b3-837c-565bebd1c63f,2026-09-10 09:23:18.966662+00
1405,281,RECEIVED_FC,2026-01-19 16:28:00+00,WMS,47540327-4c8e-4b8c-945e-4f2d014bfaee,2026-09-10 09:23:18.966662+00
1406,282,BOOKED,2026-02-16 08:38:00+00,CARRIER_EDI,e1491b62-7658-4ecd-95b3-6204e2295e20,2026-09-10 09:23:18.966662+00
1407,282,DEPARTED_ORIGIN,2026-02-20 16:36:00+00,CARRIER_EDI,9d195243-73df-4e77-8e0f-0b1491b1d8b4,2026-09-10 09:23:18.966662+00
1408,282,ARRIVED_DEST_PORT,2026-03-31 16:42:00+00,CARRIER_EDI,8a70a475-c4b1-4f79-968e-49ada8a119c2,2026-09-10 09:23:18.966662+00
1409,282,CUSTOMS_CLEARED,2026-04-04 10:25:00+00,CARRIER_EDI,f8f38d42-26bb-478f-a3b4-8ded6f1b2560,2026-09-10 09:23:18.966662+00
1410,282,RECEIVED_FC,2026-04-10 06:52:00+00,WMS,cf894694-3a76-4b43-8651-930645ad2aec,2026-09-10 09:23:18.966662+00
1411,283,BOOKED,2026-06-30 13:32:00+00,CARRIER_EDI,0485387e-e5c1-46b2-bf00-4e14989dcd8c,2026-09-10 09:23:18.966662+00
1412,283,DEPARTED_ORIGIN,2026-07-05 11:32:00+00,CARRIER_EDI,994f4fde-6d64-4970-aa8c-df211e6171df,2026-09-10 09:23:18.966662+00
1413,283,ARRIVED_DEST_PORT,2026-07-22 12:11:00+00,CARRIER_EDI,e700c650-f2fa-4003-9c04-ba9b8c3e299d,2026-09-10 09:23:18.966662+00
1414,283,CUSTOMS_CLEARED,2026-07-26 17:12:00+00,CARRIER_EDI,5b4e47f7-734d-4f22-984d-004c7155f856,2026-09-10 09:23:18.966662+00
1415,283,RECEIVED_FC,2026-07-29 08:18:00+00,WMS,1157513f-b693-4415-a0ca-ab49e4f2a393,2026-09-10 09:23:18.966662+00
1416,284,BOOKED,2026-07-17 15:03:00+00,CARRIER_EDI,cd6e528d-3cb2-41c6-8008-367a9b1ed7e3,2026-09-10 09:23:18.966662+00
1417,284,DEPARTED_ORIGIN,2026-07-21 14:36:00+00,CARRIER_EDI,4df36ded-72c7-47cf-bd9d-598e7e5fe81a,2026-09-10 09:23:18.966662+00
1418,284,ARRIVED_DEST_PORT,2026-08-10 08:17:00+00,CARRIER_EDI,00b1d4b2-a00e-4704-be4f-301640ad5634,2026-09-10 09:23:18.966662+00
1419,284,CUSTOMS_CLEARED,2026-08-13 17:40:00+00,CARRIER_EDI,3b944105-dff8-433c-a0f3-8edc178bf414,2026-09-10 09:23:18.966662+00
1420,284,RECEIVED_FC,2026-08-18 12:04:00+00,WMS,e1e5628a-8698-47f2-941d-ffd2e34f04b1,2026-09-10 09:23:18.966662+00
1421,285,BOOKED,2026-08-02 08:17:00+00,CARRIER_EDI,702450da-3f25-4156-9d5c-8e661c72e3f6,2026-09-10 09:23:18.966662+00
1422,285,DEPARTED_ORIGIN,2026-08-09 16:54:00+00,CARRIER_EDI,2cc669ed-25ea-422c-8214-cf70613bc69a,2026-09-10 09:23:18.966662+00
1423,285,ARRIVED_DEST_PORT,2026-08-29 09:20:00+00,CARRIER_EDI,db69a13d-d8de-428a-98c6-02411980c8c8,2026-09-10 09:23:18.966662+00
1424,285,CUSTOMS_CLEARED,2026-08-31 16:45:00+00,CARRIER_EDI,6d8a2773-3d56-4a2b-9373-9c10e3595919,2026-09-10 09:23:18.966662+00
1425,285,RECEIVED_FC,2026-09-06 14:34:00+00,WMS,576216b2-74ac-4aaf-8ac2-ce0d204b8c86,2026-09-10 09:23:18.966662+00
1426,286,BOOKED,2026-08-04 08:48:00+00,CARRIER_EDI,abc4d7ef-07d3-4613-8cac-9aeeb7f431ed,2026-09-10 09:23:18.966662+00
1427,286,DEPARTED_ORIGIN,2026-08-08 08:19:00+00,CARRIER_EDI,6a2f5cab-3040-4fa6-aa51-cd543af65850,2026-09-10 09:23:18.966662+00
1428,286,ARRIVED_DEST_PORT,2026-08-24 07:28:00+00,CARRIER_EDI,eb230370-f786-43c3-a891-8542ab10fd27,2026-09-10 09:23:18.966662+00
1429,286,CUSTOMS_CLEARED,2026-08-28 12:13:00+00,CARRIER_EDI,54c37632-2ee4-4934-9327-cb9d2ff8c754,2026-09-10 09:23:18.966662+00
1430,286,RECEIVED_FC,2026-09-02 17:03:00+00,WMS,21abfce8-240a-47d2-b1ed-b494b01b694a,2026-09-10 09:23:18.966662+00
1431,287,BOOKED,2025-12-21 06:20:00+00,CARRIER_EDI,6d3d0682-b283-43b0-b673-7271bb5e9f49,2026-09-10 09:23:18.966662+00
1432,287,DEPARTED_ORIGIN,2025-12-24 08:38:00+00,CARRIER_EDI,67b704c8-d06e-412f-846f-152e7c585b77,2026-09-10 09:23:18.966662+00
1433,287,ARRIVED_DEST_PORT,2026-01-17 16:34:00+00,CARRIER_EDI,ace29b51-fcbb-4653-b0cc-7ce108f5d92d,2026-09-10 09:23:18.966662+00
1434,287,CUSTOMS_CLEARED,2026-01-19 14:34:00+00,CARRIER_EDI,c81ae46f-352f-4f1c-b63b-653dbc3cd15e,2026-09-10 09:23:18.966662+00
1435,287,RECEIVED_FC,2026-01-24 12:45:00+00,WMS,c3c2d7e1-f8b7-401c-a021-0a8dd0efc6d1,2026-09-10 09:23:18.966662+00
1436,288,BOOKED,2026-04-23 12:17:00+00,CARRIER_EDI,7465fc53-f9a8-4a4b-bb2f-b559069371da,2026-09-10 09:23:18.966662+00
1437,288,DEPARTED_ORIGIN,2026-04-28 16:37:00+00,CARRIER_EDI,ed3bddfd-b9b0-4404-9c88-cbd2e4fb6c37,2026-09-10 09:23:18.966662+00
1438,288,ARRIVED_DEST_PORT,2026-05-10 07:24:00+00,CARRIER_EDI,d62471b5-8d5e-4134-825a-db6f09ef737f,2026-09-10 09:23:18.966662+00
1439,288,CUSTOMS_CLEARED,2026-05-11 11:03:00+00,CARRIER_EDI,9c33d938-a7fd-4731-a7ed-a6e79a861fda,2026-09-10 09:23:18.966662+00
1440,288,RECEIVED_FC,2026-05-15 08:25:00+00,WMS,f728693f-b3a2-4e8e-bf83-6b528fbe2e3f,2026-09-10 09:23:18.966662+00
1441,289,BOOKED,2026-03-29 07:53:00+00,CARRIER_EDI,5ea7764b-748b-4cdb-a26f-7835a896f176,2026-09-10 09:23:18.966662+00
1442,289,DEPARTED_ORIGIN,2026-04-02 16:02:00+00,CARRIER_EDI,8c656482-b180-4bd1-a6f7-0fc73e274b3c,2026-09-10 09:23:18.966662+00
1443,289,ARRIVED_DEST_PORT,2026-04-23 17:58:00+00,CARRIER_EDI,5e0a7b4f-545f-4b7e-8394-9cedf113153b,2026-09-10 09:23:18.966662+00
1444,289,CUSTOMS_CLEARED,2026-04-27 07:49:00+00,CARRIER_EDI,c53210a7-461b-46a0-887f-2b70af6363eb,2026-09-10 09:23:18.966662+00
1445,289,RECEIVED_FC,2026-04-29 08:54:00+00,WMS,f2917087-d03b-4ac1-b739-69a40985ffb7,2026-09-10 09:23:18.966662+00
1446,290,BOOKED,2026-04-25 06:21:00+00,CARRIER_EDI,e1991173-488f-4c91-8297-182abe997e62,2026-09-10 09:23:18.966662+00
1447,290,DEPARTED_ORIGIN,2026-05-02 06:40:00+00,CARRIER_EDI,7cc9d3d2-50ca-4a13-b447-4a53fc32fd92,2026-09-10 09:23:18.966662+00
1448,290,ARRIVED_DEST_PORT,2026-05-18 10:55:00+00,CARRIER_EDI,3615947b-2ada-469a-84e2-e7da26520a63,2026-09-10 09:23:18.966662+00
1449,290,CUSTOMS_CLEARED,2026-05-19 16:06:00+00,CARRIER_EDI,27ea2319-766c-4eb0-a41c-b6041e5483ac,2026-09-10 09:23:18.966662+00
1450,290,RECEIVED_FC,2026-05-24 14:03:00+00,WMS,b9c27252-483c-446c-a729-ceff3a950be3,2026-09-10 09:23:18.966662+00
1451,291,BOOKED,2025-09-29 09:27:00+00,CARRIER_EDI,80190942-3c4d-445e-b09f-0363225142ba,2026-09-10 09:23:18.966662+00
1452,291,DEPARTED_ORIGIN,2025-10-03 13:55:00+00,CARRIER_EDI,c3229ce5-6440-4094-88b7-5e3462b73348,2026-09-10 09:23:18.966662+00
1453,291,ARRIVED_DEST_PORT,2025-10-30 17:06:00+00,CARRIER_EDI,945412a6-2513-400a-9ba2-9bbcf7506747,2026-09-10 09:23:18.966662+00
1454,291,CUSTOMS_CLEARED,2025-10-31 12:25:00+00,CARRIER_EDI,806cadb1-3985-4b18-a945-5bf3fd82d718,2026-09-10 09:23:18.966662+00
1455,291,RECEIVED_FC,2025-11-03 07:46:00+00,WMS,b3534c1e-65bf-4cb0-861d-98b835521e92,2026-09-10 09:23:18.966662+00
1456,292,BOOKED,2026-03-11 16:49:00+00,CARRIER_EDI,ff0a0356-bcc7-44e5-a7c6-e7a78ce129e3,2026-09-10 09:23:18.966662+00
1457,292,DEPARTED_ORIGIN,2026-03-15 13:32:00+00,CARRIER_EDI,835b8e36-d951-4356-8ce1-5a9f425037f9,2026-09-10 09:23:18.966662+00
1458,292,ARRIVED_DEST_PORT,2026-03-31 09:23:00+00,CARRIER_EDI,78c16529-408e-4b81-a46f-534daa1bca08,2026-09-10 09:23:18.966662+00
1459,292,CUSTOMS_CLEARED,2026-04-04 08:03:00+00,CARRIER_EDI,f4be9420-47d3-4fa4-8893-05a2ffc898fc,2026-09-10 09:23:18.966662+00
1460,292,RECEIVED_FC,2026-04-08 15:38:00+00,WMS,d7f75000-668c-412c-941d-7e71498694a5,2026-09-10 09:23:18.966662+00
1461,293,BOOKED,2025-12-06 13:27:00+00,CARRIER_EDI,fd3d433d-ee3b-47ea-b67c-38ebf856d19d,2026-09-10 09:23:18.966662+00
1462,293,DEPARTED_ORIGIN,2025-12-10 09:43:00+00,CARRIER_EDI,15fdccbf-9eb3-4629-8b9f-e59174298d72,2026-09-10 09:23:18.966662+00
1463,293,ARRIVED_DEST_PORT,2026-01-01 09:30:00+00,CARRIER_EDI,7c0e0833-afa1-4f14-acb0-1002679269fa,2026-09-10 09:23:18.966662+00
1464,293,CUSTOMS_CLEARED,2026-01-05 11:26:00+00,CARRIER_EDI,431f6905-18d1-4b21-84b5-0f8fddf205cd,2026-09-10 09:23:18.966662+00
1465,293,RECEIVED_FC,2026-01-11 09:16:00+00,WMS,7750f756-df94-4fd7-877d-98d1084dadd7,2026-09-10 09:23:18.966662+00
1466,294,BOOKED,2026-04-19 15:38:00+00,CARRIER_EDI,b17508d4-fe07-4378-a08c-e6d67df240bf,2026-09-10 09:23:18.966662+00
1467,294,DEPARTED_ORIGIN,2026-04-24 09:11:00+00,CARRIER_EDI,9a39e736-dd79-4458-94bb-e4e2df3c46da,2026-09-10 09:23:18.966662+00
1468,294,ARRIVED_DEST_PORT,2026-05-04 12:51:00+00,CARRIER_EDI,530643d0-ee7f-40f5-b29c-cb5143cd265e,2026-09-10 09:23:18.966662+00
1469,294,CUSTOMS_CLEARED,2026-05-06 13:59:00+00,CARRIER_EDI,28c989e7-2445-4148-805f-95bf69ca0b09,2026-09-10 09:23:18.966662+00
1470,294,RECEIVED_FC,2026-05-12 13:14:00+00,WMS,44e453ed-7c77-4b9a-8735-56c4b1adc867,2026-09-10 09:23:18.966662+00
1471,295,BOOKED,2026-07-29 06:01:00+00,CARRIER_EDI,c2f3ba5f-9558-4a46-8fab-a7f98030dfca,2026-09-10 09:23:18.966662+00
1472,295,DEPARTED_ORIGIN,2026-08-02 15:01:00+00,CARRIER_EDI,3b56fb1c-2268-4682-9680-632defe4b0fc,2026-09-10 09:23:18.966662+00
1473,295,ARRIVED_DEST_PORT,2026-08-31 12:32:00+00,CARRIER_EDI,464c05cb-c3f2-415f-ba00-c8185b076687,2026-09-10 09:23:18.966662+00
1474,295,CUSTOMS_CLEARED,2026-09-03 07:47:00+00,CARRIER_EDI,994869c3-8142-47ec-9211-9f48f91823fc,2026-09-10 09:23:18.966662+00
1475,295,RECEIVED_FC,2026-09-07 14:52:00+00,WMS,adb60c3c-bdef-41fd-988d-2aefb490b3c9,2026-09-10 09:23:18.966662+00
1476,296,BOOKED,2025-09-19 10:13:00+00,CARRIER_EDI,9592c9c8-0da3-4eff-b871-d0fd145a6dd4,2026-09-10 09:23:18.966662+00
1477,296,DEPARTED_ORIGIN,2025-09-23 16:03:00+00,CARRIER_EDI,a07360b6-b2e0-4f9d-9346-1487d6b51602,2026-09-10 09:23:18.966662+00
1478,296,ARRIVED_DEST_PORT,2025-10-10 17:58:00+00,CARRIER_EDI,c1c03e99-7036-4d77-b08f-20671ca1cabf,2026-09-10 09:23:18.966662+00
1479,296,CUSTOMS_CLEARED,2025-10-13 08:23:00+00,CARRIER_EDI,00b1b5d1-c8a6-4c37-8a23-2fa1506dada2,2026-09-10 09:23:18.966662+00
1480,296,RECEIVED_FC,2025-10-18 11:17:00+00,WMS,b33ebb5f-4bf3-42d0-b089-77957c993c8a,2026-09-10 09:23:18.966662+00
1481,297,BOOKED,2025-10-25 11:13:00+00,CARRIER_EDI,6c1fbb87-de18-4193-8e8f-0f8e3b3da3a5,2026-09-10 09:23:18.966662+00
1482,297,DEPARTED_ORIGIN,2025-10-29 11:46:00+00,CARRIER_EDI,8f215b6c-6b7b-4523-974e-b3204ed6b4c1,2026-09-10 09:23:18.966662+00
1483,297,ARRIVED_DEST_PORT,2025-11-23 17:41:00+00,CARRIER_EDI,a05e00a2-63dd-43f8-a178-738d9b805e99,2026-09-10 09:23:18.966662+00
1484,297,CUSTOMS_CLEARED,2025-11-25 12:34:00+00,CARRIER_EDI,9fa4d94e-7459-403d-8c16-89743c1bcfd4,2026-09-10 09:23:18.966662+00
1485,297,RECEIVED_FC,2025-11-28 15:34:00+00,WMS,fb92c817-389f-4d56-be4e-055bac293746,2026-09-10 09:23:18.966662+00
1486,298,BOOKED,2026-03-30 16:46:00+00,CARRIER_EDI,76ed83ac-a5c9-4c1f-82a7-794ad845d194,2026-09-10 09:23:18.966662+00
1487,298,DEPARTED_ORIGIN,2026-04-06 16:17:00+00,CARRIER_EDI,4aa7c3db-5608-40b8-96fe-317b3e7297c5,2026-09-10 09:23:18.966662+00
1488,298,ARRIVED_DEST_PORT,2026-04-28 13:39:00+00,CARRIER_EDI,90e36e2a-db45-4265-a9f2-a75876f816ed,2026-09-10 09:23:18.966662+00
1489,298,CUSTOMS_CLEARED,2026-05-01 06:28:00+00,CARRIER_EDI,006a9a1c-5d1b-4be5-8fad-5d1aa716442b,2026-09-10 09:23:18.966662+00
1490,298,RECEIVED_FC,2026-05-04 17:44:00+00,WMS,e3b2354f-a886-4998-be0e-2b92d2b76088,2026-09-10 09:23:18.966662+00
1491,299,BOOKED,2026-08-13 08:18:00+00,CARRIER_EDI,43c6be47-91cd-49f0-9c65-97d0eef41bdd,2026-09-10 09:23:18.966662+00
1492,299,DEPARTED_ORIGIN,2026-08-16 09:11:00+00,CARRIER_EDI,0b602117-d64c-4597-8c15-0f9a68c0f45d,2026-09-10 09:23:18.966662+00
1493,299,ARRIVED_DEST_PORT,2026-09-04 07:31:00+00,CARRIER_EDI,c677cc6f-c3cb-4279-853e-b88676efa9ad,2026-09-10 09:23:18.966662+00
1494,299,CUSTOMS_CLEARED,2026-09-05 08:56:00+00,CARRIER_EDI,42d09a21-ac9a-4342-b9a7-3eba46b51ed7,2026-09-10 09:23:18.966662+00
1495,299,RECEIVED_FC,2026-09-10 08:22:00+00,WMS,765f2f4a-a159-4a8c-98a1-cb9ce7a02568,2026-09-10 09:23:18.966662+00
1496,300,BOOKED,2025-09-27 12:39:00+00,CARRIER_EDI,f0c7606e-9a6d-451c-b4e7-636aef394978,2026-09-10 09:23:18.966662+00
1497,300,DEPARTED_ORIGIN,2025-10-04 12:55:00+00,CARRIER_EDI,e188abec-6fe4-4a38-a649-2c3b4af57c10,2026-09-10 09:23:18.966662+00
1498,300,ARRIVED_DEST_PORT,2025-10-30 15:49:00+00,CARRIER_EDI,d3d32dbd-eb41-4e65-b048-997c193fb5e8,2026-09-10 09:23:18.966662+00
1499,300,CUSTOMS_CLEARED,2025-10-31 14:58:00+00,CARRIER_EDI,4b23d8f1-c300-462b-8668-7b5e65e7e03b,2026-09-10 09:23:18.966662+00
1500,300,RECEIVED_FC,2025-11-02 15:25:00+00,WMS,a3c32d94-3711-49c9-8583-e7def7d8fa55,2026-09-10 09:23:18.966662+00
1501,301,BOOKED,2026-03-30 16:41:00+00,CARRIER_EDI,42819b10-7c8a-423e-85c5-56221b383794,2026-09-10 09:23:18.966662+00
1502,301,DEPARTED_ORIGIN,2026-04-03 06:40:00+00,CARRIER_EDI,a0dece71-005b-423b-aa37-8d96f429f650,2026-09-10 09:23:18.966662+00
1503,301,ARRIVED_DEST_PORT,2026-04-22 13:01:00+00,CARRIER_EDI,1d99a959-835a-42dc-8803-9624c4830104,2026-09-10 09:23:18.966662+00
1504,301,CUSTOMS_CLEARED,2026-04-23 14:31:00+00,CARRIER_EDI,e051d43f-e88d-4545-b5f3-06b252591799,2026-09-10 09:23:18.966662+00
1505,301,RECEIVED_FC,2026-04-26 16:15:00+00,WMS,a81008b2-37ff-44f0-84a8-ee2a918d8d6a,2026-09-10 09:23:18.966662+00
1506,302,BOOKED,2026-05-26 12:05:00+00,CARRIER_EDI,555b80a0-c4f4-4622-9a1e-a67ccb7c0d50,2026-09-10 09:23:18.966662+00
1507,302,DEPARTED_ORIGIN,2026-06-01 16:29:00+00,CARRIER_EDI,d99fad45-f125-4ba9-ae94-58cbd7ce3cd5,2026-09-10 09:23:18.966662+00
1508,302,ARRIVED_DEST_PORT,2026-07-02 07:24:00+00,CARRIER_EDI,428c4027-609d-412a-a760-49c55de10950,2026-09-10 09:23:18.966662+00
1509,302,CUSTOMS_CLEARED,2026-07-03 10:21:00+00,CARRIER_EDI,8c1ed297-5bc8-414c-baff-b3c9da17284b,2026-09-10 09:23:18.966662+00
1510,302,RECEIVED_FC,2026-07-07 08:04:00+00,WMS,9bc85694-2d44-4032-a7ad-6e23fbf51f83,2026-09-10 09:23:18.966662+00
1511,303,BOOKED,2026-01-06 14:29:00+00,CARRIER_EDI,16c5e2ab-c72d-4da7-a86d-f4260696c697,2026-09-10 09:23:18.966662+00
1512,303,DEPARTED_ORIGIN,2026-01-09 07:43:00+00,CARRIER_EDI,be9657e5-90a3-4b04-a115-7e0cae5a7344,2026-09-10 09:23:18.966662+00
1513,303,ARRIVED_DEST_PORT,2026-01-24 06:16:00+00,CARRIER_EDI,ec3a7d59-13ea-48b7-98c4-aada886e33df,2026-09-10 09:23:18.966662+00
1514,303,CUSTOMS_CLEARED,2026-01-27 07:28:00+00,CARRIER_EDI,36c3f00d-4d6e-40c4-b2e2-a4bce2eac73e,2026-09-10 09:23:18.966662+00
1515,303,RECEIVED_FC,2026-01-29 07:03:00+00,WMS,74ede286-2b8d-41c8-baa5-c8a96a5365d8,2026-09-10 09:23:18.966662+00
1516,304,BOOKED,2025-10-22 16:25:00+00,CARRIER_EDI,661edbb6-a2fb-4f6b-91c2-9cfa6661b52a,2026-09-10 09:23:18.966662+00
1517,304,DEPARTED_ORIGIN,2025-10-26 10:15:00+00,CARRIER_EDI,a7762e5b-1c68-4921-8355-b4d63161c2b8,2026-09-10 09:23:18.966662+00
1518,304,ARRIVED_DEST_PORT,2025-11-09 11:19:00+00,CARRIER_EDI,01f93dc8-8c87-41a9-a142-88d57de33c67,2026-09-10 09:23:18.966662+00
1519,304,CUSTOMS_CLEARED,2025-11-13 07:08:00+00,CARRIER_EDI,1223e237-8733-4db8-8bef-d82b3752a482,2026-09-10 09:23:18.966662+00
1520,304,RECEIVED_FC,2025-11-17 14:57:00+00,WMS,33a3f264-3d42-4713-abf8-4a9c5b20f9f2,2026-09-10 09:23:18.966662+00
1521,305,BOOKED,2025-12-18 13:13:00+00,CARRIER_EDI,4ea70da0-32c1-4f4e-b420-9e5db5754e00,2026-09-10 09:23:18.966662+00
1522,305,DEPARTED_ORIGIN,2025-12-21 07:51:00+00,CARRIER_EDI,b60d56f9-aed0-4e2e-921d-b77bbf7743f8,2026-09-10 09:23:18.966662+00
1523,305,ARRIVED_DEST_PORT,2026-01-21 17:27:00+00,CARRIER_EDI,dfbb9547-d9d1-46b1-8d07-c0b67835b555,2026-09-10 09:23:18.966662+00
1524,305,CUSTOMS_CLEARED,2026-01-25 15:44:00+00,CARRIER_EDI,0f850251-75e0-4e51-8c9d-39f860de1a81,2026-09-10 09:23:18.966662+00
1525,305,RECEIVED_FC,2026-01-30 16:30:00+00,WMS,d6ac99a6-6501-47b3-895d-19bbb01ad73b,2026-09-10 09:23:18.966662+00
1526,306,BOOKED,2025-10-31 12:16:00+00,CARRIER_EDI,868352eb-cf90-481e-9b76-9e4f7873d179,2026-09-10 09:23:18.966662+00
1527,306,DEPARTED_ORIGIN,2025-11-04 08:56:00+00,CARRIER_EDI,8c9db0b3-023d-4e3d-8010-aff7086c752e,2026-09-10 09:23:18.966662+00
1528,306,ARRIVED_DEST_PORT,2025-12-02 17:41:00+00,CARRIER_EDI,a5f07bf3-2a1b-49e8-b566-ee6844aae3f8,2026-09-10 09:23:18.966662+00
1529,306,CUSTOMS_CLEARED,2025-12-03 14:18:00+00,CARRIER_EDI,31040639-e5ea-4261-b0d0-794a4e0f185a,2026-09-10 09:23:18.966662+00
1530,306,RECEIVED_FC,2025-12-08 16:38:00+00,WMS,37f0b073-94a7-48c1-be88-6fbb63167e5f,2026-09-10 09:23:18.966662+00
1531,307,BOOKED,2026-06-05 08:26:00+00,CARRIER_EDI,73b3d808-7985-477d-9656-5e199fd5cc47,2026-09-10 09:23:18.966662+00
1532,307,DEPARTED_ORIGIN,2026-06-11 14:34:00+00,CARRIER_EDI,ebc29cc8-a0bb-4553-9039-a42446950e98,2026-09-10 09:23:18.966662+00
1533,307,ARRIVED_DEST_PORT,2026-07-10 11:47:00+00,CARRIER_EDI,bdec2a78-227f-4bef-b7e6-ca69330e2a40,2026-09-10 09:23:18.966662+00
1534,307,CUSTOMS_CLEARED,2026-07-14 17:52:00+00,CARRIER_EDI,adb2de7f-9d32-4c0b-8b84-28f60fc3ff80,2026-09-10 09:23:18.966662+00
1535,307,RECEIVED_FC,2026-07-17 15:14:00+00,WMS,ab76a823-1e56-49d5-8566-86c07ba1f2a9,2026-09-10 09:23:18.966662+00
1536,308,BOOKED,2026-06-21 08:38:00+00,CARRIER_EDI,b61ba250-a0df-4f86-9166-c9e64364ba40,2026-09-10 09:23:18.966662+00
1537,308,DEPARTED_ORIGIN,2026-06-26 08:47:00+00,CARRIER_EDI,9238dff5-9604-4a93-9827-2917b835ba98,2026-09-10 09:23:18.966662+00
1538,308,ARRIVED_DEST_PORT,2026-07-09 07:05:00+00,CARRIER_EDI,0c52664e-627e-455f-b804-ed53b2789c53,2026-09-10 09:23:18.966662+00
1539,308,CUSTOMS_CLEARED,2026-07-13 14:40:00+00,CARRIER_EDI,b4df207b-47f7-4182-95b5-5585795feada,2026-09-10 09:23:18.966662+00
1540,308,RECEIVED_FC,2026-07-19 11:42:00+00,WMS,bdc6daaf-f5b3-4b0b-b999-4aa4c05b9ced,2026-09-10 09:23:18.966662+00
1541,309,BOOKED,2025-12-24 15:01:00+00,CARRIER_EDI,6e4d29ca-af16-4181-b4c7-54f9be3479fe,2026-09-10 09:23:18.966662+00
1542,309,DEPARTED_ORIGIN,2025-12-27 14:34:00+00,CARRIER_EDI,92fadc9c-6886-405b-972c-4064c3fa6c03,2026-09-10 09:23:18.966662+00
1543,309,ARRIVED_DEST_PORT,2026-01-20 08:58:00+00,CARRIER_EDI,f192377d-5311-4863-92f8-2f380d8ab392,2026-09-10 09:23:18.966662+00
1544,309,CUSTOMS_CLEARED,2026-01-21 16:54:00+00,CARRIER_EDI,31487cb7-44e3-475b-a70c-622a738f2cf9,2026-09-10 09:23:18.966662+00
1545,309,RECEIVED_FC,2026-01-23 13:36:00+00,WMS,793f9a7f-a13d-4c75-ba73-2c26f6f12d70,2026-09-10 09:23:18.966662+00
1546,310,BOOKED,2025-12-23 08:22:00+00,CARRIER_EDI,31c5f707-f0bc-493d-bb17-b34bed1b50bb,2026-09-10 09:23:18.966662+00
1547,310,DEPARTED_ORIGIN,2025-12-28 06:55:00+00,CARRIER_EDI,ba66ff8e-19c2-45e3-9a1e-f297a29b6978,2026-09-10 09:23:18.966662+00
1548,310,ARRIVED_DEST_PORT,2026-01-24 09:33:00+00,CARRIER_EDI,afb729a0-170b-4af5-ac07-c16016d5f8b7,2026-09-10 09:23:18.966662+00
1549,310,CUSTOMS_CLEARED,2026-01-25 09:37:00+00,CARRIER_EDI,ef136bdc-5b27-4c93-a54c-00f08fbc70c7,2026-09-10 09:23:18.966662+00
1550,310,RECEIVED_FC,2026-01-29 16:31:00+00,WMS,efc58acd-c3c4-477a-8002-5ca3e07bb746,2026-09-10 09:23:18.966662+00
1551,311,BOOKED,2026-05-25 12:43:00+00,CARRIER_EDI,4584c29f-bd6f-4e5c-9b42-3979ffa5278a,2026-09-10 09:23:18.966662+00
1552,311,DEPARTED_ORIGIN,2026-05-30 12:47:00+00,CARRIER_EDI,11266571-105c-4855-889a-5281bbbb2a97,2026-09-10 09:23:18.966662+00
1553,311,ARRIVED_DEST_PORT,2026-06-16 12:47:00+00,CARRIER_EDI,b8940111-7508-4af0-aadd-61575cf0105b,2026-09-10 09:23:18.966662+00
1554,311,CUSTOMS_CLEARED,2026-06-20 17:16:00+00,CARRIER_EDI,d24bcf2d-18b6-4339-96c7-84ce557a19bc,2026-09-10 09:23:18.966662+00
1555,311,RECEIVED_FC,2026-06-24 09:22:00+00,WMS,641a9a2d-476c-49ac-8f55-13e4ff9b2409,2026-09-10 09:23:18.966662+00
1556,312,BOOKED,2026-01-09 11:36:00+00,CARRIER_EDI,d48500e1-d361-440d-a60e-1ec610960a2c,2026-09-10 09:23:18.966662+00
1557,312,DEPARTED_ORIGIN,2026-01-13 12:41:00+00,CARRIER_EDI,8649b8cf-9201-4ead-863b-44daea362fc9,2026-09-10 09:23:18.966662+00
1558,312,ARRIVED_DEST_PORT,2026-02-02 06:15:00+00,CARRIER_EDI,4c4c8855-0b67-4f7f-b994-b6fcc87d912e,2026-09-10 09:23:18.966662+00
1559,312,CUSTOMS_CLEARED,2026-02-06 09:23:00+00,CARRIER_EDI,0daa843c-9e35-4204-a379-e9768c426467,2026-09-10 09:23:18.966662+00
1560,312,RECEIVED_FC,2026-02-11 10:46:00+00,WMS,120cc0b6-f4ad-4906-97b1-4b4e1cdf1d73,2026-09-10 09:23:18.966662+00
1561,313,BOOKED,2026-06-07 16:35:00+00,CARRIER_EDI,2086b44a-ee65-4425-9b44-f3a87a3d7120,2026-09-10 09:23:18.966662+00
1562,313,DEPARTED_ORIGIN,2026-06-13 09:21:00+00,CARRIER_EDI,41bce153-2f09-4717-b4a1-a8842741afb5,2026-09-10 09:23:18.966662+00
1563,313,ARRIVED_DEST_PORT,2026-07-01 09:54:00+00,CARRIER_EDI,8bf788fd-dc59-4805-819a-f3b5cac180ad,2026-09-10 09:23:18.966662+00
1564,313,CUSTOMS_CLEARED,2026-07-03 14:51:00+00,CARRIER_EDI,59efa820-9e6e-40ef-b98d-fabc09514737,2026-09-10 09:23:18.966662+00
1565,313,RECEIVED_FC,2026-07-05 08:17:00+00,WMS,e24fbbd7-5b4a-4635-8d18-73f62650d3b8,2026-09-10 09:23:18.966662+00
1566,314,BOOKED,2026-03-30 14:27:00+00,CARRIER_EDI,0b917406-6bea-49a1-aa95-95dae7e2ebf9,2026-09-10 09:23:18.966662+00
1567,314,DEPARTED_ORIGIN,2026-04-04 14:23:00+00,CARRIER_EDI,f478376d-edff-498c-a352-ee7ee77aed56,2026-09-10 09:23:18.966662+00
1568,314,ARRIVED_DEST_PORT,2026-05-03 09:35:00+00,CARRIER_EDI,32e11181-b70a-47e1-8937-f093c4615d65,2026-09-10 09:23:18.966662+00
1569,314,CUSTOMS_CLEARED,2026-05-06 14:25:00+00,CARRIER_EDI,655cf62a-c534-46d4-b85e-873cf132c610,2026-09-10 09:23:18.966662+00
1570,314,RECEIVED_FC,2026-05-12 16:11:00+00,WMS,ba5ebda4-bfb1-4ffc-9c41-1ec2dff5441a,2026-09-10 09:23:18.966662+00
1571,315,BOOKED,2026-03-02 14:33:00+00,CARRIER_EDI,2d900462-e53e-47fa-b254-f5172e715353,2026-09-10 09:23:18.966662+00
1572,315,DEPARTED_ORIGIN,2026-03-09 16:39:00+00,CARRIER_EDI,beb45bfb-a962-4afc-bed1-f2e47cfbb0ac,2026-09-10 09:23:18.966662+00
1573,315,ARRIVED_DEST_PORT,2026-04-02 09:07:00+00,CARRIER_EDI,2b6974f3-00b0-44fe-96d2-c45c3116a3a6,2026-09-10 09:23:18.966662+00
1574,315,CUSTOMS_CLEARED,2026-04-06 11:11:00+00,CARRIER_EDI,f90c4d86-0651-47d3-90ba-6e30a36d28f6,2026-09-10 09:23:18.966662+00
1575,315,RECEIVED_FC,2026-04-11 15:34:00+00,WMS,c0f33ad0-d9e3-407c-9aed-22fd4a3be5ca,2026-09-10 09:23:18.966662+00
1576,316,BOOKED,2026-05-26 12:22:00+00,CARRIER_EDI,384095c1-ac4f-4340-b44d-9a6ab045b382,2026-09-10 09:23:18.966662+00
1577,316,DEPARTED_ORIGIN,2026-06-02 16:54:00+00,CARRIER_EDI,ec57600e-ca97-4bda-b7ed-048422b63653,2026-09-10 09:23:18.966662+00
1578,316,ARRIVED_DEST_PORT,2026-06-20 12:39:00+00,CARRIER_EDI,aaeb552b-96fd-4885-ab96-a9d292525ddf,2026-09-10 09:23:18.966662+00
1579,316,CUSTOMS_CLEARED,2026-06-23 15:38:00+00,CARRIER_EDI,ce5b61c8-db97-4d84-82ae-a657838326f9,2026-09-10 09:23:18.966662+00
1580,316,RECEIVED_FC,2026-06-27 15:44:00+00,WMS,f6e9032f-b618-451c-a798-394a805f8751,2026-09-10 09:23:18.966662+00
1581,317,BOOKED,2026-07-24 08:33:00+00,CARRIER_EDI,0fb68e30-b7b3-468c-bcd0-ce3a183ba9da,2026-09-10 09:23:18.966662+00
1582,317,DEPARTED_ORIGIN,2026-07-27 06:52:00+00,CARRIER_EDI,c7fd5ec2-8761-466e-9e3f-baf5803a0673,2026-09-10 09:23:18.966662+00
1583,317,ARRIVED_DEST_PORT,2026-08-16 15:22:00+00,CARRIER_EDI,ca47340d-8e5b-49fb-856f-1218fe372c9b,2026-09-10 09:23:18.966662+00
1584,317,CUSTOMS_CLEARED,2026-08-19 15:45:00+00,CARRIER_EDI,056a3807-fb61-4277-8477-29d0d38e7f74,2026-09-10 09:23:18.966662+00
1585,317,RECEIVED_FC,2026-08-22 12:36:00+00,WMS,9c467003-f175-4721-a559-26a1a7949838,2026-09-10 09:23:18.966662+00
1586,318,BOOKED,2025-09-08 12:11:00+00,CARRIER_EDI,c7fb3857-2016-4612-bc32-3d584c2f593d,2026-09-10 09:23:18.966662+00
1587,318,DEPARTED_ORIGIN,2025-09-13 11:41:00+00,CARRIER_EDI,9955c167-6ef0-4270-a389-3f9a93bca940,2026-09-10 09:23:18.966662+00
1588,318,ARRIVED_DEST_PORT,2025-10-03 17:48:00+00,CARRIER_EDI,c3a23763-8829-4b34-b8c8-92b030541f9a,2026-09-10 09:23:18.966662+00
1589,318,CUSTOMS_CLEARED,2025-10-05 09:10:00+00,CARRIER_EDI,24c27822-bcdb-4ef3-862a-e9d4a4e8988d,2026-09-10 09:23:18.966662+00
1590,318,RECEIVED_FC,2025-10-07 14:40:00+00,WMS,8a79314e-d9f1-470f-9aaf-5f9617719018,2026-09-10 09:23:18.966662+00
1591,319,BOOKED,2026-06-11 12:43:00+00,CARRIER_EDI,800478a4-b958-41bb-8dd8-acb24229d3c7,2026-09-10 09:23:18.966662+00
1592,319,DEPARTED_ORIGIN,2026-06-14 08:01:00+00,CARRIER_EDI,0fdb47b4-2bc1-4891-9b7c-bf24df92ba42,2026-09-10 09:23:18.966662+00
1593,319,ARRIVED_DEST_PORT,2026-07-01 10:43:00+00,CARRIER_EDI,b21abd5d-626d-44d9-89c9-298caec53436,2026-09-10 09:23:18.966662+00
1594,319,CUSTOMS_CLEARED,2026-07-04 16:10:00+00,CARRIER_EDI,61b3bf8b-4187-4bfd-b183-b927d1eb658d,2026-09-10 09:23:18.966662+00
1595,319,RECEIVED_FC,2026-07-09 14:15:00+00,WMS,18b98c09-4159-4089-8317-39901e4dd663,2026-09-10 09:23:18.966662+00
1596,320,BOOKED,2025-09-28 13:27:00+00,CARRIER_EDI,16e83434-6d51-4dbf-9b3b-6155fcd370ab,2026-09-10 09:23:18.966662+00
1597,320,DEPARTED_ORIGIN,2025-10-02 12:31:00+00,CARRIER_EDI,1d15f01e-26c5-49e8-95fb-d96b6555e50f,2026-09-10 09:23:18.966662+00
1598,320,ARRIVED_DEST_PORT,2025-10-25 13:40:00+00,CARRIER_EDI,436bc638-a1c4-4ee6-82c2-435ca2834ad4,2026-09-10 09:23:18.966662+00
1599,320,CUSTOMS_CLEARED,2025-10-27 15:38:00+00,CARRIER_EDI,bf2672bc-8898-4b23-9ac8-bf8e10515d7d,2026-09-10 09:23:18.966662+00
1600,320,RECEIVED_FC,2025-11-02 15:14:00+00,WMS,6a6240d7-6e5c-4094-92d1-4c5844fb6916,2026-09-10 09:23:18.966662+00
1601,321,BOOKED,2026-06-11 06:18:00+00,CARRIER_EDI,d269496a-ff57-4fb3-9698-7ba4f718d9ff,2026-09-10 09:23:18.966662+00
1602,321,DEPARTED_ORIGIN,2026-06-18 10:48:00+00,CARRIER_EDI,15b320e9-dd11-4c39-88a0-3a5e4b219eec,2026-09-10 09:23:18.966662+00
1603,321,ARRIVED_DEST_PORT,2026-07-01 13:40:00+00,CARRIER_EDI,73556ac7-2fe9-4d3a-8845-4bd3d243e179,2026-09-10 09:23:18.966662+00
1604,321,CUSTOMS_CLEARED,2026-07-05 14:12:00+00,CARRIER_EDI,670c3e51-aa64-4a56-99fa-16a4bf230dc1,2026-09-10 09:23:18.966662+00
1605,321,RECEIVED_FC,2026-07-10 11:26:00+00,WMS,b167e1e8-b1cb-447d-a5a3-ff155fa3556c,2026-09-10 09:23:18.966662+00
1606,322,BOOKED,2026-05-14 09:36:00+00,CARRIER_EDI,30ce5a56-b024-4498-abf0-0f81c90b0f13,2026-09-10 09:23:18.966662+00
1607,322,DEPARTED_ORIGIN,2026-05-20 14:02:00+00,CARRIER_EDI,8140858f-f25f-425e-86fa-8cd9c2745ccf,2026-09-10 09:23:18.966662+00
1608,322,ARRIVED_DEST_PORT,2026-06-09 09:14:00+00,CARRIER_EDI,a6c52032-a63e-4f6f-88a2-dad0c7fbfe9d,2026-09-10 09:23:18.966662+00
1609,322,CUSTOMS_CLEARED,2026-06-12 12:39:00+00,CARRIER_EDI,fc00af2e-e790-4afb-ba68-3a3badd7bcae,2026-09-10 09:23:18.966662+00
1610,322,RECEIVED_FC,2026-06-16 12:05:00+00,WMS,c956d790-c9e8-4c60-8cf5-f8bdb7ea718c,2026-09-10 09:23:18.966662+00
1611,323,BOOKED,2026-08-10 17:03:00+00,CARRIER_EDI,1581a1ae-6fe4-4179-ad75-8fb180c4b0f0,2026-09-10 09:23:18.966662+00
1612,323,DEPARTED_ORIGIN,2026-08-17 14:44:00+00,CARRIER_EDI,9fa8fcfe-eb36-4ded-b5db-f25ef3441838,2026-09-10 09:23:18.966662+00
1613,323,ARRIVED_DEST_PORT,2026-09-16 07:19:00+00,CARRIER_EDI,509e7483-f586-4277-93d5-b80a70973707,2026-09-10 09:23:18.966662+00
1614,323,CUSTOMS_CLEARED,2026-09-17 08:12:00+00,CARRIER_EDI,d943c631-885e-4760-a400-9ebcc2548685,2026-09-10 09:23:18.966662+00
1615,323,RECEIVED_FC,2026-09-19 16:34:00+00,WMS,738c77d6-05e0-4f04-990a-0463607f70c4,2026-09-10 09:23:18.966662+00
1616,324,BOOKED,2025-12-30 09:28:00+00,CARRIER_EDI,2c048d62-0fed-47d7-9733-bc1801e675ae,2026-09-10 09:23:18.966662+00
1617,324,DEPARTED_ORIGIN,2026-01-06 14:35:00+00,CARRIER_EDI,f56049c0-7983-4cc7-9ed2-da3b01e18482,2026-09-10 09:23:18.966662+00
1618,324,ARRIVED_DEST_PORT,2026-02-09 14:27:00+00,CARRIER_EDI,460bac7b-8009-4a7b-9282-44ba1c25dd5a,2026-09-10 09:23:18.966662+00
1619,324,CUSTOMS_CLEARED,2026-02-12 07:13:00+00,CARRIER_EDI,1116cc37-26ad-457e-adf6-bd32b9bef676,2026-09-10 09:23:18.966662+00
1620,324,RECEIVED_FC,2026-02-15 06:36:00+00,WMS,933cf42f-8997-4170-8477-067af5772419,2026-09-10 09:23:18.966662+00
1621,325,BOOKED,2026-04-10 17:06:00+00,CARRIER_EDI,cc6f3073-49a5-4e81-83a2-5534645a37d3,2026-09-10 09:23:18.966662+00
1622,325,DEPARTED_ORIGIN,2026-04-17 06:55:00+00,CARRIER_EDI,f4217f05-b1d0-40a8-9f78-923a87f13aa2,2026-09-10 09:23:18.966662+00
1623,325,ARRIVED_DEST_PORT,2026-05-03 06:15:00+00,CARRIER_EDI,773c49ab-c101-4134-9c59-49a0309ecd3e,2026-09-10 09:23:18.966662+00
1624,325,CUSTOMS_CLEARED,2026-05-06 17:53:00+00,CARRIER_EDI,ec14f99b-9658-4e0e-bc20-19b30b679212,2026-09-10 09:23:18.966662+00
1625,325,RECEIVED_FC,2026-05-08 11:16:00+00,WMS,c5417381-cdd2-4dfd-a0b1-c5823a4dd636,2026-09-10 09:23:18.966662+00
1626,326,BOOKED,2025-11-21 14:15:00+00,CARRIER_EDI,cd2f3aa8-c8a7-4a99-a93a-c56b9645cb66,2026-09-10 09:23:18.966662+00
1627,326,DEPARTED_ORIGIN,2025-11-27 10:05:00+00,CARRIER_EDI,dc72c526-ac10-4773-bd6f-f5a26cfdc3c5,2026-09-10 09:23:18.966662+00
1628,326,ARRIVED_DEST_PORT,2025-12-17 12:21:00+00,CARRIER_EDI,6e46d408-6a2c-4b10-a3a7-f17778929e14,2026-09-10 09:23:18.966662+00
1629,326,CUSTOMS_CLEARED,2025-12-20 07:36:00+00,CARRIER_EDI,183b56b3-a92b-41c9-ad96-07d8ca0c3e6d,2026-09-10 09:23:18.966662+00
1630,326,RECEIVED_FC,2025-12-23 17:33:00+00,WMS,d060eaab-c689-4ff9-849f-a53927133197,2026-09-10 09:23:18.966662+00
1631,327,BOOKED,2026-02-15 09:24:00+00,CARRIER_EDI,24cb37ab-45a4-443d-b012-7ef1815e6931,2026-09-10 09:23:18.966662+00
1632,327,DEPARTED_ORIGIN,2026-02-22 09:03:00+00,CARRIER_EDI,4045b106-2e2a-4c42-b5e6-804b4709e7f4,2026-09-10 09:23:18.966662+00
1633,327,ARRIVED_DEST_PORT,2026-03-12 15:06:00+00,CARRIER_EDI,760a710c-6228-46c2-9572-d675fd48cfb6,2026-09-10 09:23:18.966662+00
1634,327,CUSTOMS_CLEARED,2026-03-13 12:34:00+00,CARRIER_EDI,a09da7df-1ba1-4c37-8542-86ca64fcf413,2026-09-10 09:23:18.966662+00
1635,327,RECEIVED_FC,2026-03-19 14:49:00+00,WMS,fbc1a546-401a-49c9-b0b9-2430784a3d89,2026-09-10 09:23:18.966662+00
1636,328,BOOKED,2025-10-25 10:16:00+00,CARRIER_EDI,335260b2-7e46-4cbb-8aac-c3235fe4fd7a,2026-09-10 09:23:18.966662+00
1637,328,DEPARTED_ORIGIN,2025-11-01 16:50:00+00,CARRIER_EDI,512b1c00-467b-46cf-b646-1b00eb75432d,2026-09-10 09:23:18.966662+00
1638,328,ARRIVED_DEST_PORT,2025-11-27 15:37:00+00,CARRIER_EDI,8998dfe5-003c-45b6-af73-bb230f3cd972,2026-09-10 09:23:18.966662+00
1639,328,CUSTOMS_CLEARED,2025-11-28 09:42:00+00,CARRIER_EDI,884b7ca7-215c-478a-ade8-59b30c8d47e6,2026-09-10 09:23:18.966662+00
1640,328,RECEIVED_FC,2025-12-02 08:35:00+00,WMS,681ed4be-1d6a-4b29-b88f-0f3437e6a0d8,2026-09-10 09:23:18.966662+00
1641,329,BOOKED,2025-11-08 07:47:00+00,CARRIER_EDI,b531eab4-3ed6-4cd7-a68e-3db0fd004641,2026-09-10 09:23:18.966662+00
1642,329,DEPARTED_ORIGIN,2025-11-13 14:02:00+00,CARRIER_EDI,328ef71b-8e82-4533-8622-fe6bbb39f9f2,2026-09-10 09:23:18.966662+00
1643,329,ARRIVED_DEST_PORT,2025-12-06 13:46:00+00,CARRIER_EDI,05e65425-6651-436c-965e-1b453c8941e1,2026-09-10 09:23:18.966662+00
1644,329,CUSTOMS_CLEARED,2025-12-09 07:21:00+00,CARRIER_EDI,64f9c127-8c79-4b13-b2ab-e7457a73be05,2026-09-10 09:23:18.966662+00
1645,329,RECEIVED_FC,2025-12-14 06:36:00+00,WMS,f8690d4b-94f3-4811-a222-ebb87a030733,2026-09-10 09:23:18.966662+00
1646,330,BOOKED,2026-02-16 12:11:00+00,CARRIER_EDI,2486805f-27ea-447a-a31e-c935c3419ec1,2026-09-10 09:23:18.966662+00
1647,330,DEPARTED_ORIGIN,2026-02-22 17:01:00+00,CARRIER_EDI,36b34933-a9c3-4fcf-bd64-ff5bd928a501,2026-09-10 09:23:18.966662+00
1648,330,ARRIVED_DEST_PORT,2026-03-10 11:11:00+00,CARRIER_EDI,fbe5a06a-4b6b-4d0d-b685-c3e2570e3a15,2026-09-10 09:23:18.966662+00
1649,330,CUSTOMS_CLEARED,2026-03-12 15:35:00+00,CARRIER_EDI,5b18fedc-2446-4ab0-ae51-8d3d9f5e2868,2026-09-10 09:23:18.966662+00
1650,330,RECEIVED_FC,2026-03-18 10:50:00+00,WMS,89f0bfbb-5294-47f2-a651-a20fd1ead493,2026-09-10 09:23:18.966662+00
1651,331,BOOKED,2025-10-22 16:33:00+00,CARRIER_EDI,3a8ee692-23e1-4a9e-97b3-5d83c729b726,2026-09-10 09:23:18.966662+00
1652,331,DEPARTED_ORIGIN,2025-10-29 13:29:00+00,CARRIER_EDI,00a4d561-1125-4a1d-96a7-9ba5f17c0c3d,2026-09-10 09:23:18.966662+00
1653,331,ARRIVED_DEST_PORT,2025-11-10 16:32:00+00,CARRIER_EDI,16958ea9-7b21-4d76-abec-07f8a1abc543,2026-09-10 09:23:18.966662+00
1654,331,CUSTOMS_CLEARED,2025-11-12 16:02:00+00,CARRIER_EDI,d3fc3fff-9e48-4b27-b356-5a75a31a9298,2026-09-10 09:23:18.966662+00
1655,331,RECEIVED_FC,2025-11-14 13:41:00+00,WMS,cff247d8-ad96-43a3-a7b6-9249a34ff397,2026-09-10 09:23:18.966662+00
1656,332,BOOKED,2025-12-11 09:32:00+00,CARRIER_EDI,764f7d10-3ed2-4204-b9cb-eb1a96d21c11,2026-09-10 09:23:18.966662+00
1657,332,DEPARTED_ORIGIN,2025-12-18 14:51:00+00,CARRIER_EDI,dc32902e-61ae-41e0-988f-35c2a4e82244,2026-09-10 09:23:18.966662+00
1658,332,ARRIVED_DEST_PORT,2026-01-08 08:21:00+00,CARRIER_EDI,3e1ad6df-c962-447e-a1b3-16a88b670695,2026-09-10 09:23:18.966662+00
1659,332,CUSTOMS_CLEARED,2026-01-11 15:05:00+00,CARRIER_EDI,58701205-9767-45d8-a8ce-eb73658ec87a,2026-09-10 09:23:18.966662+00
1660,332,RECEIVED_FC,2026-01-13 11:17:00+00,WMS,c822c4f8-c372-4b2f-a22b-353dc96fc156,2026-09-10 09:23:18.966662+00
1661,333,BOOKED,2026-02-24 17:29:00+00,CARRIER_EDI,03fc15fc-aa93-460d-993f-69bd0628f795,2026-09-10 09:23:18.966662+00
1662,333,DEPARTED_ORIGIN,2026-03-03 07:17:00+00,CARRIER_EDI,4c8f234c-58c8-4e50-84d4-54ef86703b92,2026-09-10 09:23:18.966662+00
1663,333,ARRIVED_DEST_PORT,2026-03-30 11:57:00+00,CARRIER_EDI,a627d477-a4ed-4ad7-a772-aad8d2190697,2026-09-10 09:23:18.966662+00
1664,333,CUSTOMS_CLEARED,2026-03-31 08:51:00+00,CARRIER_EDI,14d7f58c-9571-42e8-bae3-ef8e7f7c7365,2026-09-10 09:23:18.966662+00
1665,333,RECEIVED_FC,2026-04-06 12:52:00+00,WMS,2ada94fe-35cd-405c-9570-70731da1d08e,2026-09-10 09:23:18.966662+00
1666,334,BOOKED,2026-02-28 11:10:00+00,CARRIER_EDI,2aa9bf2d-f1cd-4b91-beb2-c6f4db83597c,2026-09-10 09:23:18.966662+00
1667,334,DEPARTED_ORIGIN,2026-03-06 17:27:00+00,CARRIER_EDI,4ff3f9a6-f1d9-43be-9bf3-fb9a994462cc,2026-09-10 09:23:18.966662+00
1668,334,ARRIVED_DEST_PORT,2026-03-18 13:33:00+00,CARRIER_EDI,3dacdc74-1937-4590-a110-acbe35b986c6,2026-09-10 09:23:18.966662+00
1669,334,CUSTOMS_CLEARED,2026-03-20 14:21:00+00,CARRIER_EDI,bc8580f7-c21c-4d6c-96e5-8af0d86decb3,2026-09-10 09:23:18.966662+00
1670,334,RECEIVED_FC,2026-03-24 15:40:00+00,WMS,09975676-be31-40ed-8482-8db3e9b5e527,2026-09-10 09:23:18.966662+00
1671,335,BOOKED,2025-10-01 11:23:00+00,CARRIER_EDI,d07ca455-ef8e-4c6d-a312-4f9dcf9a73bc,2026-09-10 09:23:18.966662+00
1672,335,DEPARTED_ORIGIN,2025-10-08 06:27:00+00,CARRIER_EDI,ddb45c0b-8901-44ff-b2a2-d3a3801b579e,2026-09-10 09:23:18.966662+00
1673,335,ARRIVED_DEST_PORT,2025-10-30 09:59:00+00,CARRIER_EDI,f74e4f78-ca85-4ebd-bbe8-20bda5eb5c7f,2026-09-10 09:23:18.966662+00
1674,335,CUSTOMS_CLEARED,2025-11-02 10:35:00+00,CARRIER_EDI,33124447-6b6c-454b-bf3b-e20ff938be4e,2026-09-10 09:23:18.966662+00
1675,335,RECEIVED_FC,2025-11-05 14:11:00+00,WMS,2ea70b56-bfa5-43b0-99a4-ac900dae3f2f,2026-09-10 09:23:18.966662+00
1676,336,BOOKED,2026-02-17 11:01:00+00,CARRIER_EDI,c58f1781-0da5-4ab3-85c6-bb5aa0dcf4cb,2026-09-10 09:23:18.966662+00
1677,336,DEPARTED_ORIGIN,2026-02-24 11:24:00+00,CARRIER_EDI,c3f4c0e2-3369-426b-bf47-e6697f8e2dc2,2026-09-10 09:23:18.966662+00
1678,336,ARRIVED_DEST_PORT,2026-03-21 13:48:00+00,CARRIER_EDI,bce8bdc5-19aa-4192-8c93-71318a2df989,2026-09-10 09:23:18.966662+00
1679,336,CUSTOMS_CLEARED,2026-03-25 12:14:00+00,CARRIER_EDI,a2f6f6ee-e01e-4eeb-baf7-be9c043b2d15,2026-09-10 09:23:18.966662+00
1680,336,RECEIVED_FC,2026-03-30 17:23:00+00,WMS,fa4337ca-a848-403a-b697-4d052c881128,2026-09-10 09:23:18.966662+00
1681,337,BOOKED,2025-12-09 15:19:00+00,CARRIER_EDI,a864c9af-05da-4c00-9a95-8102d2ded0ba,2026-09-10 09:23:18.966662+00
1682,337,DEPARTED_ORIGIN,2025-12-12 12:14:00+00,CARRIER_EDI,b844ece2-012e-45c7-8736-7702d882aa63,2026-09-10 09:23:18.966662+00
1683,337,ARRIVED_DEST_PORT,2026-01-04 13:44:00+00,CARRIER_EDI,7bbaeb70-4b95-4200-8785-d8953f6f7934,2026-09-10 09:23:18.966662+00
1684,337,CUSTOMS_CLEARED,2026-01-06 14:22:00+00,CARRIER_EDI,5dec320d-6fc8-44c2-bed6-01d2f9e98ba5,2026-09-10 09:23:18.966662+00
1685,337,RECEIVED_FC,2026-01-12 06:12:00+00,WMS,2fa97b7d-e5a4-404c-987c-d74f84e172d0,2026-09-10 09:23:18.966662+00
1686,338,BOOKED,2026-02-04 06:15:00+00,CARRIER_EDI,0652437e-0d55-452a-9550-df5b362c5748,2026-09-10 09:23:18.966662+00
1687,338,DEPARTED_ORIGIN,2026-02-10 09:34:00+00,CARRIER_EDI,719e3480-ab2f-4f5d-93ff-9d67f51fab06,2026-09-10 09:23:18.966662+00
1688,338,ARRIVED_DEST_PORT,2026-03-18 13:13:00+00,CARRIER_EDI,63b5bf30-e456-4e08-927f-e46dd93f2e6b,2026-09-10 09:23:18.966662+00
1689,338,CUSTOMS_CLEARED,2026-03-21 11:21:00+00,CARRIER_EDI,338842e5-52b5-40dd-a02f-32c93629f675,2026-09-10 09:23:18.966662+00
1690,338,RECEIVED_FC,2026-03-25 17:51:00+00,WMS,02dcb9ed-1e76-4dab-ae18-1962521a486b,2026-09-10 09:23:18.966662+00
1691,339,BOOKED,2026-06-03 15:34:00+00,CARRIER_EDI,41645912-07e7-4a1d-9a06-999a17e480ff,2026-09-10 09:23:18.966662+00
1692,339,DEPARTED_ORIGIN,2026-06-10 13:57:00+00,CARRIER_EDI,33d4b1c0-6b9c-4b1d-a041-27b1df78c8dd,2026-09-10 09:23:18.966662+00
1693,339,ARRIVED_DEST_PORT,2026-07-05 06:07:00+00,CARRIER_EDI,27d49f87-7254-4caf-bb0b-eb9b87ee7189,2026-09-10 09:23:18.966662+00
1694,339,CUSTOMS_CLEARED,2026-07-06 09:31:00+00,CARRIER_EDI,1002b271-1cd2-459f-a042-36792e5f3c15,2026-09-10 09:23:18.966662+00
1695,339,RECEIVED_FC,2026-07-08 09:40:00+00,WMS,459358aa-0ca3-4062-94d3-9ec2fa13fb83,2026-09-10 09:23:18.966662+00
1696,340,BOOKED,2026-06-09 06:49:00+00,CARRIER_EDI,79e4d62a-c1fa-44e2-8d92-1db9cbbf81d1,2026-09-10 09:23:18.966662+00
1697,340,DEPARTED_ORIGIN,2026-06-13 17:25:00+00,CARRIER_EDI,a08a9b71-19ec-4028-adfc-caf5c28aded1,2026-09-10 09:23:18.966662+00
1698,340,ARRIVED_DEST_PORT,2026-07-03 14:22:00+00,CARRIER_EDI,ff902ae9-fa62-4af8-8aa6-034b0338acdb,2026-09-10 09:23:18.966662+00
1699,340,CUSTOMS_CLEARED,2026-07-06 15:48:00+00,CARRIER_EDI,1e3b6fee-499b-4c2f-8244-0211e4b97566,2026-09-10 09:23:18.966662+00
1700,340,RECEIVED_FC,2026-07-08 10:08:00+00,WMS,c6c72ee9-ad2f-4c93-815e-f5e47090196f,2026-09-10 09:23:18.966662+00
1701,341,BOOKED,2026-08-10 08:56:00+00,CARRIER_EDI,4ac3279c-9068-4ec7-a095-38259845fc95,2026-09-10 09:23:18.966662+00
1702,341,DEPARTED_ORIGIN,2026-08-15 11:38:00+00,CARRIER_EDI,9a8b70e1-265f-44fa-934b-ba7981756e33,2026-09-10 09:23:18.966662+00
1703,341,ARRIVED_DEST_PORT,2026-08-31 07:42:00+00,CARRIER_EDI,fa79e930-c509-45e8-852b-e893b1254cf4,2026-09-10 09:23:18.966662+00
1704,341,CUSTOMS_CLEARED,2026-09-02 17:03:00+00,CARRIER_EDI,ff3d1460-b16c-4951-a436-f728d5e254d2,2026-09-10 09:23:18.966662+00
1705,341,RECEIVED_FC,2026-09-05 12:35:00+00,WMS,7a98764f-b7ea-49bc-8534-e6c0dc964352,2026-09-10 09:23:18.966662+00
1706,342,BOOKED,2026-04-08 17:03:00+00,CARRIER_EDI,cb9ec9c4-aeb8-4b3b-953b-42e5ec568e3a,2026-09-10 09:23:18.966662+00
1707,342,DEPARTED_ORIGIN,2026-04-12 11:29:00+00,CARRIER_EDI,5b67f64f-0c80-4233-9848-3676482e764d,2026-09-10 09:23:18.966662+00
1708,342,ARRIVED_DEST_PORT,2026-05-05 14:42:00+00,CARRIER_EDI,795a5431-5a87-4442-b076-72cdc55a45c4,2026-09-10 09:23:18.966662+00
1709,342,CUSTOMS_CLEARED,2026-05-06 09:17:00+00,CARRIER_EDI,527ae844-1b3c-485c-a3f1-c96bb7882dbf,2026-09-10 09:23:18.966662+00
1710,342,RECEIVED_FC,2026-05-09 12:59:00+00,WMS,3aaa7152-0884-4721-a516-bad46d876929,2026-09-10 09:23:18.966662+00
1711,343,BOOKED,2026-01-24 16:38:00+00,CARRIER_EDI,9d0bb09f-08b3-46e8-8440-edae792606fd,2026-09-10 09:23:18.966662+00
1712,343,DEPARTED_ORIGIN,2026-01-28 10:15:00+00,CARRIER_EDI,31b2996b-a6f1-49a6-88f2-9ed5b31f7505,2026-09-10 09:23:18.966662+00
1713,343,ARRIVED_DEST_PORT,2026-02-21 10:35:00+00,CARRIER_EDI,b337c103-f35b-4973-a389-34d19cf8abcf,2026-09-10 09:23:18.966662+00
1714,343,CUSTOMS_CLEARED,2026-02-24 07:18:00+00,CARRIER_EDI,4edfefca-2a23-491d-bdee-9ac1f9580b92,2026-09-10 09:23:18.966662+00
1715,343,RECEIVED_FC,2026-02-26 08:00:00+00,WMS,bba5c7cd-1b88-4462-a199-6c69622f4341,2026-09-10 09:23:18.966662+00
1716,344,BOOKED,2026-05-14 15:10:00+00,CARRIER_EDI,a261d138-f59d-46fb-8056-9f3ab6b86ed5,2026-09-10 09:23:18.966662+00
1717,344,DEPARTED_ORIGIN,2026-05-18 15:52:00+00,CARRIER_EDI,4c73a73e-862d-4b1f-8d51-95dfbea2e101,2026-09-10 09:23:18.966662+00
1718,344,ARRIVED_DEST_PORT,2026-06-24 17:44:00+00,CARRIER_EDI,d98d949f-9fdb-4ba1-a356-2d7385897525,2026-09-10 09:23:18.966662+00
1719,344,CUSTOMS_CLEARED,2026-06-25 13:27:00+00,CARRIER_EDI,7c15e8aa-dfd6-4308-993e-59e96430a937,2026-09-10 09:23:18.966662+00
1720,344,RECEIVED_FC,2026-07-01 10:21:00+00,WMS,869a3113-3005-4a9c-a4d1-d5a3ffa811d4,2026-09-10 09:23:18.966662+00
1721,345,BOOKED,2025-11-15 14:58:00+00,CARRIER_EDI,4e057fba-ccb6-44ab-aef1-e95aa797ee3e,2026-09-10 09:23:18.966662+00
1722,345,DEPARTED_ORIGIN,2025-11-19 07:57:00+00,CARRIER_EDI,5408f785-3aed-4363-836e-97ea8f0b0fb5,2026-09-10 09:23:18.966662+00
1723,345,ARRIVED_DEST_PORT,2025-12-11 16:44:00+00,CARRIER_EDI,7f2d7063-5ce2-4d55-9926-3432ce10d8da,2026-09-10 09:23:18.966662+00
1724,345,CUSTOMS_CLEARED,2025-12-12 14:59:00+00,CARRIER_EDI,f1634fd1-0877-46d1-8844-2bda5650d2d8,2026-09-10 09:23:18.966662+00
1725,345,RECEIVED_FC,2025-12-17 14:01:00+00,WMS,2cc87321-a73f-4e53-bea4-d524f36fdb13,2026-09-10 09:23:18.966662+00
1726,346,BOOKED,2026-05-06 15:09:00+00,CARRIER_EDI,47a3fb67-4293-4283-8206-c9107d09c0c9,2026-09-10 09:23:18.966662+00
1727,346,DEPARTED_ORIGIN,2026-05-10 10:13:00+00,CARRIER_EDI,2a83c6ab-d0b8-4703-85b7-48180d307f66,2026-09-10 09:23:18.966662+00
1728,346,ARRIVED_DEST_PORT,2026-05-26 12:55:00+00,CARRIER_EDI,a716d522-7cf9-41a2-99f1-d122f2f9aa5d,2026-09-10 09:23:18.966662+00
1729,346,CUSTOMS_CLEARED,2026-05-30 07:33:00+00,CARRIER_EDI,48193bd5-a446-42ba-aefb-cdde5aea3a9f,2026-09-10 09:23:18.966662+00
1730,346,RECEIVED_FC,2026-06-02 16:23:00+00,WMS,60f2daa6-20f3-4b26-9971-7fc2b7e49a65,2026-09-10 09:23:18.966662+00
1731,347,BOOKED,2026-04-05 11:12:00+00,CARRIER_EDI,04b68bd2-bf95-406f-9a76-cb8a20b7099b,2026-09-10 09:23:18.966662+00
1732,347,DEPARTED_ORIGIN,2026-04-11 10:14:00+00,CARRIER_EDI,e380b22e-d81d-48d7-9464-05b4be7e440f,2026-09-10 09:23:18.966662+00
1733,347,ARRIVED_DEST_PORT,2026-05-10 14:45:00+00,CARRIER_EDI,87946e7d-03d9-40fc-acf9-385b1153fea5,2026-09-10 09:23:18.966662+00
1734,347,CUSTOMS_CLEARED,2026-05-11 10:32:00+00,CARRIER_EDI,70862ad1-3b49-4976-b1fa-c8951cbfbbf7,2026-09-10 09:23:18.966662+00
1735,347,RECEIVED_FC,2026-05-13 14:06:00+00,WMS,bdf48c0e-1789-4f1b-972a-d42c85cf7504,2026-09-10 09:23:18.966662+00
1736,348,BOOKED,2026-08-06 09:09:00+00,CARRIER_EDI,c5433f37-50a2-439d-a3b0-8c583492449b,2026-09-10 09:23:18.966662+00
1737,348,DEPARTED_ORIGIN,2026-08-10 09:28:00+00,CARRIER_EDI,355ba25b-b57b-441a-938c-c949ac718c9a,2026-09-10 09:23:18.966662+00
1738,348,ARRIVED_DEST_PORT,2026-09-02 07:31:00+00,CARRIER_EDI,85ae3ca8-d028-4614-a0d6-a84063bc925f,2026-09-10 09:23:18.966662+00
1739,348,CUSTOMS_CLEARED,2026-09-04 12:25:00+00,CARRIER_EDI,c86c26c0-ece6-44a9-b927-ef8a6769116e,2026-09-10 09:23:18.966662+00
1740,348,RECEIVED_FC,2026-09-09 11:45:00+00,WMS,2a3dc1e4-566b-422f-9d7c-34ce35eac7ca,2026-09-10 09:23:18.966662+00
1741,349,BOOKED,2026-02-23 06:17:00+00,CARRIER_EDI,fcfbfa1e-3089-4255-a40e-46e5d549598a,2026-09-10 09:23:18.966662+00
1742,349,DEPARTED_ORIGIN,2026-02-27 07:40:00+00,CARRIER_EDI,27a51f77-b207-4cff-b1fd-276405d0551c,2026-09-10 09:23:18.966662+00
1743,349,ARRIVED_DEST_PORT,2026-04-03 13:29:00+00,CARRIER_EDI,5cb3f223-91bc-4cc9-86bf-2b994589aacc,2026-09-10 09:23:18.966662+00
1744,349,CUSTOMS_CLEARED,2026-04-05 11:00:00+00,CARRIER_EDI,7339af8b-8f7d-4370-9bb2-835344f1b020,2026-09-10 09:23:18.966662+00
1745,349,RECEIVED_FC,2026-04-08 10:21:00+00,WMS,82fdfa93-9050-4b95-a2a5-25d09b4cc2db,2026-09-10 09:23:18.966662+00
1746,350,BOOKED,2025-10-11 10:33:00+00,CARRIER_EDI,8ad8e9fe-8bae-433a-9438-d9fd9dc56f28,2026-09-10 09:23:18.966662+00
1747,350,DEPARTED_ORIGIN,2025-10-16 07:25:00+00,CARRIER_EDI,e48962fb-faa7-413c-8cba-9031f35ed94a,2026-09-10 09:23:18.966662+00
1748,350,ARRIVED_DEST_PORT,2025-11-19 06:44:00+00,CARRIER_EDI,a4692448-0b23-420f-9e7b-943a64bd95ab,2026-09-10 09:23:18.966662+00
1749,350,CUSTOMS_CLEARED,2025-11-22 09:24:00+00,CARRIER_EDI,feed0843-9d3f-4976-8da6-e1e715b13046,2026-09-10 09:23:18.966662+00
1750,350,RECEIVED_FC,2025-11-28 11:12:00+00,WMS,95cd4338-1689-4a19-a70f-8e8c04582724,2026-09-10 09:23:18.966662+00
1751,351,BOOKED,2026-07-14 07:35:00+00,CARRIER_EDI,4132f2fd-109c-4550-8736-0a80b9e30fe5,2026-09-10 09:23:18.966662+00
1752,351,DEPARTED_ORIGIN,2026-07-20 15:47:00+00,CARRIER_EDI,12acb3c4-bfc6-44e3-9010-25e4184cbced,2026-09-10 09:23:18.966662+00
1753,351,ARRIVED_DEST_PORT,2026-08-29 17:25:00+00,CARRIER_EDI,20c73f78-34dc-4c5e-9ada-11178bdf0d75,2026-09-10 09:23:18.966662+00
1754,351,CUSTOMS_CLEARED,2026-09-02 10:18:00+00,CARRIER_EDI,978a0e10-b74b-44ab-bf37-3458fb7ed4f3,2026-09-10 09:23:18.966662+00
1755,351,RECEIVED_FC,2026-09-07 09:11:00+00,WMS,9617459f-3487-466b-bbed-aedae82f306b,2026-09-10 09:23:18.966662+00
1756,352,BOOKED,2026-02-08 08:58:00+00,CARRIER_EDI,3277e59f-3afd-4e70-898e-6af3cdef6bf3,2026-09-10 09:23:18.966662+00
1757,352,DEPARTED_ORIGIN,2026-02-12 07:07:00+00,CARRIER_EDI,9b0ed4e2-2893-47cd-aa39-8d1867d70efc,2026-09-10 09:23:18.966662+00
1758,352,ARRIVED_DEST_PORT,2026-03-27 16:40:00+00,CARRIER_EDI,0992fcd4-262b-4370-a179-4393dfa2922e,2026-09-10 09:23:18.966662+00
1759,352,CUSTOMS_CLEARED,2026-03-31 15:21:00+00,CARRIER_EDI,a383d8e0-5a71-445d-97fb-89619ce17e80,2026-09-10 09:23:18.966662+00
1760,352,RECEIVED_FC,2026-04-06 17:36:00+00,WMS,89ec7516-3b4e-4a73-9ced-b87c844e0f52,2026-09-10 09:23:18.966662+00
1761,353,BOOKED,2025-10-22 10:41:00+00,CARRIER_EDI,796dd4f7-1be9-4ff8-b971-8d5b99837810,2026-09-10 09:23:18.966662+00
1762,353,DEPARTED_ORIGIN,2025-10-28 17:36:00+00,CARRIER_EDI,d66195ec-ac2d-4e6e-b642-ecab9336e84b,2026-09-10 09:23:18.966662+00
1763,353,ARRIVED_DEST_PORT,2025-11-24 13:35:00+00,CARRIER_EDI,27d03c48-8215-4dd6-a52d-28c04083a15d,2026-09-10 09:23:18.966662+00
1764,353,CUSTOMS_CLEARED,2025-11-25 16:59:00+00,CARRIER_EDI,6088e88a-fb3b-4446-b886-1c7ff01c94ad,2026-09-10 09:23:18.966662+00
1765,353,RECEIVED_FC,2025-11-28 14:09:00+00,WMS,c8dd4d51-c0e6-45b2-b031-202c5045bfdb,2026-09-10 09:23:18.966662+00
1766,354,BOOKED,2026-06-02 10:51:00+00,CARRIER_EDI,fcd61d3c-e358-446d-8be4-510e69969436,2026-09-10 09:23:18.966662+00
1767,354,DEPARTED_ORIGIN,2026-06-09 07:05:00+00,CARRIER_EDI,b8f95709-47f6-48ab-a0c5-20f67595d2c7,2026-09-10 09:23:18.966662+00
1768,354,ARRIVED_DEST_PORT,2026-06-25 13:45:00+00,CARRIER_EDI,433acc2f-0137-4499-af55-45bee5496949,2026-09-10 09:23:18.966662+00
1769,354,CUSTOMS_CLEARED,2026-06-28 08:59:00+00,CARRIER_EDI,7429b84a-46ef-4a18-a1ce-67f07be8bb1f,2026-09-10 09:23:18.966662+00
1770,354,RECEIVED_FC,2026-07-01 13:53:00+00,WMS,2975745d-c7ad-4d39-9083-04a16c882c3a,2026-09-10 09:23:18.966662+00
1771,355,BOOKED,2025-12-24 16:50:00+00,CARRIER_EDI,8bbd5127-5266-431a-bd93-01555b0f2f43,2026-09-10 09:23:18.966662+00
1772,355,DEPARTED_ORIGIN,2025-12-27 10:54:00+00,CARRIER_EDI,fae0e5b7-18bd-45f9-98d1-db716897e95b,2026-09-10 09:23:18.966662+00
1773,355,ARRIVED_DEST_PORT,2026-01-26 07:17:00+00,CARRIER_EDI,78c68f21-011c-4814-aa75-d3694a397821,2026-09-10 09:23:18.966662+00
1774,355,CUSTOMS_CLEARED,2026-01-27 10:36:00+00,CARRIER_EDI,d231261f-5290-483e-ac3c-12ad9aaefdb1,2026-09-10 09:23:18.966662+00
1775,355,RECEIVED_FC,2026-01-29 09:42:00+00,WMS,0f38135e-cc1c-40fa-a26d-9aaa05b16a9c,2026-09-10 09:23:18.966662+00
1776,356,BOOKED,2026-07-17 12:52:00+00,CARRIER_EDI,072750d4-85fb-40d1-925c-8a7720387dbf,2026-09-10 09:23:18.966662+00
1777,356,DEPARTED_ORIGIN,2026-07-21 07:27:00+00,CARRIER_EDI,7bc58270-c9a0-470d-ac44-3ad8ae14df94,2026-09-10 09:23:18.966662+00
1778,356,ARRIVED_DEST_PORT,2026-08-21 08:15:00+00,CARRIER_EDI,603c66e2-d623-44bd-9a0f-c55a0df2d9d7,2026-09-10 09:23:18.966662+00
1779,356,CUSTOMS_CLEARED,2026-08-22 08:44:00+00,CARRIER_EDI,5fb032d2-5d63-4f04-940e-9c1dc04ff9f9,2026-09-10 09:23:18.966662+00
1780,356,RECEIVED_FC,2026-08-25 12:16:00+00,WMS,423e1a64-d5a7-45ec-83aa-a61c0bada368,2026-09-10 09:23:18.966662+00
1781,357,BOOKED,2025-10-24 07:17:00+00,CARRIER_EDI,0eb437aa-1593-4a00-8c90-d0f67b58c338,2026-09-10 09:23:18.966662+00
1782,357,DEPARTED_ORIGIN,2025-10-29 16:43:00+00,CARRIER_EDI,d728b6f8-c531-482b-871d-5959586a27cc,2026-09-10 09:23:18.966662+00
1783,357,ARRIVED_DEST_PORT,2025-12-02 12:51:00+00,CARRIER_EDI,da4220e9-edc1-4f32-8ed3-fe3859fd8104,2026-09-10 09:23:18.966662+00
1784,357,CUSTOMS_CLEARED,2025-12-04 07:07:00+00,CARRIER_EDI,54be2941-0497-4c51-aa0b-3d729064813c,2026-09-10 09:23:18.966662+00
1785,357,RECEIVED_FC,2025-12-10 06:09:00+00,WMS,bf84c85d-8942-4d1b-9f57-f9816071a54d,2026-09-10 09:23:18.966662+00
1786,358,BOOKED,2025-09-20 09:07:00+00,CARRIER_EDI,3b529eb7-a278-4a02-8dc2-61946969fce6,2026-09-10 09:23:18.966662+00
1787,358,DEPARTED_ORIGIN,2025-09-25 10:06:00+00,CARRIER_EDI,0a2be163-28c4-4842-87c5-6ca8de4daba9,2026-09-10 09:23:18.966662+00
1788,358,ARRIVED_DEST_PORT,2025-10-24 13:09:00+00,CARRIER_EDI,010360d6-c7ed-4cc5-bde6-e65fe23816bc,2026-09-10 09:23:18.966662+00
1789,358,CUSTOMS_CLEARED,2025-10-27 12:24:00+00,CARRIER_EDI,3f6026e6-acbd-4a77-b505-a13c6294c175,2026-09-10 09:23:18.966662+00
1790,358,RECEIVED_FC,2025-10-30 10:51:00+00,WMS,3603a38a-4a4c-4630-8a80-f319c21db19e,2026-09-10 09:23:18.966662+00
1791,359,BOOKED,2026-07-26 09:54:00+00,CARRIER_EDI,a8b7aa66-5d78-4aed-afa7-14d1a371473a,2026-09-10 09:23:18.966662+00
1792,359,DEPARTED_ORIGIN,2026-07-29 06:42:00+00,CARRIER_EDI,33296237-1067-4bd7-a009-34d16ca4a74d,2026-09-10 09:23:18.966662+00
1793,359,ARRIVED_DEST_PORT,2026-08-17 11:47:00+00,CARRIER_EDI,4bb2591b-a590-439e-897b-86ebf0c7f3b5,2026-09-10 09:23:18.966662+00
1794,359,CUSTOMS_CLEARED,2026-08-18 10:21:00+00,CARRIER_EDI,983b9ce6-bf5a-45e3-a3bf-46aaa2464982,2026-09-10 09:23:18.966662+00
1795,359,RECEIVED_FC,2026-08-21 15:40:00+00,WMS,c894239c-9fe8-499b-8b30-708f3bd1ba60,2026-09-10 09:23:18.966662+00
1796,360,BOOKED,2025-09-29 14:53:00+00,CARRIER_EDI,efdc9cd4-0a1f-401d-8dc2-92cf447ca35f,2026-09-10 09:23:18.966662+00
1797,360,DEPARTED_ORIGIN,2025-10-06 13:48:00+00,CARRIER_EDI,e186e74b-b9a0-47f5-b157-3ba17669f922,2026-09-10 09:23:18.966662+00
1798,360,ARRIVED_DEST_PORT,2025-11-08 17:31:00+00,CARRIER_EDI,d559040a-b184-4d02-8b82-bb6c2ca62092,2026-09-10 09:23:18.966662+00
1799,360,CUSTOMS_CLEARED,2025-11-11 16:25:00+00,CARRIER_EDI,1b5f1762-259f-46b6-b27f-eb83f2201a87,2026-09-10 09:23:18.966662+00
1800,360,RECEIVED_FC,2025-11-15 16:27:00+00,WMS,07cb1410-5fa8-44fe-b0bc-5bdaaa6aa445,2026-09-10 09:23:18.966662+00
1801,361,BOOKED,2026-01-13 06:36:00+00,CARRIER_EDI,084112e0-17a5-4066-bc8f-57729471dd03,2026-09-10 09:23:18.966662+00
1802,361,DEPARTED_ORIGIN,2026-01-19 06:59:00+00,CARRIER_EDI,72fa9566-f540-470b-9b3d-70c446d155a5,2026-09-10 09:23:18.966662+00
1803,361,ARRIVED_DEST_PORT,2026-02-07 17:42:00+00,CARRIER_EDI,28c8f101-709a-436c-84b6-3bba3ee780e0,2026-09-10 09:23:18.966662+00
1804,361,CUSTOMS_CLEARED,2026-02-10 09:25:00+00,CARRIER_EDI,9388b2f5-345f-4661-b871-f7d1730e6801,2026-09-10 09:23:18.966662+00
1805,361,RECEIVED_FC,2026-02-12 06:38:00+00,WMS,47e00406-0504-4a2b-9529-81b87b6ea3b7,2026-09-10 09:23:18.966662+00
1806,362,BOOKED,2026-06-09 16:12:00+00,CARRIER_EDI,058b73b4-6d76-4f5f-8185-5cbd24e9e185,2026-09-10 09:23:18.966662+00
1807,362,DEPARTED_ORIGIN,2026-06-13 10:21:00+00,CARRIER_EDI,a029f3fc-f74b-49f2-a257-099814fb49d6,2026-09-10 09:23:18.966662+00
1808,362,ARRIVED_DEST_PORT,2026-07-18 14:39:00+00,CARRIER_EDI,8f071d2d-c0ca-49c6-adf6-5429fb91e539,2026-09-10 09:23:18.966662+00
1809,362,CUSTOMS_CLEARED,2026-07-21 09:26:00+00,CARRIER_EDI,042ae4d2-8277-40fa-977f-daa3e71fd493,2026-09-10 09:23:18.966662+00
1810,362,RECEIVED_FC,2026-07-24 12:27:00+00,WMS,ec2ee991-f3d3-4ec5-a41d-709ddaa865b3,2026-09-10 09:23:18.966662+00
1811,363,BOOKED,2026-06-17 11:10:00+00,CARRIER_EDI,3856af42-82ae-49bb-8e62-73a77cb054ec,2026-09-10 09:23:18.966662+00
1812,363,DEPARTED_ORIGIN,2026-06-21 14:06:00+00,CARRIER_EDI,009482b6-2ae5-45a8-ad85-bdc7f23180e8,2026-09-10 09:23:18.966662+00
1813,363,ARRIVED_DEST_PORT,2026-07-13 14:57:00+00,CARRIER_EDI,3ff8b7f8-4f15-4067-9e9b-40e54fa55018,2026-09-10 09:23:18.966662+00
1814,363,CUSTOMS_CLEARED,2026-07-17 06:55:00+00,CARRIER_EDI,f45b5af8-017c-4179-8f8d-2a0a532b92d2,2026-09-10 09:23:18.966662+00
1815,363,RECEIVED_FC,2026-07-21 07:50:00+00,WMS,3e6d3240-0f75-46f1-a704-4a5fbb1be15f,2026-09-10 09:23:18.966662+00
1816,364,BOOKED,2026-02-06 08:32:00+00,CARRIER_EDI,af26fa27-3461-4263-be91-4810050886d7,2026-09-10 09:23:18.966662+00
1817,364,DEPARTED_ORIGIN,2026-02-09 11:15:00+00,CARRIER_EDI,e8f7f933-d838-407e-9122-4882c9260687,2026-09-10 09:23:18.966662+00
1818,364,ARRIVED_DEST_PORT,2026-03-12 13:08:00+00,CARRIER_EDI,c68a0659-24b1-4d7e-b841-31eed13d4b53,2026-09-10 09:23:18.966662+00
1819,364,CUSTOMS_CLEARED,2026-03-16 08:22:00+00,CARRIER_EDI,49081547-62e8-46e0-afaa-2aa4faeb96f4,2026-09-10 09:23:18.966662+00
1820,364,RECEIVED_FC,2026-03-22 08:03:00+00,WMS,b8fbd9c7-184a-4fe4-995a-55ab29b793e2,2026-09-10 09:23:18.966662+00
1821,365,BOOKED,2025-10-18 13:02:00+00,CARRIER_EDI,e825c747-6773-4ca4-9a71-a36805d85b78,2026-09-10 09:23:18.966662+00
1822,365,DEPARTED_ORIGIN,2025-10-21 16:51:00+00,CARRIER_EDI,b7bd2f9d-2b05-4cfc-a76a-fc460694e820,2026-09-10 09:23:18.966662+00
1823,365,ARRIVED_DEST_PORT,2025-11-15 15:36:00+00,CARRIER_EDI,c9ca19fd-d7b4-4804-9152-dfb5ecdae720,2026-09-10 09:23:18.966662+00
1824,365,CUSTOMS_CLEARED,2025-11-17 09:49:00+00,CARRIER_EDI,f1ba45dd-fba8-4a20-afc0-a403066d013f,2026-09-10 09:23:18.966662+00
1825,365,RECEIVED_FC,2025-11-20 12:32:00+00,WMS,885e25b9-3c5b-42a5-ab17-9b01b1e69830,2026-09-10 09:23:18.966662+00
1826,366,BOOKED,2026-04-06 09:58:00+00,CARRIER_EDI,bba6744a-83d9-4267-a5c6-4233fde14b37,2026-09-10 09:23:18.966662+00
1827,366,DEPARTED_ORIGIN,2026-04-10 09:31:00+00,CARRIER_EDI,3307fa05-ab67-446f-9546-fa05890e29a4,2026-09-10 09:23:18.966662+00
1828,366,ARRIVED_DEST_PORT,2026-05-07 11:56:00+00,CARRIER_EDI,340a60d6-d3a2-4508-8f95-13b2c9ac1cc6,2026-09-10 09:23:18.966662+00
1829,366,CUSTOMS_CLEARED,2026-05-10 17:10:00+00,CARRIER_EDI,db33bcfe-e214-438c-9ea0-258d119ba679,2026-09-10 09:23:18.966662+00
1830,366,RECEIVED_FC,2026-05-16 17:08:00+00,WMS,3050b87e-90bc-406a-94f2-0a996d080b2d,2026-09-10 09:23:18.966662+00
1831,367,BOOKED,2025-12-28 14:28:00+00,CARRIER_EDI,35817ecd-b28a-4e0b-a376-08eb572dfaf9,2026-09-10 09:23:18.966662+00
1832,367,DEPARTED_ORIGIN,2026-01-03 11:16:00+00,CARRIER_EDI,5073a135-7ab3-4b1f-8d2e-743e9bf97b83,2026-09-10 09:23:18.966662+00
1833,367,ARRIVED_DEST_PORT,2026-02-04 11:07:00+00,CARRIER_EDI,7a51f1be-88c3-4363-bb41-bcfdfbe39f45,2026-09-10 09:23:18.966662+00
1834,367,CUSTOMS_CLEARED,2026-02-05 10:20:00+00,CARRIER_EDI,2c2d9729-ca84-42b7-a016-c3eaeaace74f,2026-09-10 09:23:18.966662+00
1835,367,RECEIVED_FC,2026-02-08 13:01:00+00,WMS,9cfbb577-e146-40a5-9135-299120bb3fc3,2026-09-10 09:23:18.966662+00
1836,368,BOOKED,2026-07-10 06:24:00+00,CARRIER_EDI,dd96c3e1-45de-492b-a97e-8414373ceebc,2026-09-10 09:23:18.966662+00
1837,368,DEPARTED_ORIGIN,2026-07-15 09:19:00+00,CARRIER_EDI,256cec5b-0b55-4f30-b9d1-b93478b4ca36,2026-09-10 09:23:18.966662+00
1838,368,ARRIVED_DEST_PORT,2026-08-01 06:08:00+00,CARRIER_EDI,7da04ac3-2dee-4000-95d9-414bfef4e203,2026-09-10 09:23:18.966662+00
1839,368,CUSTOMS_CLEARED,2026-08-04 17:51:00+00,CARRIER_EDI,7cbaf745-48a2-442b-88fb-af0195d646cc,2026-09-10 09:23:18.966662+00
1840,368,RECEIVED_FC,2026-08-07 15:52:00+00,WMS,361e0ef2-af8d-4619-80c9-cffd34c2d760,2026-09-10 09:23:18.966662+00
1841,369,BOOKED,2025-12-26 16:07:00+00,CARRIER_EDI,bea023fb-4735-4e75-9594-ea31b47237f4,2026-09-10 09:23:18.966662+00
1842,369,DEPARTED_ORIGIN,2026-01-02 15:37:00+00,CARRIER_EDI,a9c8530e-fadf-46af-b737-2e025d0f8d7f,2026-09-10 09:23:18.966662+00
1843,369,ARRIVED_DEST_PORT,2026-01-14 17:06:00+00,CARRIER_EDI,da674f61-22bf-4700-97b6-4d7466f47ea0,2026-09-10 09:23:18.966662+00
1844,369,CUSTOMS_CLEARED,2026-01-16 06:08:00+00,CARRIER_EDI,8ff73a00-c624-4dbf-875b-11b78a1e13fe,2026-09-10 09:23:18.966662+00
1845,369,RECEIVED_FC,2026-01-21 07:17:00+00,WMS,bd35851c-2f23-45d8-aed8-0208c6a8b0a5,2026-09-10 09:23:18.966662+00
1846,370,BOOKED,2026-06-24 11:37:00+00,CARRIER_EDI,5d7a4e33-6191-42b4-87a5-863f416ab493,2026-09-10 09:23:18.966662+00
1847,370,DEPARTED_ORIGIN,2026-06-30 16:33:00+00,CARRIER_EDI,652d67b8-1393-45b0-b047-41260afed936,2026-09-10 09:23:18.966662+00
1848,370,ARRIVED_DEST_PORT,2026-07-17 10:00:00+00,CARRIER_EDI,4aa4b345-c6a5-4abc-806f-3cce3dec82d2,2026-09-10 09:23:18.966662+00
1849,370,CUSTOMS_CLEARED,2026-07-18 08:15:00+00,CARRIER_EDI,105045b3-0643-4799-82ef-a4acd11238f9,2026-09-10 09:23:18.966662+00
1850,370,RECEIVED_FC,2026-07-23 08:06:00+00,WMS,034a280d-349f-494a-9607-dd453681eb12,2026-09-10 09:23:18.966662+00
1851,371,BOOKED,2026-03-06 08:58:00+00,CARRIER_EDI,10b8e09d-4352-4c78-8ee6-061824a01c4b,2026-09-10 09:23:18.966662+00
1852,371,DEPARTED_ORIGIN,2026-03-10 15:36:00+00,CARRIER_EDI,3646d9f5-c42c-43b4-bedb-42fa47cec762,2026-09-10 09:23:18.966662+00
1853,371,ARRIVED_DEST_PORT,2026-04-11 11:30:00+00,CARRIER_EDI,1f0904ca-e758-42ab-b21e-961394585ded,2026-09-10 09:23:18.966662+00
1854,371,CUSTOMS_CLEARED,2026-04-15 15:43:00+00,CARRIER_EDI,c1007291-c8ed-479c-b1ca-15515a715361,2026-09-10 09:23:18.966662+00
1855,371,RECEIVED_FC,2026-04-17 07:41:00+00,WMS,528c1c04-6634-4cd5-b89a-ea12b134b935,2026-09-10 09:23:18.966662+00
1856,372,BOOKED,2026-07-25 13:40:00+00,CARRIER_EDI,e9944b35-fe05-4ca5-9f6c-8735af33f1c4,2026-09-10 09:23:18.966662+00
1857,372,DEPARTED_ORIGIN,2026-07-29 17:08:00+00,CARRIER_EDI,90a8f7ba-801a-4d26-ac4f-6182cb8e6eaf,2026-09-10 09:23:18.966662+00
1858,372,ARRIVED_DEST_PORT,2026-08-20 13:23:00+00,CARRIER_EDI,2edc5d72-6cde-41db-a500-2ebd3b9b6d4e,2026-09-10 09:23:18.966662+00
1859,372,CUSTOMS_CLEARED,2026-08-24 06:16:00+00,CARRIER_EDI,16e31b22-70d8-4902-9cf0-925015dac12b,2026-09-10 09:23:18.966662+00
1860,372,RECEIVED_FC,2026-08-26 15:53:00+00,WMS,4bc90f11-0b90-4dcf-a4f2-c0c74ea4e3f5,2026-09-10 09:23:18.966662+00
1861,373,BOOKED,2026-01-11 10:56:00+00,CARRIER_EDI,186c5967-6c7a-439e-bd8d-6bc95fc25b9e,2026-09-10 09:23:18.966662+00
1862,373,DEPARTED_ORIGIN,2026-01-17 17:44:00+00,CARRIER_EDI,306ff558-c1e3-4623-8ad6-2d67560949fe,2026-09-10 09:23:18.966662+00
1863,373,ARRIVED_DEST_PORT,2026-02-02 08:42:00+00,CARRIER_EDI,573e872e-9a0b-425f-b12d-55512c05b157,2026-09-10 09:23:18.966662+00
1864,373,CUSTOMS_CLEARED,2026-02-06 06:41:00+00,CARRIER_EDI,60fc0cd4-0e01-4958-9c44-3246e30567e8,2026-09-10 09:23:18.966662+00
1865,373,RECEIVED_FC,2026-02-11 14:57:00+00,WMS,0f329758-d762-4df3-acb8-a8cd3b7adb22,2026-09-10 09:23:18.966662+00
1866,374,BOOKED,2025-09-11 11:04:00+00,CARRIER_EDI,d36b9e88-b32f-4b03-9a7e-e94d931af2e4,2026-09-10 09:23:18.966662+00
1867,374,DEPARTED_ORIGIN,2025-09-16 11:48:00+00,CARRIER_EDI,b91d9702-ba2e-4149-b41e-b5f0abafa639,2026-09-10 09:23:18.966662+00
1868,374,ARRIVED_DEST_PORT,2025-10-02 14:01:00+00,CARRIER_EDI,a536b153-295b-4286-a877-1ced1a424dcf,2026-09-10 09:23:18.966662+00
1869,374,CUSTOMS_CLEARED,2025-10-04 17:53:00+00,CARRIER_EDI,80a2d929-5b99-4e1e-9cdc-6e2376548218,2026-09-10 09:23:18.966662+00
1870,374,RECEIVED_FC,2025-10-09 16:32:00+00,WMS,073a5e91-bcd6-4a3b-8cdd-8d9210f078cd,2026-09-10 09:23:18.966662+00
1871,375,BOOKED,2025-12-30 11:40:00+00,CARRIER_EDI,95b207c9-0d3a-40d6-a88c-53485432d332,2026-09-10 09:23:18.966662+00
1872,375,DEPARTED_ORIGIN,2026-01-04 08:20:00+00,CARRIER_EDI,7e1c4d65-a245-437a-96a4-c398c5655119,2026-09-10 09:23:18.966662+00
1873,375,ARRIVED_DEST_PORT,2026-01-24 06:40:00+00,CARRIER_EDI,88f51d0a-32c2-4a79-9734-4ff8b84dd3e7,2026-09-10 09:23:18.966662+00
1874,375,CUSTOMS_CLEARED,2026-01-28 08:36:00+00,CARRIER_EDI,1a1de5b2-9587-479f-a7e9-d5d5fd1e6e67,2026-09-10 09:23:18.966662+00
1875,375,RECEIVED_FC,2026-01-30 17:53:00+00,WMS,18b8c6fd-4007-4116-b3bb-5f4c51c4626f,2026-09-10 09:23:18.966662+00
1876,376,BOOKED,2026-01-27 11:31:00+00,CARRIER_EDI,50ba6f9c-6410-48b8-9d57-22a1daa1ab2f,2026-09-10 09:23:18.966662+00
1877,376,DEPARTED_ORIGIN,2026-02-01 13:15:00+00,CARRIER_EDI,6786bbe0-3637-451d-b897-4e3a37264796,2026-09-10 09:23:18.966662+00
1878,376,ARRIVED_DEST_PORT,2026-03-09 10:50:00+00,CARRIER_EDI,f928cc7f-19b4-4472-aefe-4954e260b934,2026-09-10 09:23:18.966662+00
1879,376,CUSTOMS_CLEARED,2026-03-13 17:46:00+00,CARRIER_EDI,6053de8c-501f-4eca-af7f-144821b7e292,2026-09-10 09:23:18.966662+00
1880,376,RECEIVED_FC,2026-03-19 13:01:00+00,WMS,ab25e55f-90f7-46f1-a1b5-6174cf80637f,2026-09-10 09:23:18.966662+00
1881,377,BOOKED,2026-03-11 10:51:00+00,CARRIER_EDI,9fd75870-6134-42ff-bd0c-54f8d44d27a0,2026-09-10 09:23:18.966662+00
1882,377,DEPARTED_ORIGIN,2026-03-14 11:55:00+00,CARRIER_EDI,7fa602b8-9d1b-46d5-a95b-a2ab58f5578d,2026-09-10 09:23:18.966662+00
1883,377,ARRIVED_DEST_PORT,2026-04-03 12:48:00+00,CARRIER_EDI,6e9a6e1a-b167-457b-8573-bdb56a60c306,2026-09-10 09:23:18.966662+00
1884,377,CUSTOMS_CLEARED,2026-04-05 17:04:00+00,CARRIER_EDI,04d22c91-b613-4ddd-94dd-b6f4add103c7,2026-09-10 09:23:18.966662+00
1885,377,RECEIVED_FC,2026-04-09 16:16:00+00,WMS,9c1eb2a1-3a28-43b3-9d9b-b510ead404ee,2026-09-10 09:23:18.966662+00
1886,378,BOOKED,2026-05-23 13:46:00+00,CARRIER_EDI,aea9f164-0698-4801-9c5d-bc098b22bb06,2026-09-10 09:23:18.966662+00
1887,378,DEPARTED_ORIGIN,2026-05-28 16:31:00+00,CARRIER_EDI,27df605e-e65b-4579-8883-b06f8b2fb9de,2026-09-10 09:23:18.966662+00
1888,378,ARRIVED_DEST_PORT,2026-06-20 09:55:00+00,CARRIER_EDI,a28adb41-8a5c-4844-a63e-40d718b7e73f,2026-09-10 09:23:18.966662+00
1889,378,CUSTOMS_CLEARED,2026-06-23 12:41:00+00,CARRIER_EDI,74478147-56c1-431f-88c3-2b3ee5e030e9,2026-09-10 09:23:18.966662+00
1890,378,RECEIVED_FC,2026-06-27 07:13:00+00,WMS,82d5241a-36d3-4c84-a767-7d9fd976b29b,2026-09-10 09:23:18.966662+00
1891,379,BOOKED,2026-01-14 08:39:00+00,CARRIER_EDI,1e72d3e7-8fb0-4b1a-8216-c19176437e2c,2026-09-10 09:23:18.966662+00
1892,379,DEPARTED_ORIGIN,2026-01-18 08:37:00+00,CARRIER_EDI,4e519277-6b41-4a5f-beee-4271d4133489,2026-09-10 09:23:18.966662+00
1893,379,ARRIVED_DEST_PORT,2026-02-09 07:36:00+00,CARRIER_EDI,09e3d5ac-5282-4771-bdc9-32882ff4edd7,2026-09-10 09:23:18.966662+00
1894,379,CUSTOMS_CLEARED,2026-02-10 12:56:00+00,CARRIER_EDI,9970573e-29bd-4aee-b67a-d4eccdb7895d,2026-09-10 09:23:18.966662+00
1895,379,RECEIVED_FC,2026-02-15 11:29:00+00,WMS,5447a788-9a07-4197-be7c-376277a3c7d9,2026-09-10 09:23:18.966662+00
1896,380,BOOKED,2026-06-12 16:40:00+00,CARRIER_EDI,302312c7-723e-4c42-8457-b6b1cd845907,2026-09-10 09:23:18.966662+00
1897,380,DEPARTED_ORIGIN,2026-06-15 07:05:00+00,CARRIER_EDI,39755a26-9344-4dad-8b65-3b5f732871a6,2026-09-10 09:23:18.966662+00
1898,380,ARRIVED_DEST_PORT,2026-07-02 13:12:00+00,CARRIER_EDI,25d21d3c-bec3-427c-9112-fd01611036c6,2026-09-10 09:23:18.966662+00
1899,380,CUSTOMS_CLEARED,2026-07-03 08:37:00+00,CARRIER_EDI,044338b7-9fb2-42c7-9248-7e9a3f8834a3,2026-09-10 09:23:18.966662+00
1900,380,RECEIVED_FC,2026-07-09 16:04:00+00,WMS,accb12ff-555d-4b45-bc70-780f090baad6,2026-09-10 09:23:18.966662+00
1901,381,BOOKED,2025-09-27 17:47:00+00,CARRIER_EDI,529bdb9e-6b6b-4801-9977-5b9deb58b556,2026-09-10 09:23:18.966662+00
1902,381,DEPARTED_ORIGIN,2025-10-02 09:19:00+00,CARRIER_EDI,d0c22a51-0265-4b16-9fad-ebf75a023876,2026-09-10 09:23:18.966662+00
1903,381,ARRIVED_DEST_PORT,2025-11-03 11:57:00+00,CARRIER_EDI,567a3dc7-330c-4e32-b8d5-4991a9514122,2026-09-10 09:23:18.966662+00
1904,381,CUSTOMS_CLEARED,2025-11-06 15:37:00+00,CARRIER_EDI,33d0662d-926a-4903-87f6-5d90844944ab,2026-09-10 09:23:18.966662+00
1905,381,RECEIVED_FC,2025-11-10 13:19:00+00,WMS,b1574843-cd3e-409c-b23c-4407b6855a9b,2026-09-10 09:23:18.966662+00
1906,382,BOOKED,2026-05-10 11:37:00+00,CARRIER_EDI,d102802d-cdbb-4be3-82de-1dadca826d08,2026-09-10 09:23:18.966662+00
1907,382,DEPARTED_ORIGIN,2026-05-14 07:24:00+00,CARRIER_EDI,86332f07-6b65-4ff7-8307-5f87eb1a262d,2026-09-10 09:23:18.966662+00
1908,382,ARRIVED_DEST_PORT,2026-05-29 07:25:00+00,CARRIER_EDI,c10d034b-ba88-4e90-a5d6-8435fa845536,2026-09-10 09:23:18.966662+00
1909,382,CUSTOMS_CLEARED,2026-05-30 10:37:00+00,CARRIER_EDI,46747ba7-e90d-43ba-90f9-865f551e5422,2026-09-10 09:23:18.966662+00
1910,382,RECEIVED_FC,2026-06-02 12:02:00+00,WMS,63ec3d3b-206e-42d2-9b0b-5b31df7ff0dc,2026-09-10 09:23:18.966662+00
1911,383,BOOKED,2026-02-24 10:20:00+00,CARRIER_EDI,9576a09a-20b5-4d68-8f8c-a3bd4bb313f3,2026-09-10 09:23:18.966662+00
1912,383,DEPARTED_ORIGIN,2026-03-03 06:39:00+00,CARRIER_EDI,fdfc8aab-7fa2-4f70-94ba-304a7c0db7dd,2026-09-10 09:23:18.966662+00
1913,383,ARRIVED_DEST_PORT,2026-04-08 08:28:00+00,CARRIER_EDI,fcb241db-acdf-4ebb-87d9-f6ef1be5b956,2026-09-10 09:23:18.966662+00
1914,383,CUSTOMS_CLEARED,2026-04-12 14:51:00+00,CARRIER_EDI,ea333cb1-19a0-49a0-aa55-d5386b051d9d,2026-09-10 09:23:18.966662+00
1915,383,RECEIVED_FC,2026-04-17 09:29:00+00,WMS,34e6b42d-d4f2-4c36-8e0a-17926e644501,2026-09-10 09:23:18.966662+00
1916,384,BOOKED,2026-07-01 13:14:00+00,CARRIER_EDI,b295f41d-dc14-4a4a-b75e-42df7c9b856d,2026-09-10 09:23:18.966662+00
1917,384,DEPARTED_ORIGIN,2026-07-07 15:19:00+00,CARRIER_EDI,99415203-d348-4b1d-b967-eec3ea842de5,2026-09-10 09:23:18.966662+00
1918,384,ARRIVED_DEST_PORT,2026-07-26 08:33:00+00,CARRIER_EDI,ea82a649-4121-444b-8473-d699ef1a2abe,2026-09-10 09:23:18.966662+00
1919,384,CUSTOMS_CLEARED,2026-07-30 12:59:00+00,CARRIER_EDI,3d424ba0-61ef-4189-9954-ff206f942cee,2026-09-10 09:23:18.966662+00
1920,384,RECEIVED_FC,2026-08-05 17:21:00+00,WMS,2cfed20a-d2f4-4bbd-9d1c-599150d5e6fe,2026-09-10 09:23:18.966662+00
1921,385,BOOKED,2026-06-09 08:02:00+00,CARRIER_EDI,bf8e1cd4-4ad6-475f-b4c1-85fc6df0fe0d,2026-09-10 09:23:18.966662+00
1922,385,DEPARTED_ORIGIN,2026-06-13 17:33:00+00,CARRIER_EDI,3816609b-f11e-4444-b1a6-00d4d8036fd3,2026-09-10 09:23:18.966662+00
1923,385,ARRIVED_DEST_PORT,2026-07-11 13:36:00+00,CARRIER_EDI,fe800a90-c83d-409b-80b8-da3b1d4576a2,2026-09-10 09:23:18.966662+00
1924,385,CUSTOMS_CLEARED,2026-07-12 15:30:00+00,CARRIER_EDI,5f1b6971-70a2-4eb1-80df-373903bb2ee5,2026-09-10 09:23:18.966662+00
1925,385,RECEIVED_FC,2026-07-18 10:48:00+00,WMS,b17ff44d-01f1-4fdb-a971-0e40d2b059f9,2026-09-10 09:23:18.966662+00
1926,386,BOOKED,2026-05-02 15:06:00+00,CARRIER_EDI,65c29731-b3b7-4ed1-9f08-fea073403483,2026-09-10 09:23:18.966662+00
1927,386,DEPARTED_ORIGIN,2026-05-09 16:23:00+00,CARRIER_EDI,d9747b7a-8671-459e-a52b-9b41f03b43a5,2026-09-10 09:23:18.966662+00
1928,386,ARRIVED_DEST_PORT,2026-05-29 07:27:00+00,CARRIER_EDI,f23d2f8b-f3ae-4707-9b26-9c091257b3dd,2026-09-10 09:23:18.966662+00
1929,386,CUSTOMS_CLEARED,2026-06-01 10:51:00+00,CARRIER_EDI,a94641ee-6d8b-4986-ba48-2dbe4faf9fd6,2026-09-10 09:23:18.966662+00
1930,386,RECEIVED_FC,2026-06-06 17:12:00+00,WMS,f783124c-8f76-483e-a7b5-db8aadb59b95,2026-09-10 09:23:18.966662+00
1931,387,BOOKED,2026-06-08 17:22:00+00,CARRIER_EDI,818b2d6e-fc1e-44b9-a0c3-6a7cd9723c9a,2026-09-10 09:23:18.966662+00
1932,387,DEPARTED_ORIGIN,2026-06-14 10:54:00+00,CARRIER_EDI,93a2548e-1392-43dd-be58-92d1344686c1,2026-09-10 09:23:18.966662+00
1933,387,ARRIVED_DEST_PORT,2026-07-04 07:07:00+00,CARRIER_EDI,6af09db0-4416-4f4f-81cc-56429851df7a,2026-09-10 09:23:18.966662+00
1934,387,CUSTOMS_CLEARED,2026-07-08 08:14:00+00,CARRIER_EDI,f31c4620-0754-4817-9430-ae230c169774,2026-09-10 09:23:18.966662+00
1935,387,RECEIVED_FC,2026-07-14 07:46:00+00,WMS,03e5fd7d-5260-4dfe-8778-c72c91fb3aec,2026-09-10 09:23:18.966662+00
1936,388,BOOKED,2026-07-30 06:58:00+00,CARRIER_EDI,4a6f3a10-5a2b-4429-a56c-8b70ba867d0f,2026-09-10 09:23:18.966662+00
1937,388,DEPARTED_ORIGIN,2026-08-05 06:50:00+00,CARRIER_EDI,4beefd70-17d1-452c-bdcb-db78a67e244f,2026-09-10 09:23:18.966662+00
1938,388,ARRIVED_DEST_PORT,2026-08-22 16:15:00+00,CARRIER_EDI,5eb2d515-ac98-431c-9fe7-c47ff4c8c7fc,2026-09-10 09:23:18.966662+00
1939,388,CUSTOMS_CLEARED,2026-08-23 17:33:00+00,CARRIER_EDI,0fb0e0cd-d53b-485d-8a6e-142abde36d08,2026-09-10 09:23:18.966662+00
1940,388,RECEIVED_FC,2026-08-26 06:40:00+00,WMS,0b758643-b9ad-4e54-bbc2-d792f20792c8,2026-09-10 09:23:18.966662+00
1941,389,BOOKED,2025-10-22 10:26:00+00,CARRIER_EDI,97c07434-5d4d-4e23-af9f-c88811bc5357,2026-09-10 09:23:18.966662+00
1942,389,DEPARTED_ORIGIN,2025-10-25 14:55:00+00,CARRIER_EDI,b669d6fb-a73a-40ef-ba4e-0c2e9eb16a5a,2026-09-10 09:23:18.966662+00
1943,389,ARRIVED_DEST_PORT,2025-11-19 10:02:00+00,CARRIER_EDI,feb7fbef-feda-41b4-b8d8-fbb3e96ec49d,2026-09-10 09:23:18.966662+00
1944,389,CUSTOMS_CLEARED,2025-11-21 07:32:00+00,CARRIER_EDI,f93dca5c-bd70-43a4-b82b-50dfb4e2465e,2026-09-10 09:23:18.966662+00
1945,389,RECEIVED_FC,2025-11-25 07:16:00+00,WMS,74702fae-fc0a-4987-88d6-f0464faa540b,2026-09-10 09:23:18.966662+00
1946,390,BOOKED,2025-09-26 07:57:00+00,CARRIER_EDI,b91f9ed3-816e-4e35-8939-31fbc14843d5,2026-09-10 09:23:18.966662+00
1947,390,DEPARTED_ORIGIN,2025-09-29 07:07:00+00,CARRIER_EDI,e0c374fa-85b1-46d9-8b57-7d475bce53a9,2026-09-10 09:23:18.966662+00
1948,390,ARRIVED_DEST_PORT,2025-10-18 17:59:00+00,CARRIER_EDI,e61a4aae-be67-4a30-9cf2-6e75e4a58ae3,2026-09-10 09:23:18.966662+00
1949,390,CUSTOMS_CLEARED,2025-10-19 11:02:00+00,CARRIER_EDI,ba868cea-bd77-46ab-99b0-17442d35964f,2026-09-10 09:23:18.966662+00
1950,390,RECEIVED_FC,2025-10-23 08:48:00+00,WMS,118be693-07f0-4e72-9282-509770347a6e,2026-09-10 09:23:18.966662+00
1951,391,BOOKED,2026-02-13 08:36:00+00,CARRIER_EDI,113f62ef-5e38-4af0-be3a-33438464ba70,2026-09-10 09:23:18.966662+00
1952,391,DEPARTED_ORIGIN,2026-02-20 16:12:00+00,CARRIER_EDI,a7f6dd58-a071-4dc8-b6ee-bc5a98671e2d,2026-09-10 09:23:18.966662+00
1953,391,ARRIVED_DEST_PORT,2026-03-18 15:18:00+00,CARRIER_EDI,b6e5e545-9422-4687-9bb1-ebacc8242e15,2026-09-10 09:23:18.966662+00
1954,391,CUSTOMS_CLEARED,2026-03-19 09:59:00+00,CARRIER_EDI,498f6d62-d3cd-4c1c-9d8b-2ed1432c9e46,2026-09-10 09:23:18.966662+00
1955,391,RECEIVED_FC,2026-03-23 10:46:00+00,WMS,3bcaf8ba-c30b-4bd0-9935-9f9d350125e3,2026-09-10 09:23:18.966662+00
1956,392,BOOKED,2025-10-07 13:27:00+00,CARRIER_EDI,7cc1346b-9118-4151-afd4-b666e6318118,2026-09-10 09:23:18.966662+00
1957,392,DEPARTED_ORIGIN,2025-10-11 08:49:00+00,CARRIER_EDI,7bdcc599-e7c1-454d-b41a-31f699e47cfe,2026-09-10 09:23:18.966662+00
1958,392,ARRIVED_DEST_PORT,2025-10-26 12:15:00+00,CARRIER_EDI,42316819-9ba4-4c13-b44e-c29074527bd9,2026-09-10 09:23:18.966662+00
1959,392,CUSTOMS_CLEARED,2025-10-27 10:50:00+00,CARRIER_EDI,02cf3d80-65a5-46f3-85d8-b54a6efd4cfd,2026-09-10 09:23:18.966662+00
1960,392,RECEIVED_FC,2025-10-30 07:55:00+00,WMS,492f073d-750f-4845-9270-54e06f495611,2026-09-10 09:23:18.966662+00
1961,393,BOOKED,2026-07-30 06:40:00+00,CARRIER_EDI,60a5e401-110b-4894-ac2b-97aa2ac5bd04,2026-09-10 09:23:18.966662+00
1962,393,DEPARTED_ORIGIN,2026-08-05 08:59:00+00,CARRIER_EDI,b622d597-f3a3-43a1-a26b-57f85d61327f,2026-09-10 09:23:18.966662+00
1963,393,ARRIVED_DEST_PORT,2026-09-01 09:09:00+00,CARRIER_EDI,408afb46-74ba-4fdc-a34a-5f85bfb0e43e,2026-09-10 09:23:18.966662+00
1964,393,CUSTOMS_CLEARED,2026-09-03 17:49:00+00,CARRIER_EDI,a9c38d0b-e1f8-4357-85ae-0cb7ffa634c7,2026-09-10 09:23:18.966662+00
1965,393,RECEIVED_FC,2026-09-08 13:45:00+00,WMS,91e22066-9813-412f-bd8c-da02ff251d58,2026-09-10 09:23:18.966662+00
1966,394,BOOKED,2026-07-18 13:42:00+00,CARRIER_EDI,8c3f02c5-b85e-45b8-ae33-5353ef7b2e10,2026-09-10 09:23:18.966662+00
1967,394,DEPARTED_ORIGIN,2026-07-25 16:00:00+00,CARRIER_EDI,a0e84ecd-4de0-4df4-a492-c4a3fd261f43,2026-09-10 09:23:18.966662+00
1968,394,ARRIVED_DEST_PORT,2026-08-29 10:23:00+00,CARRIER_EDI,1c74edf3-86ff-4b5e-8740-57c2b4f8f2e4,2026-09-10 09:23:18.966662+00
1969,394,CUSTOMS_CLEARED,2026-08-31 17:56:00+00,CARRIER_EDI,5f32dc08-3c38-48d3-b733-204f67c55632,2026-09-10 09:23:18.966662+00
1970,394,RECEIVED_FC,2026-09-06 14:27:00+00,WMS,a84a9dfe-0c25-41ff-9234-f676ce92ae72,2026-09-10 09:23:18.966662+00
1971,395,BOOKED,2025-11-24 07:59:00+00,CARRIER_EDI,0d2f8246-6706-4c56-aaea-4d60154ae1ce,2026-09-10 09:23:18.966662+00
1972,395,DEPARTED_ORIGIN,2025-11-27 07:33:00+00,CARRIER_EDI,bf8d2938-86ff-4f1c-9332-22163979626d,2026-09-10 09:23:18.966662+00
1973,395,ARRIVED_DEST_PORT,2025-12-18 16:12:00+00,CARRIER_EDI,2e2a0e2d-42a1-4ad3-aa1d-b59508ed0515,2026-09-10 09:23:18.966662+00
1974,395,CUSTOMS_CLEARED,2025-12-19 14:00:00+00,CARRIER_EDI,f59577a7-95a3-406e-ab1e-5ed3f618ae17,2026-09-10 09:23:18.966662+00
1975,395,RECEIVED_FC,2025-12-24 08:43:00+00,WMS,22d5a150-d27e-418f-bd82-ee90154f86a0,2026-09-10 09:23:18.966662+00
1976,396,BOOKED,2026-05-16 09:52:00+00,CARRIER_EDI,175778f5-d9c7-41d7-8370-c8c5e15cfee1,2026-09-10 09:23:18.966662+00
1977,396,DEPARTED_ORIGIN,2026-05-20 15:19:00+00,CARRIER_EDI,1f682aee-ea9e-4888-96c4-fa59168fa823,2026-09-10 09:23:18.966662+00
1978,396,ARRIVED_DEST_PORT,2026-06-10 13:00:00+00,CARRIER_EDI,b28a9071-da47-46aa-8b14-783ba9fded40,2026-09-10 09:23:18.966662+00
1979,396,CUSTOMS_CLEARED,2026-06-13 07:15:00+00,CARRIER_EDI,a6818a8c-3ac2-41b5-9ecb-a8320315f715,2026-09-10 09:23:18.966662+00
1980,396,RECEIVED_FC,2026-06-15 10:23:00+00,WMS,c63619e5-7f19-4afd-ba0f-3ecdb107248a,2026-09-10 09:23:18.966662+00
1981,397,BOOKED,2025-12-28 06:14:00+00,CARRIER_EDI,9fffbc47-8612-4dfb-b860-d6d2af43e32a,2026-09-10 09:23:18.966662+00
1982,397,DEPARTED_ORIGIN,2026-01-03 17:42:00+00,CARRIER_EDI,493a9b35-6607-4159-920f-d27995eb0c39,2026-09-10 09:23:18.966662+00
1983,397,ARRIVED_DEST_PORT,2026-02-05 15:04:00+00,CARRIER_EDI,4013a190-8bb0-441b-8340-52b7413cd267,2026-09-10 09:23:18.966662+00
1984,397,CUSTOMS_CLEARED,2026-02-07 08:10:00+00,CARRIER_EDI,6413e70b-4f09-4856-ba6b-97a4a1182440,2026-09-10 09:23:18.966662+00
1985,397,RECEIVED_FC,2026-02-12 09:13:00+00,WMS,0da76a79-5880-4dad-b17b-03a2d6c46c48,2026-09-10 09:23:18.966662+00
1986,398,BOOKED,2026-06-03 10:48:00+00,CARRIER_EDI,9cad6086-6d3f-48ff-b291-876d3efaa549,2026-09-10 09:23:18.966662+00
1987,398,DEPARTED_ORIGIN,2026-06-10 09:14:00+00,CARRIER_EDI,7b549f86-6d92-4b30-a0bf-cb9d643e37b9,2026-09-10 09:23:18.966662+00
1988,398,ARRIVED_DEST_PORT,2026-06-26 07:04:00+00,CARRIER_EDI,5af1be14-dd3f-4562-a1ac-520f385ddfc8,2026-09-10 09:23:18.966662+00
1989,398,CUSTOMS_CLEARED,2026-06-27 15:47:00+00,CARRIER_EDI,62bdba0e-de29-42ee-8d84-682b483dd253,2026-09-10 09:23:18.966662+00
1990,398,RECEIVED_FC,2026-07-01 17:50:00+00,WMS,0be84d4d-c2f5-46fc-a224-1683b37fbf1a,2026-09-10 09:23:18.966662+00
1991,399,BOOKED,2026-01-22 09:14:00+00,CARRIER_EDI,67c2aec3-cef5-46f5-8573-790acefabf37,2026-09-10 09:23:18.966662+00
1992,399,DEPARTED_ORIGIN,2026-01-27 11:10:00+00,CARRIER_EDI,d26646f6-d143-474d-a52c-4adc98da0e81,2026-09-10 09:23:18.966662+00
1993,399,ARRIVED_DEST_PORT,2026-02-23 15:06:00+00,CARRIER_EDI,ef23ca7c-b9de-48c0-9279-83f186137344,2026-09-10 09:23:18.966662+00
1994,399,CUSTOMS_CLEARED,2026-02-24 12:19:00+00,CARRIER_EDI,a9957c17-b405-4e38-8d8e-307292efc050,2026-09-10 09:23:18.966662+00
1995,399,RECEIVED_FC,2026-03-02 14:53:00+00,WMS,3e869b88-1410-41d8-92f8-fcec82c0d3d8,2026-09-10 09:23:18.966662+00
1996,400,BOOKED,2026-07-07 16:58:00+00,CARRIER_EDI,96dfd4ce-08e9-4b37-80f2-b25a6a9e584b,2026-09-10 09:23:18.966662+00
1997,400,DEPARTED_ORIGIN,2026-07-10 07:09:00+00,CARRIER_EDI,489fb5ef-22f9-4dc5-8d1a-119a97cbe984,2026-09-10 09:23:18.966662+00
1998,400,ARRIVED_DEST_PORT,2026-07-27 15:20:00+00,CARRIER_EDI,34b69239-cd61-4d24-a8c4-15f2b9bbca31,2026-09-10 09:23:18.966662+00
1999,400,CUSTOMS_CLEARED,2026-07-29 06:38:00+00,CARRIER_EDI,9e17338b-3123-458d-802d-2603b35918c0,2026-09-10 09:23:18.966662+00
2000,400,RECEIVED_FC,2026-08-02 11:22:00+00,WMS,9718acfc-6bd8-44b9-bf9e-9fef17d561ba,2026-09-10 09:23:18.966662+00
2001,401,BOOKED,2026-07-17 17:28:00+00,CARRIER_EDI,8bf6b8bd-0d89-4074-b8d7-6d82b145ff6b,2026-09-10 09:23:18.966662+00
2002,401,DEPARTED_ORIGIN,2026-07-23 13:25:00+00,CARRIER_EDI,e65a63db-3f93-42a5-980a-c9a1bccc28ce,2026-09-10 09:23:18.966662+00
2003,401,ARRIVED_DEST_PORT,2026-08-09 10:15:00+00,CARRIER_EDI,4d29a8ef-1822-4c5d-b420-23da4b760131,2026-09-10 09:23:18.966662+00
2004,401,CUSTOMS_CLEARED,2026-08-13 14:16:00+00,CARRIER_EDI,ec4e7eaa-d78e-44b3-927a-609e092b0315,2026-09-10 09:23:18.966662+00
2005,401,RECEIVED_FC,2026-08-17 13:13:00+00,WMS,d9d0d7dd-19ad-4afb-ae1d-f7b22ee29fee,2026-09-10 09:23:18.966662+00
2006,402,BOOKED,2026-08-12 07:20:00+00,CARRIER_EDI,c5c9e023-3946-4770-8f19-909c2d6458f0,2026-09-10 09:23:18.966662+00
2007,402,DEPARTED_ORIGIN,2026-08-15 13:44:00+00,CARRIER_EDI,fa114599-6cf4-4555-9d69-34630fefa9ee,2026-09-10 09:23:18.966662+00
2008,402,ARRIVED_DEST_PORT,2026-08-29 09:23:00+00,CARRIER_EDI,05e9c59d-00b5-4637-972d-cc376cc92578,2026-09-10 09:23:18.966662+00
2009,402,CUSTOMS_CLEARED,2026-08-31 14:29:00+00,CARRIER_EDI,54858c9e-c37f-4477-88de-ebf80b89ee0c,2026-09-10 09:23:18.966662+00
2010,402,RECEIVED_FC,2026-09-05 11:36:00+00,WMS,8c769639-0d13-45d1-bb54-3ef80a3d63ec,2026-09-10 09:23:18.966662+00
2011,403,BOOKED,2026-03-03 08:08:00+00,CARRIER_EDI,4f700c64-df08-402f-a004-637027367f35,2026-09-10 09:23:18.966662+00
2012,403,DEPARTED_ORIGIN,2026-03-10 13:45:00+00,CARRIER_EDI,72283eef-42c8-477d-a622-49f071d9293c,2026-09-10 09:23:18.966662+00
2013,403,ARRIVED_DEST_PORT,2026-03-31 15:21:00+00,CARRIER_EDI,50bd66ea-1512-4c60-8d44-33a7b51fe67f,2026-09-10 09:23:18.966662+00
2014,403,CUSTOMS_CLEARED,2026-04-02 17:17:00+00,CARRIER_EDI,073ec05b-3ab4-4634-aaf7-f2cba4679fc6,2026-09-10 09:23:18.966662+00
2015,403,RECEIVED_FC,2026-04-07 16:06:00+00,WMS,04a83209-cef8-4445-86ce-ed25db5fd5ee,2026-09-10 09:23:18.966662+00
2016,404,BOOKED,2026-02-14 15:03:00+00,CARRIER_EDI,c6c7ff6e-6f89-4451-ab63-5050b29e7661,2026-09-10 09:23:18.966662+00
2017,404,DEPARTED_ORIGIN,2026-02-19 13:06:00+00,CARRIER_EDI,88bf5bd9-d07b-462c-acdc-b65c96c028a9,2026-09-10 09:23:18.966662+00
2018,404,ARRIVED_DEST_PORT,2026-03-22 08:08:00+00,CARRIER_EDI,f949c241-a11e-45a1-99e8-8fc44b79a337,2026-09-10 09:23:18.966662+00
2019,404,CUSTOMS_CLEARED,2026-03-24 15:44:00+00,CARRIER_EDI,6418917c-7a21-4aa6-813e-d2d0a6fb1881,2026-09-10 09:23:18.966662+00
2020,404,RECEIVED_FC,2026-03-29 08:16:00+00,WMS,e8b0e7b9-8e38-4221-b6b4-d9af8ec453f8,2026-09-10 09:23:18.966662+00
2021,405,BOOKED,2026-04-06 08:33:00+00,CARRIER_EDI,fd21b4df-572b-4eba-afdb-fad261584568,2026-09-10 09:23:18.966662+00
2022,405,DEPARTED_ORIGIN,2026-04-11 11:00:00+00,CARRIER_EDI,c2ea1be2-d07a-44bf-9e13-32ee6b27b16e,2026-09-10 09:23:18.966662+00
2023,405,ARRIVED_DEST_PORT,2026-05-03 14:59:00+00,CARRIER_EDI,df12f631-873d-4197-87e9-31f22f10e25e,2026-09-10 09:23:18.966662+00
2024,405,CUSTOMS_CLEARED,2026-05-05 11:23:00+00,CARRIER_EDI,294f27f8-a019-43cf-b7b8-efbf2ef7fec0,2026-09-10 09:23:18.966662+00
2025,405,RECEIVED_FC,2026-05-10 17:45:00+00,WMS,ad9c1c70-41b4-4e1f-bc1f-b35e4c1a5f5e,2026-09-10 09:23:18.966662+00
2026,406,BOOKED,2025-11-02 11:39:00+00,CARRIER_EDI,ddc6445b-5fd6-4432-acba-3d7104b47b7a,2026-09-10 09:23:18.966662+00
2027,406,DEPARTED_ORIGIN,2025-11-08 08:21:00+00,CARRIER_EDI,3fbeab0b-b954-4a9e-bc8d-a63ae07c7d31,2026-09-10 09:23:18.966662+00
2028,406,ARRIVED_DEST_PORT,2025-12-06 16:45:00+00,CARRIER_EDI,27bb7ffb-17b2-4d85-b124-b51b90199541,2026-09-10 09:23:18.966662+00
2029,406,CUSTOMS_CLEARED,2025-12-07 08:36:00+00,CARRIER_EDI,e1fa1f5a-5e5f-457b-bf55-bdbd137611a3,2026-09-10 09:23:18.966662+00
2030,406,RECEIVED_FC,2025-12-11 10:56:00+00,WMS,75411ec2-afad-4708-8b8e-79e88a8f70eb,2026-09-10 09:23:18.966662+00
2031,407,BOOKED,2025-11-26 15:10:00+00,CARRIER_EDI,a96add68-b9cb-4bb9-a9e2-a2b3690da0d3,2026-09-10 09:23:18.966662+00
2032,407,DEPARTED_ORIGIN,2025-11-30 12:59:00+00,CARRIER_EDI,d11464b2-affe-4efb-b56b-c2598f044b38,2026-09-10 09:23:18.966662+00
2033,407,ARRIVED_DEST_PORT,2025-12-20 12:31:00+00,CARRIER_EDI,12873f25-fa70-4561-97da-3927b990da82,2026-09-10 09:23:18.966662+00
2034,407,CUSTOMS_CLEARED,2025-12-21 10:31:00+00,CARRIER_EDI,65ea826d-e5db-452d-a1c7-e7dc109804c3,2026-09-10 09:23:18.966662+00
2035,407,RECEIVED_FC,2025-12-27 06:09:00+00,WMS,972f2a5e-9063-4875-8936-9c485b87ad16,2026-09-10 09:23:18.966662+00
2036,408,BOOKED,2026-02-14 15:20:00+00,CARRIER_EDI,47a95b6b-6215-4f3b-8c63-a68508ffdd83,2026-09-10 09:23:18.966662+00
2037,408,DEPARTED_ORIGIN,2026-02-17 13:42:00+00,CARRIER_EDI,292f2c30-2fa4-41c3-8580-d2e364481c1a,2026-09-10 09:23:18.966662+00
2038,408,ARRIVED_DEST_PORT,2026-03-13 15:53:00+00,CARRIER_EDI,5e35f8d9-a7ba-4f78-afd0-ece360ece2cd,2026-09-10 09:23:18.966662+00
2039,408,CUSTOMS_CLEARED,2026-03-15 16:44:00+00,CARRIER_EDI,9a5623e3-bdfc-4b0f-a60f-d7fefd7cf791,2026-09-10 09:23:18.966662+00
2040,408,RECEIVED_FC,2026-03-20 17:36:00+00,WMS,b8c7460e-ac5a-4b43-bc15-ea863eb8070f,2026-09-10 09:23:18.966662+00
2041,409,BOOKED,2025-12-25 08:51:00+00,CARRIER_EDI,0d00deeb-6506-4c88-b67f-2d2ac73da0cc,2026-09-10 09:23:18.966662+00
2042,409,DEPARTED_ORIGIN,2025-12-30 12:47:00+00,CARRIER_EDI,003edbcb-d9bb-46f3-84cb-6465a0c5ed00,2026-09-10 09:23:18.966662+00
2043,409,ARRIVED_DEST_PORT,2026-02-02 14:30:00+00,CARRIER_EDI,fd614533-0c8d-4e03-aa03-ff91056a7732,2026-09-10 09:23:18.966662+00
2044,409,CUSTOMS_CLEARED,2026-02-04 07:03:00+00,CARRIER_EDI,c2a72cc0-d572-4499-806d-cd4d0bf31fac,2026-09-10 09:23:18.966662+00
2045,409,RECEIVED_FC,2026-02-09 06:17:00+00,WMS,853d58c5-24c5-4ecb-972a-a7a54866d726,2026-09-10 09:23:18.966662+00
2046,410,BOOKED,2026-01-07 11:02:00+00,CARRIER_EDI,61a78a0f-38df-4c4a-b907-560e63424cce,2026-09-10 09:23:18.966662+00
2047,410,DEPARTED_ORIGIN,2026-01-13 09:49:00+00,CARRIER_EDI,c985a1fc-a5a3-4b2a-b6a3-a07d36caa0af,2026-09-10 09:23:18.966662+00
2048,410,ARRIVED_DEST_PORT,2026-02-06 11:25:00+00,CARRIER_EDI,0ca6d67d-ee56-4f56-b721-8fb29881d32e,2026-09-10 09:23:18.966662+00
2049,410,CUSTOMS_CLEARED,2026-02-10 06:51:00+00,CARRIER_EDI,cfbd75a1-4163-4ba2-8978-e58a91d30a5d,2026-09-10 09:23:18.966662+00
2050,410,RECEIVED_FC,2026-02-15 17:04:00+00,WMS,697c7664-311c-49a8-bf2e-40ba8450ff67,2026-09-10 09:23:18.966662+00
2051,411,BOOKED,2026-01-07 12:20:00+00,CARRIER_EDI,d6f8eef7-7013-4330-a0d3-b2de0de5915b,2026-09-10 09:23:18.966662+00
2052,411,DEPARTED_ORIGIN,2026-01-13 13:50:00+00,CARRIER_EDI,f2ae4f5e-ae8d-42cf-86f5-5023dedf73a5,2026-09-10 09:23:18.966662+00
2053,411,ARRIVED_DEST_PORT,2026-02-06 09:37:00+00,CARRIER_EDI,21f1e93b-98c7-426b-be44-1e1c29c59ff6,2026-09-10 09:23:18.966662+00
2054,411,CUSTOMS_CLEARED,2026-02-07 06:34:00+00,CARRIER_EDI,0884f134-f985-4078-a4dd-fbecc38c1d63,2026-09-10 09:23:18.966662+00
2055,411,RECEIVED_FC,2026-02-10 08:47:00+00,WMS,c185123f-c582-4a7f-b0db-860420717ef7,2026-09-10 09:23:18.966662+00
2056,412,BOOKED,2025-10-05 12:21:00+00,CARRIER_EDI,cddaad3c-f281-4dac-97a6-bc67f8e17bff,2026-09-10 09:23:18.966662+00
2057,412,DEPARTED_ORIGIN,2025-10-12 13:15:00+00,CARRIER_EDI,fc02bd43-d6cf-4da2-a25e-ccc5c7011e7a,2026-09-10 09:23:18.966662+00
2058,412,ARRIVED_DEST_PORT,2025-11-11 16:46:00+00,CARRIER_EDI,a13a4a85-7329-4406-a7d3-b17399363b7d,2026-09-10 09:23:18.966662+00
2059,412,CUSTOMS_CLEARED,2025-11-12 09:30:00+00,CARRIER_EDI,909c5e70-077f-4971-9af8-fa08cd547db1,2026-09-10 09:23:18.966662+00
2060,412,RECEIVED_FC,2025-11-17 09:23:00+00,WMS,92fc29db-0b87-4916-a528-f060837324e7,2026-09-10 09:23:18.966662+00
2061,413,BOOKED,2026-02-08 14:24:00+00,CARRIER_EDI,1716f128-42f5-478c-992f-cd52e6872d92,2026-09-10 09:23:18.966662+00
2062,413,DEPARTED_ORIGIN,2026-02-15 06:18:00+00,CARRIER_EDI,99a899ce-cb87-4519-9927-ed7ee82620b3,2026-09-10 09:23:18.966662+00
2063,413,ARRIVED_DEST_PORT,2026-03-17 16:46:00+00,CARRIER_EDI,98ed8ec1-4cff-489d-a047-450cba372943,2026-09-10 09:23:18.966662+00
2064,413,CUSTOMS_CLEARED,2026-03-20 10:31:00+00,CARRIER_EDI,61a372f9-8da1-48b1-9220-b2e4bfc3d45a,2026-09-10 09:23:18.966662+00
2065,413,RECEIVED_FC,2026-03-23 15:59:00+00,WMS,b7fa1a41-8453-424b-a423-40995d826d98,2026-09-10 09:23:18.966662+00
2066,414,BOOKED,2025-09-22 14:33:00+00,CARRIER_EDI,709813a1-e87b-45f7-90dd-a80b984514f0,2026-09-10 09:23:18.966662+00
2067,414,DEPARTED_ORIGIN,2025-09-25 15:39:00+00,CARRIER_EDI,0cc05957-f0f6-4541-a53b-37dd566cf435,2026-09-10 09:23:18.966662+00
2068,414,ARRIVED_DEST_PORT,2025-10-08 07:31:00+00,CARRIER_EDI,1f537c41-f55e-4882-8a10-934e8288d178,2026-09-10 09:23:18.966662+00
2069,414,CUSTOMS_CLEARED,2025-10-09 09:10:00+00,CARRIER_EDI,2d3c29c5-354f-4442-8f23-4e76dc391371,2026-09-10 09:23:18.966662+00
2070,414,RECEIVED_FC,2025-10-13 17:22:00+00,WMS,789b7cc3-31b1-411e-bc02-4900a42e7ae8,2026-09-10 09:23:18.966662+00
2071,415,BOOKED,2026-05-09 09:47:00+00,CARRIER_EDI,173be996-74c8-410e-9dbe-5704e093ad43,2026-09-10 09:23:18.966662+00
2072,415,DEPARTED_ORIGIN,2026-05-12 16:37:00+00,CARRIER_EDI,0f525da4-baf7-4823-a9ba-132b165c504b,2026-09-10 09:23:18.966662+00
2073,415,ARRIVED_DEST_PORT,2026-05-28 11:42:00+00,CARRIER_EDI,572df9c7-0a31-4d3b-beb4-bbd7d6674d61,2026-09-10 09:23:18.966662+00
2074,415,CUSTOMS_CLEARED,2026-05-29 16:08:00+00,CARRIER_EDI,e705c308-9595-4891-ada8-188239db64c7,2026-09-10 09:23:18.966662+00
2075,415,RECEIVED_FC,2026-06-01 11:51:00+00,WMS,0b76f15f-0b1c-43ea-80a3-6bd3ff06c807,2026-09-10 09:23:18.966662+00
2076,416,BOOKED,2025-11-09 14:17:00+00,CARRIER_EDI,b49b18a1-73c9-46f6-b38c-165e8cbbea6f,2026-09-10 09:23:18.966662+00
2077,416,DEPARTED_ORIGIN,2025-11-12 10:41:00+00,CARRIER_EDI,9bc83dbd-ad18-4b9d-b1bf-51cf0475e916,2026-09-10 09:23:18.966662+00
2078,416,ARRIVED_DEST_PORT,2025-12-05 14:29:00+00,CARRIER_EDI,8fd2a2a9-17ad-453c-a18b-ab529418631a,2026-09-10 09:23:18.966662+00
2079,416,CUSTOMS_CLEARED,2025-12-09 08:31:00+00,CARRIER_EDI,42973733-782a-4c91-8f80-b390deb3d0d2,2026-09-10 09:23:18.966662+00
2080,416,RECEIVED_FC,2025-12-12 17:19:00+00,WMS,128a93da-6ed9-4deb-8032-cc39468e52f0,2026-09-10 09:23:18.966662+00
2081,417,BOOKED,2026-05-05 09:51:00+00,CARRIER_EDI,a739ee61-b162-4b05-9d1a-980f046ee4a4,2026-09-10 09:23:18.966662+00
2082,417,DEPARTED_ORIGIN,2026-05-09 08:18:00+00,CARRIER_EDI,45e99beb-5201-4abf-9e12-b9ed9fef5688,2026-09-10 09:23:18.966662+00
2083,417,ARRIVED_DEST_PORT,2026-06-02 15:24:00+00,CARRIER_EDI,69f786a9-04c8-41af-bb18-f7c62ecc55a5,2026-09-10 09:23:18.966662+00
2084,417,CUSTOMS_CLEARED,2026-06-05 15:28:00+00,CARRIER_EDI,c5eeb73a-08bd-4124-91b8-a530dd119840,2026-09-10 09:23:18.966662+00
2085,417,RECEIVED_FC,2026-06-07 10:57:00+00,WMS,276569ff-cd15-4c22-ba60-d42bcd31f5a1,2026-09-10 09:23:18.966662+00
2086,418,BOOKED,2026-03-24 10:50:00+00,CARRIER_EDI,c173ccdb-b8c6-42dc-acfd-58748d776940,2026-09-10 09:23:18.966662+00
2087,418,DEPARTED_ORIGIN,2026-03-29 15:26:00+00,CARRIER_EDI,c9beb5a2-53e0-407f-8b91-f2b41ebe1ae3,2026-09-10 09:23:18.966662+00
2088,418,ARRIVED_DEST_PORT,2026-04-19 06:43:00+00,CARRIER_EDI,89288113-48a9-411d-9c72-fed2222481c6,2026-09-10 09:23:18.966662+00
2089,418,CUSTOMS_CLEARED,2026-04-23 14:59:00+00,CARRIER_EDI,45720026-b285-4d3d-9577-7babe7a4efd3,2026-09-10 09:23:18.966662+00
2090,418,RECEIVED_FC,2026-04-28 07:35:00+00,WMS,6a28f3f2-5c6b-4686-aa72-b9ea24c55bee,2026-09-10 09:23:18.966662+00
2091,419,BOOKED,2025-10-28 08:06:00+00,CARRIER_EDI,91101c55-8d7b-4a59-9002-9b2a9af702a6,2026-09-10 09:23:18.966662+00
2092,419,DEPARTED_ORIGIN,2025-11-01 08:16:00+00,CARRIER_EDI,3e465951-f3d1-43ff-aa6a-4b1c257d3a96,2026-09-10 09:23:18.966662+00
2093,419,ARRIVED_DEST_PORT,2025-11-20 06:21:00+00,CARRIER_EDI,a896e9b4-56c1-4e5f-96e3-8bae2deedb2a,2026-09-10 09:23:18.966662+00
2094,419,CUSTOMS_CLEARED,2025-11-24 13:02:00+00,CARRIER_EDI,65ac9f87-8fad-428c-a252-5f9060dde8b6,2026-09-10 09:23:18.966662+00
2095,419,RECEIVED_FC,2025-11-27 16:03:00+00,WMS,eea35324-1d4c-454a-b98a-715ddfe9a305,2026-09-10 09:23:18.966662+00
2096,420,BOOKED,2026-02-12 07:01:00+00,CARRIER_EDI,d85c9893-5532-460d-91e1-e75554c24c1a,2026-09-10 09:23:18.966662+00
2097,420,DEPARTED_ORIGIN,2026-02-15 06:36:00+00,CARRIER_EDI,4e16063a-9738-4aba-8d35-99c39bb004e5,2026-09-10 09:23:18.966662+00
2098,420,ARRIVED_DEST_PORT,2026-03-03 13:33:00+00,CARRIER_EDI,f4b4afef-293f-4bd7-9d79-6bff987ad2ee,2026-09-10 09:23:18.966662+00
2099,420,CUSTOMS_CLEARED,2026-03-07 16:16:00+00,CARRIER_EDI,b954639f-4a38-48f5-8c6a-458310eca03d,2026-09-10 09:23:18.966662+00
2100,420,RECEIVED_FC,2026-03-13 06:53:00+00,WMS,9e0a3d2d-092c-455d-b77c-476c8b30ce80,2026-09-10 09:23:18.966662+00
2101,421,BOOKED,2026-01-01 07:05:00+00,CARRIER_EDI,4a3f9483-7077-4e97-a6b7-dae9f3877efb,2026-09-10 09:23:18.966662+00
2102,421,DEPARTED_ORIGIN,2026-01-04 09:26:00+00,CARRIER_EDI,c4f0e2e5-bed2-4827-adca-d9b19d9e63fd,2026-09-10 09:23:18.966662+00
2103,421,ARRIVED_DEST_PORT,2026-01-20 17:53:00+00,CARRIER_EDI,5fb29786-6f80-4c69-a53b-9206ca6c0b8e,2026-09-10 09:23:18.966662+00
2104,421,CUSTOMS_CLEARED,2026-01-21 09:21:00+00,CARRIER_EDI,c4952cdd-89d8-4629-8664-32371675728f,2026-09-10 09:23:18.966662+00
2105,421,RECEIVED_FC,2026-01-25 13:38:00+00,WMS,8ba593f0-31c5-453f-917a-193ac0d0cc8c,2026-09-10 09:23:18.966662+00
2106,422,BOOKED,2025-11-13 16:07:00+00,CARRIER_EDI,745b5ba0-c8eb-4cbe-9cd8-f49daa071b1c,2026-09-10 09:23:18.966662+00
2107,422,DEPARTED_ORIGIN,2025-11-16 15:44:00+00,CARRIER_EDI,f05c7a19-e62f-4d24-b822-ca3aa7ef4c83,2026-09-10 09:23:18.966662+00
2108,422,ARRIVED_DEST_PORT,2025-12-01 17:28:00+00,CARRIER_EDI,6dfc06fd-8a4a-48cc-aab5-6b8a8be989cf,2026-09-10 09:23:18.966662+00
2109,422,CUSTOMS_CLEARED,2025-12-03 15:43:00+00,CARRIER_EDI,3f07b7ac-cc7c-422f-b2e0-abba73b071b9,2026-09-10 09:23:18.966662+00
2110,422,RECEIVED_FC,2025-12-05 09:05:00+00,WMS,a0dfcb3d-e0df-4449-82a3-0d7e29bd388a,2026-09-10 09:23:18.966662+00
2111,423,BOOKED,2026-03-10 07:04:00+00,CARRIER_EDI,c90236c7-297c-42b1-a525-b326b8dfcf5b,2026-09-10 09:23:18.966662+00
2112,423,DEPARTED_ORIGIN,2026-03-13 06:40:00+00,CARRIER_EDI,fe05e2de-d4a7-47d6-9442-9eb64d0f66f6,2026-09-10 09:23:18.966662+00
2113,423,ARRIVED_DEST_PORT,2026-03-29 15:45:00+00,CARRIER_EDI,3c36f4f2-b2fd-43f8-91d5-7fde448a6acd,2026-09-10 09:23:18.966662+00
2114,423,CUSTOMS_CLEARED,2026-04-01 12:50:00+00,CARRIER_EDI,ba4361eb-2d7e-4e2c-919f-93e88782705a,2026-09-10 09:23:18.966662+00
2115,423,RECEIVED_FC,2026-04-05 09:59:00+00,WMS,a710eb79-af98-4aae-88c4-643aeffae4e9,2026-09-10 09:23:18.966662+00
2116,424,BOOKED,2026-05-27 10:37:00+00,CARRIER_EDI,e9affcc4-6e5f-46e5-bd07-4a659f96fbfd,2026-09-10 09:23:18.966662+00
2117,424,DEPARTED_ORIGIN,2026-06-01 11:16:00+00,CARRIER_EDI,76217623-22b6-49d6-841b-1ed39756df53,2026-09-10 09:23:18.966662+00
2118,424,ARRIVED_DEST_PORT,2026-07-06 13:00:00+00,CARRIER_EDI,ecfcffd3-c706-4ca0-aac9-3f3660011f8c,2026-09-10 09:23:18.966662+00
2119,424,CUSTOMS_CLEARED,2026-07-08 13:57:00+00,CARRIER_EDI,7a2ec6ca-b77f-4c70-8345-07e73283b1f8,2026-09-10 09:23:18.966662+00
2120,424,RECEIVED_FC,2026-07-12 13:46:00+00,WMS,74b52ebf-63a8-4961-b722-6d52bfdcefa7,2026-09-10 09:23:18.966662+00
2121,425,BOOKED,2026-05-05 07:37:00+00,CARRIER_EDI,797e2f27-491b-49c3-be77-77874b8f27c7,2026-09-10 09:23:18.966662+00
2122,425,DEPARTED_ORIGIN,2026-05-08 16:37:00+00,CARRIER_EDI,e18505e3-edaa-4da6-975a-d7ae61007f19,2026-09-10 09:23:18.966662+00
2123,425,ARRIVED_DEST_PORT,2026-06-04 07:01:00+00,CARRIER_EDI,d9c4da43-f220-4775-9984-b727f93b583a,2026-09-10 09:23:18.966662+00
2124,425,CUSTOMS_CLEARED,2026-06-08 16:30:00+00,CARRIER_EDI,3ff9eeb3-9608-4236-86ef-77b33115811d,2026-09-10 09:23:18.966662+00
2125,425,RECEIVED_FC,2026-06-10 16:47:00+00,WMS,a94288ab-f038-4615-bb73-2b4a6a5a0550,2026-09-10 09:23:18.966662+00
2126,426,BOOKED,2026-04-26 10:01:00+00,CARRIER_EDI,e6b387c0-8ceb-4d5c-a68e-df7334bd3ac1,2026-09-10 09:23:18.966662+00
2127,426,DEPARTED_ORIGIN,2026-04-30 13:42:00+00,CARRIER_EDI,67063bfb-a7cc-4bb0-b585-e83f6bd373e1,2026-09-10 09:23:18.966662+00
2128,426,ARRIVED_DEST_PORT,2026-05-12 10:11:00+00,CARRIER_EDI,9a85aebd-a200-4c14-bd87-60da1f780c1b,2026-09-10 09:23:18.966662+00
2129,426,CUSTOMS_CLEARED,2026-05-14 11:20:00+00,CARRIER_EDI,9bb77893-ebce-4b74-ab1a-fb7065d5aada,2026-09-10 09:23:18.966662+00
2130,426,RECEIVED_FC,2026-05-18 09:43:00+00,WMS,b4f204d9-f241-4ace-becc-6ccf57afeb95,2026-09-10 09:23:18.966662+00
2131,427,BOOKED,2025-12-03 07:48:00+00,CARRIER_EDI,661249c8-2c59-4d22-ba79-cbd56c7c871f,2026-09-10 09:23:18.966662+00
2132,427,DEPARTED_ORIGIN,2025-12-10 10:18:00+00,CARRIER_EDI,343f0710-60b3-40f0-8d7f-dce0f4adb48d,2026-09-10 09:23:18.966662+00
2133,427,ARRIVED_DEST_PORT,2025-12-26 06:52:00+00,CARRIER_EDI,709c3c7f-3b53-4bcd-9b8a-d1a1848cbcf0,2026-09-10 09:23:18.966662+00
2134,427,CUSTOMS_CLEARED,2025-12-27 10:30:00+00,CARRIER_EDI,2267c361-c7b3-4d3b-afe7-5f99c701d95b,2026-09-10 09:23:18.966662+00
2135,427,RECEIVED_FC,2026-01-02 06:53:00+00,WMS,87dbcdc8-10b8-455c-8c3e-0ffadb9442f1,2026-09-10 09:23:18.966662+00
2136,428,BOOKED,2026-06-19 08:08:00+00,CARRIER_EDI,df674295-4e29-4ef7-81c6-89d3e48788f1,2026-09-10 09:23:18.966662+00
2137,428,DEPARTED_ORIGIN,2026-06-23 09:51:00+00,CARRIER_EDI,f7abd6eb-86af-4d66-858c-ccd8a1780142,2026-09-10 09:23:18.966662+00
2138,428,ARRIVED_DEST_PORT,2026-07-10 17:34:00+00,CARRIER_EDI,731cdd9a-bae3-4806-9261-1ced263e90c8,2026-09-10 09:23:18.966662+00
2139,428,CUSTOMS_CLEARED,2026-07-11 16:58:00+00,CARRIER_EDI,4338a7f3-208f-41f5-8c02-29663e6b172e,2026-09-10 09:23:18.966662+00
2140,428,RECEIVED_FC,2026-07-13 14:47:00+00,WMS,cd283577-34ec-48fc-b8a3-7564e3226ba8,2026-09-10 09:23:18.966662+00
2141,429,BOOKED,2026-03-03 16:40:00+00,CARRIER_EDI,531fd197-8196-4b77-afa0-371a64d6eba3,2026-09-10 09:23:18.966662+00
2142,429,DEPARTED_ORIGIN,2026-03-10 12:08:00+00,CARRIER_EDI,1febfbbd-8d3a-4a6f-ba9d-f850c7221dfe,2026-09-10 09:23:18.966662+00
2143,429,ARRIVED_DEST_PORT,2026-04-04 09:50:00+00,CARRIER_EDI,bc3493de-5037-407b-95b7-ab97a45197b3,2026-09-10 09:23:18.966662+00
2144,429,CUSTOMS_CLEARED,2026-04-05 07:21:00+00,CARRIER_EDI,cfe90ae3-44ec-44fd-b796-a43ac3aed213,2026-09-10 09:23:18.966662+00
2145,429,RECEIVED_FC,2026-04-07 10:59:00+00,WMS,11c6083e-c68c-4b2a-bfe8-7a241ebfdd25,2026-09-10 09:23:18.966662+00
2146,430,BOOKED,2026-07-07 08:38:00+00,CARRIER_EDI,9eb27ddd-484f-4e8e-b8f9-adbf5a376941,2026-09-10 09:23:18.966662+00
2147,430,DEPARTED_ORIGIN,2026-07-14 12:11:00+00,CARRIER_EDI,01ffc1b1-eda1-48a7-88c1-f844f0732510,2026-09-10 09:23:18.966662+00
2148,430,ARRIVED_DEST_PORT,2026-08-06 10:12:00+00,CARRIER_EDI,a17cd750-02c6-4401-b619-8551e759c668,2026-09-10 09:23:18.966662+00
2149,430,CUSTOMS_CLEARED,2026-08-10 06:00:00+00,CARRIER_EDI,1d0cf370-3eb2-44ad-9186-364e3103d590,2026-09-10 09:23:18.966662+00
2150,430,RECEIVED_FC,2026-08-12 09:40:00+00,WMS,3b70c8ff-4f83-425b-a8b6-6ed3252477fb,2026-09-10 09:23:18.966662+00
2151,431,BOOKED,2026-04-24 10:39:00+00,CARRIER_EDI,db47972e-aa50-46c9-bfaa-24bea292cc9e,2026-09-10 09:23:18.966662+00
2152,431,DEPARTED_ORIGIN,2026-04-29 09:12:00+00,CARRIER_EDI,efd61b7c-ed77-40a8-a2bf-75d467d9820b,2026-09-10 09:23:18.966662+00
2153,431,ARRIVED_DEST_PORT,2026-05-29 12:01:00+00,CARRIER_EDI,a8de7420-6bc7-492a-9381-077e5d3a5b62,2026-09-10 09:23:18.966662+00
2154,431,CUSTOMS_CLEARED,2026-05-31 09:46:00+00,CARRIER_EDI,1cec413b-a5e8-4e12-9ff4-62aed13668c4,2026-09-10 09:23:18.966662+00
2155,431,RECEIVED_FC,2026-06-03 12:39:00+00,WMS,c0c2f4e5-ab3f-4062-8c2b-0ed684a52440,2026-09-10 09:23:18.966662+00
2156,432,BOOKED,2025-12-08 09:55:00+00,CARRIER_EDI,af646638-f4f6-413e-9a06-15f52cffb440,2026-09-10 09:23:18.966662+00
2157,432,DEPARTED_ORIGIN,2025-12-15 13:50:00+00,CARRIER_EDI,9134c589-6a75-4c6a-8eb1-1ddb7ce4a696,2026-09-10 09:23:18.966662+00
2158,432,ARRIVED_DEST_PORT,2026-01-07 16:15:00+00,CARRIER_EDI,6649dbeb-5c88-4595-9352-616ed4e04f87,2026-09-10 09:23:18.966662+00
2159,432,CUSTOMS_CLEARED,2026-01-08 07:02:00+00,CARRIER_EDI,d0c35ffe-85ac-4d67-b9b1-ccda8e75736b,2026-09-10 09:23:18.966662+00
2160,432,RECEIVED_FC,2026-01-10 17:08:00+00,WMS,0a4cad81-e848-48db-823c-f3becfd45aa1,2026-09-10 09:23:18.966662+00
2161,433,BOOKED,2026-02-27 15:17:00+00,CARRIER_EDI,83521270-a2f4-46ae-874f-bcc0fe474b4b,2026-09-10 09:23:18.966662+00
2162,433,DEPARTED_ORIGIN,2026-03-06 17:00:00+00,CARRIER_EDI,f36e4f4a-de92-403b-9e08-35a116c65d58,2026-09-10 09:23:18.966662+00
2163,433,ARRIVED_DEST_PORT,2026-04-09 17:55:00+00,CARRIER_EDI,4dd994da-5da3-4229-a6af-0ad45be87eb0,2026-09-10 09:23:18.966662+00
2164,433,CUSTOMS_CLEARED,2026-04-10 11:26:00+00,CARRIER_EDI,aacafcf8-9e37-4725-bb8d-4cbc504e9cf9,2026-09-10 09:23:18.966662+00
2165,433,RECEIVED_FC,2026-04-16 08:18:00+00,WMS,0a324b1d-0ff6-4be9-9134-667eca149135,2026-09-10 09:23:18.966662+00
2166,434,BOOKED,2026-02-27 17:03:00+00,CARRIER_EDI,52cc0227-cb2e-4a44-b45c-4538dbb41213,2026-09-10 09:23:18.966662+00
2167,434,DEPARTED_ORIGIN,2026-03-03 10:27:00+00,CARRIER_EDI,d9d378d8-46d6-48f0-aab5-5ed85f20ca5f,2026-09-10 09:23:18.966662+00
2168,434,ARRIVED_DEST_PORT,2026-04-05 12:04:00+00,CARRIER_EDI,bad84a22-dd9a-4a03-9e18-38afff7c5c14,2026-09-10 09:23:18.966662+00
2169,434,CUSTOMS_CLEARED,2026-04-06 07:01:00+00,CARRIER_EDI,004e3613-ab36-488e-a9c6-98cad529f7b6,2026-09-10 09:23:18.966662+00
2170,434,RECEIVED_FC,2026-04-12 10:45:00+00,WMS,dbce197c-0a6d-44bf-bef0-236f8d6d9726,2026-09-10 09:23:18.966662+00
2171,435,BOOKED,2026-08-06 06:20:00+00,CARRIER_EDI,99024fa3-8898-4009-822b-e815516641d4,2026-09-10 09:23:18.966662+00
2172,435,DEPARTED_ORIGIN,2026-08-09 14:28:00+00,CARRIER_EDI,b9bf6063-8400-4e13-b62a-a13fbdc3196b,2026-09-10 09:23:18.966662+00
2173,435,ARRIVED_DEST_PORT,2026-08-24 16:42:00+00,CARRIER_EDI,930aca47-730d-4b7e-a7ae-2a07c0bbce40,2026-09-10 09:23:18.966662+00
2174,435,CUSTOMS_CLEARED,2026-08-26 14:48:00+00,CARRIER_EDI,7f8523ee-d93f-48ba-a46f-ba045616a399,2026-09-10 09:23:18.966662+00
2175,435,RECEIVED_FC,2026-08-28 12:35:00+00,WMS,494db2a9-5e68-49d7-aa7f-2b8458cbaf15,2026-09-10 09:23:18.966662+00
2176,436,BOOKED,2026-06-12 15:13:00+00,CARRIER_EDI,4d2c3e5f-7920-47ff-9ed4-15513aa01e61,2026-09-10 09:23:18.966662+00
2177,436,DEPARTED_ORIGIN,2026-06-15 17:47:00+00,CARRIER_EDI,fab2ed31-2590-481c-afbe-7f52bd131666,2026-09-10 09:23:18.966662+00
2178,436,ARRIVED_DEST_PORT,2026-07-04 16:34:00+00,CARRIER_EDI,6bf116f4-010c-4488-9846-b1690f33fee0,2026-09-10 09:23:18.966662+00
2179,436,CUSTOMS_CLEARED,2026-07-08 13:50:00+00,CARRIER_EDI,f2c89b9e-17d2-40d0-9c91-87ad7750d84b,2026-09-10 09:23:18.966662+00
2180,436,RECEIVED_FC,2026-07-10 14:07:00+00,WMS,4259c6de-57d7-4169-b55b-70e218226f24,2026-09-10 09:23:18.966662+00
2181,437,BOOKED,2026-06-22 15:15:00+00,CARRIER_EDI,ea1cfc84-570a-4a4f-aab6-125040790e37,2026-09-10 09:23:18.966662+00
2182,437,DEPARTED_ORIGIN,2026-06-29 17:50:00+00,CARRIER_EDI,31e12c67-caf6-494a-95ad-2a29165642e7,2026-09-10 09:23:18.966662+00
2183,437,ARRIVED_DEST_PORT,2026-07-12 10:44:00+00,CARRIER_EDI,8acb9549-9cd1-48ad-b4df-c4e75b474efa,2026-09-10 09:23:18.966662+00
2184,437,CUSTOMS_CLEARED,2026-07-15 14:19:00+00,CARRIER_EDI,2710adc5-5c2e-4ac0-ac41-13cbe0adcef5,2026-09-10 09:23:18.966662+00
2185,437,RECEIVED_FC,2026-07-19 06:57:00+00,WMS,deb2f408-4178-4b4a-91d0-5192f56f3e2c,2026-09-10 09:23:18.966662+00
2186,438,BOOKED,2026-06-09 14:32:00+00,CARRIER_EDI,0ad8ba9c-0b0e-4b8d-9f8d-a793a8e1163a,2026-09-10 09:23:18.966662+00
2187,438,DEPARTED_ORIGIN,2026-06-14 12:14:00+00,CARRIER_EDI,f85078df-28aa-4e6b-a4dd-781079f0206b,2026-09-10 09:23:18.966662+00
2188,438,ARRIVED_DEST_PORT,2026-07-06 09:06:00+00,CARRIER_EDI,e5afdfa7-ceab-4544-8df5-5a86035205d4,2026-09-10 09:23:18.966662+00
2189,438,CUSTOMS_CLEARED,2026-07-10 09:13:00+00,CARRIER_EDI,971f5abc-6ab4-4c99-b6a7-d3d58aaa1366,2026-09-10 09:23:18.966662+00
2190,438,RECEIVED_FC,2026-07-13 08:27:00+00,WMS,cd559c25-0c7b-40a5-9c0c-4b872c9e7c8c,2026-09-10 09:23:18.966662+00
2191,439,BOOKED,2025-12-26 07:04:00+00,CARRIER_EDI,8534ab6d-e6dc-4399-8154-dd79b26a5e2a,2026-09-10 09:23:18.966662+00
2192,439,DEPARTED_ORIGIN,2026-01-01 10:41:00+00,CARRIER_EDI,05c94c3f-5861-4d9b-b11e-d244ef3fa05e,2026-09-10 09:23:18.966662+00
2193,439,ARRIVED_DEST_PORT,2026-01-21 07:35:00+00,CARRIER_EDI,a49fbe4b-73e1-4092-9ef4-0b62861926ea,2026-09-10 09:23:18.966662+00
2194,439,CUSTOMS_CLEARED,2026-01-25 06:23:00+00,CARRIER_EDI,2de4e148-2c71-44df-825d-0e1eafd590e2,2026-09-10 09:23:18.966662+00
2195,439,RECEIVED_FC,2026-01-31 16:41:00+00,WMS,dca431f5-122f-462b-8d70-2eeb5998f58c,2026-09-10 09:23:18.966662+00
2196,440,BOOKED,2026-05-02 06:28:00+00,CARRIER_EDI,57dff75c-8501-4541-88dc-293e19d545b7,2026-09-10 09:23:18.966662+00
2197,440,DEPARTED_ORIGIN,2026-05-09 08:41:00+00,CARRIER_EDI,fb9b1f98-c315-4866-863b-97965ba80c17,2026-09-10 09:23:18.966662+00
2198,440,ARRIVED_DEST_PORT,2026-05-27 06:27:00+00,CARRIER_EDI,5ca84a30-6bf6-4821-bbda-c48119216578,2026-09-10 09:23:18.966662+00
2199,440,CUSTOMS_CLEARED,2026-05-31 08:56:00+00,CARRIER_EDI,2ae2e698-75f6-4251-a4ef-e4288404c705,2026-09-10 09:23:18.966662+00
2200,440,RECEIVED_FC,2026-06-06 16:17:00+00,WMS,c14bcef4-9f0d-4b59-8770-a8382188b415,2026-09-10 09:23:18.966662+00
2201,441,BOOKED,2026-08-05 06:29:00+00,CARRIER_EDI,d6970716-5d9d-4ce1-b23e-d760902f5b27,2026-09-10 09:23:18.966662+00
2202,441,DEPARTED_ORIGIN,2026-08-12 15:26:00+00,CARRIER_EDI,832b6863-7076-4716-a7cb-c949032e1d07,2026-09-10 09:23:18.966662+00
2203,441,ARRIVED_DEST_PORT,2026-09-03 13:16:00+00,CARRIER_EDI,6322672e-7429-4334-a559-f0d4f0123976,2026-09-10 09:23:18.966662+00
2204,441,CUSTOMS_CLEARED,2026-09-07 15:32:00+00,CARRIER_EDI,fd639075-cc13-4e23-8930-5e655e0123b4,2026-09-10 09:23:18.966662+00
2205,441,RECEIVED_FC,2026-09-10 16:11:00+00,WMS,b2b869dc-eb7b-4e5a-9d76-c9e912bc146c,2026-09-10 09:23:18.966662+00
2206,442,BOOKED,2026-03-30 13:59:00+00,CARRIER_EDI,24415967-7993-49e7-a290-6d694af69e57,2026-09-10 09:23:18.966662+00
2207,442,DEPARTED_ORIGIN,2026-04-02 08:41:00+00,CARRIER_EDI,76d783c6-810f-47e2-b014-d6084fe15a86,2026-09-10 09:23:18.966662+00
2208,442,ARRIVED_DEST_PORT,2026-05-14 17:49:00+00,CARRIER_EDI,8f7642e8-0d33-4b50-987c-c94bb386da86,2026-09-10 09:23:18.966662+00
2209,442,CUSTOMS_CLEARED,2026-05-16 16:43:00+00,CARRIER_EDI,969dddd1-5c1a-475b-9f3e-4dca786fdf7e,2026-09-10 09:23:18.966662+00
2210,442,RECEIVED_FC,2026-05-20 08:52:00+00,WMS,df80459f-c4f8-479b-85dc-e15c1c1f2bd6,2026-09-10 09:23:18.966662+00
2211,443,BOOKED,2026-02-13 08:20:00+00,CARRIER_EDI,abdc4ddf-c33b-4f91-8d01-ff8f00b13066,2026-09-10 09:23:18.966662+00
2212,443,DEPARTED_ORIGIN,2026-02-17 17:25:00+00,CARRIER_EDI,851e8cbe-b14f-405b-8e04-258bcc8ba0a8,2026-09-10 09:23:18.966662+00
2213,443,ARRIVED_DEST_PORT,2026-03-13 06:46:00+00,CARRIER_EDI,b97bddf7-66b7-42da-8861-f70a01d916bd,2026-09-10 09:23:18.966662+00
2214,443,CUSTOMS_CLEARED,2026-03-15 13:46:00+00,CARRIER_EDI,28554746-d240-4786-aebe-c6ae4a5c9b3d,2026-09-10 09:23:18.966662+00
2215,443,RECEIVED_FC,2026-03-21 17:51:00+00,WMS,b2c940f5-803c-4b71-8fbe-a77c60f9c6e5,2026-09-10 09:23:18.966662+00
2216,444,BOOKED,2026-01-07 12:00:00+00,CARRIER_EDI,db87eb3d-4b9c-4fb1-aa4f-b85657d65b07,2026-09-10 09:23:18.966662+00
2217,444,DEPARTED_ORIGIN,2026-01-13 11:48:00+00,CARRIER_EDI,26a3240b-fc98-4a3a-9e48-1388a09f6e71,2026-09-10 09:23:18.966662+00
2218,444,ARRIVED_DEST_PORT,2026-01-25 07:59:00+00,CARRIER_EDI,f75da01e-459d-44d7-ba3e-8ce654df4c84,2026-09-10 09:23:18.966662+00
2219,444,CUSTOMS_CLEARED,2026-01-27 16:55:00+00,CARRIER_EDI,cdfaf911-8fea-47dd-a094-c27987f5b03c,2026-09-10 09:23:18.966662+00
2220,444,RECEIVED_FC,2026-01-29 10:20:00+00,WMS,1375af37-56dd-4c56-aeef-ab89945c45ec,2026-09-10 09:23:18.966662+00
2221,445,BOOKED,2025-09-12 11:35:00+00,CARRIER_EDI,7ef3882d-5bae-4f20-9666-2ca8f94af302,2026-09-10 09:23:18.966662+00
2222,445,DEPARTED_ORIGIN,2025-09-15 11:26:00+00,CARRIER_EDI,4eb3bdbe-6f07-4b02-9177-4062a2e9fc43,2026-09-10 09:23:18.966662+00
2223,445,ARRIVED_DEST_PORT,2025-10-06 07:04:00+00,CARRIER_EDI,8dc51160-8083-4dbd-8460-1e67bf36ba8d,2026-09-10 09:23:18.966662+00
2224,445,CUSTOMS_CLEARED,2025-10-09 12:15:00+00,CARRIER_EDI,875a8184-b509-4fa8-8239-a94e7d4f6790,2026-09-10 09:23:18.966662+00
2225,445,RECEIVED_FC,2025-10-11 07:35:00+00,WMS,432b2147-3102-49f1-9254-16997473c07f,2026-09-10 09:23:18.966662+00
2226,446,BOOKED,2026-03-20 17:05:00+00,CARRIER_EDI,9a966270-334a-462e-9491-7f68b1cb0673,2026-09-10 09:23:18.966662+00
2227,446,DEPARTED_ORIGIN,2026-03-25 13:28:00+00,CARRIER_EDI,b82a8328-ca27-4171-80d7-67702924d02b,2026-09-10 09:23:18.966662+00
2228,446,ARRIVED_DEST_PORT,2026-04-19 07:02:00+00,CARRIER_EDI,2f00fa61-0d7b-4611-b93f-0767456c1795,2026-09-10 09:23:18.966662+00
2229,446,CUSTOMS_CLEARED,2026-04-20 08:09:00+00,CARRIER_EDI,703bc727-1615-45ff-9f8e-e9f9b9b22a4a,2026-09-10 09:23:18.966662+00
2230,446,RECEIVED_FC,2026-04-25 17:39:00+00,WMS,705e087c-d94f-4d86-abdf-bd0b8629a4fe,2026-09-10 09:23:18.966662+00
2231,447,BOOKED,2026-08-13 12:34:00+00,CARRIER_EDI,5ded7672-c38e-49f1-b5ea-27696a24f97e,2026-09-10 09:23:18.966662+00
2232,447,DEPARTED_ORIGIN,2026-08-20 15:55:00+00,CARRIER_EDI,b50de545-4759-4be5-856f-4a61961974f4,2026-09-10 09:23:18.966662+00
2233,447,ARRIVED_DEST_PORT,2026-09-08 06:06:00+00,CARRIER_EDI,c65c38f6-3b49-499e-b4c8-185729d2625b,2026-09-10 09:23:18.966662+00
2234,447,CUSTOMS_CLEARED,2026-09-12 16:33:00+00,CARRIER_EDI,b5a21850-2bbb-4ab2-b934-55be11954d84,2026-09-10 09:23:18.966662+00
2235,447,RECEIVED_FC,2026-09-16 17:20:00+00,WMS,77ee519d-1621-4f7b-a294-eefc2f667bc9,2026-09-10 09:23:18.966662+00
2236,448,BOOKED,2026-07-20 08:51:00+00,CARRIER_EDI,e3aca941-25d0-48f8-a388-2f6dbc32aeeb,2026-09-10 09:23:18.966662+00
2237,448,DEPARTED_ORIGIN,2026-07-25 17:42:00+00,CARRIER_EDI,3425f397-4437-41fa-92d1-a1f2ea525826,2026-09-10 09:23:18.966662+00
2238,448,ARRIVED_DEST_PORT,2026-08-16 14:44:00+00,CARRIER_EDI,3e741dcb-916e-4f99-b4f4-bd28f7e16d95,2026-09-10 09:23:18.966662+00
2239,448,CUSTOMS_CLEARED,2026-08-20 12:19:00+00,CARRIER_EDI,5f1453a2-9e8d-429d-ac2a-9aaff8a839c3,2026-09-10 09:23:18.966662+00
2240,448,RECEIVED_FC,2026-08-25 11:42:00+00,WMS,488b68ff-2ce4-486f-98b7-d4fb5d16091a,2026-09-10 09:23:18.966662+00
2241,449,BOOKED,2025-11-16 17:58:00+00,CARRIER_EDI,e86fd3fe-1353-479b-be4a-0151123843b7,2026-09-10 09:23:18.966662+00
2242,449,DEPARTED_ORIGIN,2025-11-20 09:50:00+00,CARRIER_EDI,ae50f974-501a-4ca6-a69d-07650d174015,2026-09-10 09:23:18.966662+00
2243,449,ARRIVED_DEST_PORT,2025-12-10 10:59:00+00,CARRIER_EDI,9f27b921-5b2b-4803-a082-552e21c305f6,2026-09-10 09:23:18.966662+00
2244,449,CUSTOMS_CLEARED,2025-12-11 13:30:00+00,CARRIER_EDI,67046d61-0d7a-455c-a604-3260f8b95dcb,2026-09-10 09:23:18.966662+00
2245,449,RECEIVED_FC,2025-12-15 16:25:00+00,WMS,47a636a2-caad-47d6-a603-9cc75f28b486,2026-09-10 09:23:18.966662+00
2246,450,BOOKED,2025-10-12 08:40:00+00,CARRIER_EDI,3ac5097f-ef8a-4ce5-afd8-973577d6f0d2,2026-09-10 09:23:18.966662+00
2247,450,DEPARTED_ORIGIN,2025-10-18 10:46:00+00,CARRIER_EDI,aba8d0ac-1da9-4001-a232-c68388ad61e5,2026-09-10 09:23:18.966662+00
2248,450,ARRIVED_DEST_PORT,2025-11-17 16:34:00+00,CARRIER_EDI,db5c9e43-cf09-4d73-aa21-c2fc036bd83b,2026-09-10 09:23:18.966662+00
2249,450,CUSTOMS_CLEARED,2025-11-21 16:46:00+00,CARRIER_EDI,324e280a-e6e3-4813-ba7f-f643b950f7a2,2026-09-10 09:23:18.966662+00
2250,450,RECEIVED_FC,2025-11-26 06:56:00+00,WMS,44916198-5372-4a64-ab25-7fe1917080ae,2026-09-10 09:23:18.966662+00
2251,451,BOOKED,2026-08-06 07:40:00+00,CARRIER_EDI,97fc1c25-faf1-4727-87b3-2543a3cb733b,2026-09-10 09:23:18.966662+00
2252,451,DEPARTED_ORIGIN,2026-08-10 07:48:00+00,CARRIER_EDI,d7aa5cfd-426e-4849-bb02-f4df6a7baacb,2026-09-10 09:23:18.966662+00
2253,451,ARRIVED_DEST_PORT,2026-09-05 17:05:00+00,CARRIER_EDI,2d66dfec-359e-4363-a1fe-2ad133c7a793,2026-09-10 09:23:18.966662+00
2254,451,CUSTOMS_CLEARED,2026-09-08 09:59:00+00,CARRIER_EDI,151d53db-f142-4810-b67f-af65236a0ec1,2026-09-10 09:23:18.966662+00
2255,451,RECEIVED_FC,2026-09-12 12:12:00+00,WMS,9c41d0a9-6def-4e3f-a551-6cdf7f4816ea,2026-09-10 09:23:18.966662+00
2256,452,BOOKED,2026-01-02 17:07:00+00,CARRIER_EDI,cb7f275d-26ee-442e-960f-d73e6ca9bc27,2026-09-10 09:23:18.966662+00
2257,452,DEPARTED_ORIGIN,2026-01-06 07:56:00+00,CARRIER_EDI,9398b2a0-a484-48d5-a4d4-667207e1931f,2026-09-10 09:23:18.966662+00
2258,452,ARRIVED_DEST_PORT,2026-01-31 14:03:00+00,CARRIER_EDI,24459302-1054-4808-8a69-505fa0d22ddf,2026-09-10 09:23:18.966662+00
2259,452,CUSTOMS_CLEARED,2026-02-03 08:01:00+00,CARRIER_EDI,44609b13-7aa3-4aef-bab3-02c4d34cf899,2026-09-10 09:23:18.966662+00
2260,452,RECEIVED_FC,2026-02-09 07:51:00+00,WMS,4499b746-d205-4d7b-a88d-65aec39fa9a6,2026-09-10 09:23:18.966662+00
2261,453,BOOKED,2026-04-22 06:29:00+00,CARRIER_EDI,92bcc543-9bd0-4e9b-899a-c6b430780a5b,2026-09-10 09:23:18.966662+00
2262,453,DEPARTED_ORIGIN,2026-04-27 11:04:00+00,CARRIER_EDI,fc156f91-8eba-4b4b-a7b7-51f7dd2999d3,2026-09-10 09:23:18.966662+00
2263,453,ARRIVED_DEST_PORT,2026-05-21 07:56:00+00,CARRIER_EDI,3406c624-9457-4e50-adc1-c9eeabd58308,2026-09-10 09:23:18.966662+00
2264,453,CUSTOMS_CLEARED,2026-05-22 16:48:00+00,CARRIER_EDI,1c2315ca-1f25-485b-8da6-b4807f47fb42,2026-09-10 09:23:18.966662+00
2265,453,RECEIVED_FC,2026-05-24 14:53:00+00,WMS,fde8dcfc-6dbb-407a-b746-c8b78eaaf05c,2026-09-10 09:23:18.966662+00
2266,454,BOOKED,2025-12-11 14:45:00+00,CARRIER_EDI,3848a672-c9fa-4b91-9a30-ff7e894857fb,2026-09-10 09:23:18.966662+00
2267,454,DEPARTED_ORIGIN,2025-12-14 14:56:00+00,CARRIER_EDI,9f56d7cb-148b-4801-8a10-421f48eb0480,2026-09-10 09:23:18.966662+00
2268,454,ARRIVED_DEST_PORT,2025-12-29 17:18:00+00,CARRIER_EDI,d02af64a-f6f6-4c07-bb15-e2ceff76ddea,2026-09-10 09:23:18.966662+00
2269,454,CUSTOMS_CLEARED,2026-01-02 11:23:00+00,CARRIER_EDI,8ab42725-f9fc-43e2-b566-0b456ce0eaae,2026-09-10 09:23:18.966662+00
2270,454,RECEIVED_FC,2026-01-08 10:21:00+00,WMS,115d4491-8785-4f94-8810-48d7cf535b8f,2026-09-10 09:23:18.966662+00
2271,455,BOOKED,2026-04-30 07:48:00+00,CARRIER_EDI,161ad5e1-8482-4867-8e38-bae2e23c8918,2026-09-10 09:23:18.966662+00
2272,455,DEPARTED_ORIGIN,2026-05-03 13:43:00+00,CARRIER_EDI,dce31873-b589-48f1-8afd-c913a97ee19a,2026-09-10 09:23:18.966662+00
2273,455,ARRIVED_DEST_PORT,2026-05-29 10:04:00+00,CARRIER_EDI,2947d0ce-74da-492e-8ac9-2ac9d553fad4,2026-09-10 09:23:18.966662+00
2274,455,CUSTOMS_CLEARED,2026-06-01 16:49:00+00,CARRIER_EDI,b184d331-3e04-496b-b189-f1685e431698,2026-09-10 09:23:18.966662+00
2275,455,RECEIVED_FC,2026-06-04 15:20:00+00,WMS,e04955d6-1b44-4daf-885c-0c1905e3ca5f,2026-09-10 09:23:18.966662+00
2276,456,BOOKED,2025-10-10 06:12:00+00,CARRIER_EDI,b2547d61-9882-4224-b96c-9a558bc34d2c,2026-09-10 09:23:18.966662+00
2277,456,DEPARTED_ORIGIN,2025-10-14 09:49:00+00,CARRIER_EDI,5161d761-56e1-4eb0-894a-ee45bd23470e,2026-09-10 09:23:18.966662+00
2278,456,ARRIVED_DEST_PORT,2025-10-30 15:48:00+00,CARRIER_EDI,cedfbbbf-4f15-4c42-9b25-7fbdbb7afb54,2026-09-10 09:23:18.966662+00
2279,456,CUSTOMS_CLEARED,2025-11-01 06:28:00+00,CARRIER_EDI,46ad76e9-d250-4b66-b36a-0c0f0e6dc0cd,2026-09-10 09:23:18.966662+00
2280,456,RECEIVED_FC,2025-11-04 17:01:00+00,WMS,751d55a8-dc37-4eba-bded-484c49c0003c,2026-09-10 09:23:18.966662+00
2281,457,BOOKED,2025-09-21 15:32:00+00,CARRIER_EDI,f20f13ac-51fd-4c4a-b722-26734524eab7,2026-09-10 09:23:18.966662+00
2282,457,DEPARTED_ORIGIN,2025-09-28 06:04:00+00,CARRIER_EDI,45a48d79-3631-4237-845e-2e002c17f207,2026-09-10 09:23:18.966662+00
2283,457,ARRIVED_DEST_PORT,2025-11-04 12:33:00+00,CARRIER_EDI,98adbcdc-4fcb-41f8-b43b-bc4f864b6b32,2026-09-10 09:23:18.966662+00
2284,457,CUSTOMS_CLEARED,2025-11-05 16:24:00+00,CARRIER_EDI,d8a5435a-310e-4ccb-8772-cabf7b892963,2026-09-10 09:23:18.966662+00
2285,457,RECEIVED_FC,2025-11-11 15:01:00+00,WMS,9b249699-97dc-4a9b-aa01-995ebad571d3,2026-09-10 09:23:18.966662+00
2286,458,BOOKED,2025-10-09 12:31:00+00,CARRIER_EDI,5e9be152-18dd-4ac1-bdb6-1d1c290b2a35,2026-09-10 09:23:18.966662+00
2287,458,DEPARTED_ORIGIN,2025-10-14 06:07:00+00,CARRIER_EDI,aa01eacb-62eb-433b-bfe3-ae32074b0698,2026-09-10 09:23:18.966662+00
2288,458,ARRIVED_DEST_PORT,2025-11-13 08:55:00+00,CARRIER_EDI,261ad7b0-a529-49ab-9be1-999918adb228,2026-09-10 09:23:18.966662+00
2289,458,CUSTOMS_CLEARED,2025-11-17 08:16:00+00,CARRIER_EDI,98a555db-61b8-4b22-9a32-662a8dcaf73b,2026-09-10 09:23:18.966662+00
2290,458,RECEIVED_FC,2025-11-22 10:06:00+00,WMS,6c50aa13-3324-453e-9b3b-e88178dbc2e3,2026-09-10 09:23:18.966662+00
2291,459,BOOKED,2026-02-21 08:41:00+00,CARRIER_EDI,5d39e051-5778-4815-abc6-289c6fc46430,2026-09-10 09:23:18.966662+00
2292,459,DEPARTED_ORIGIN,2026-02-28 07:23:00+00,CARRIER_EDI,62642d7a-251a-48c6-86c7-dcf7b4614b6c,2026-09-10 09:23:18.966662+00
2293,459,ARRIVED_DEST_PORT,2026-03-30 07:25:00+00,CARRIER_EDI,cc0ae117-d7ca-43d9-91a2-855ec7fe0676,2026-09-10 09:23:18.966662+00
2294,459,CUSTOMS_CLEARED,2026-03-31 12:34:00+00,CARRIER_EDI,178685cc-53da-492d-b993-c2a9349e3d76,2026-09-10 09:23:18.966662+00
2295,459,RECEIVED_FC,2026-04-04 11:25:00+00,WMS,56ee5686-7b52-42c8-94e5-43811e794047,2026-09-10 09:23:18.966662+00
2296,460,BOOKED,2026-04-21 13:24:00+00,CARRIER_EDI,da3fbd4d-e934-47d4-aa88-cef995076952,2026-09-10 09:23:18.966662+00
2297,460,DEPARTED_ORIGIN,2026-04-27 15:04:00+00,CARRIER_EDI,180895e6-20c7-476a-9b25-db20956b43d1,2026-09-10 09:23:18.966662+00
2298,460,ARRIVED_DEST_PORT,2026-05-20 17:12:00+00,CARRIER_EDI,d9539033-491c-4ce0-a5d5-010e3fb8a71d,2026-09-10 09:23:18.966662+00
2299,460,CUSTOMS_CLEARED,2026-05-22 12:35:00+00,CARRIER_EDI,a464a11b-f374-4bc1-8ff7-c157c2accce6,2026-09-10 09:23:18.966662+00
2300,460,RECEIVED_FC,2026-05-27 12:09:00+00,WMS,02380ce3-b05a-4a3f-8b24-b64f2ffb3d30,2026-09-10 09:23:18.966662+00
2301,461,BOOKED,2026-06-10 13:29:00+00,CARRIER_EDI,228899ca-15c1-4e64-b65d-49e4eacd7338,2026-09-10 09:23:18.966662+00
2302,461,DEPARTED_ORIGIN,2026-06-15 10:47:00+00,CARRIER_EDI,cf110011-fbc4-4b6f-91e5-2095d90e6323,2026-09-10 09:23:18.966662+00
2303,461,ARRIVED_DEST_PORT,2026-07-12 10:05:00+00,CARRIER_EDI,b738eac3-9ca1-4daf-a59e-83bf22fc8e77,2026-09-10 09:23:18.966662+00
2304,461,CUSTOMS_CLEARED,2026-07-14 14:29:00+00,CARRIER_EDI,60b55595-8d3c-464d-8c50-1c28c3567d93,2026-09-10 09:23:18.966662+00
2305,461,RECEIVED_FC,2026-07-20 10:17:00+00,WMS,a5d3e830-ac63-4962-ad56-5ccaeeafb67b,2026-09-10 09:23:18.966662+00
2306,462,BOOKED,2026-01-11 14:02:00+00,CARRIER_EDI,b89dfee6-8de9-49f2-9470-3a0d6d8e7067,2026-09-10 09:23:18.966662+00
2307,462,DEPARTED_ORIGIN,2026-01-14 12:25:00+00,CARRIER_EDI,7f75d70c-4fd2-44c4-9aa9-0bd16702123f,2026-09-10 09:23:18.966662+00
2308,462,ARRIVED_DEST_PORT,2026-02-06 09:44:00+00,CARRIER_EDI,2e2a4fab-2dcd-4f7e-8b8d-89e62ca879c2,2026-09-10 09:23:18.966662+00
2309,462,CUSTOMS_CLEARED,2026-02-10 16:11:00+00,CARRIER_EDI,5cc122c9-1d03-4468-8833-72e2de8b5723,2026-09-10 09:23:18.966662+00
2310,462,RECEIVED_FC,2026-02-12 11:23:00+00,WMS,cb804852-ef82-4621-96e3-a2bc93ba3986,2026-09-10 09:23:18.966662+00
2311,463,BOOKED,2025-10-04 13:42:00+00,CARRIER_EDI,5d9bd6bb-544a-4df4-9e93-714175ab45f7,2026-09-10 09:23:18.966662+00
2312,463,DEPARTED_ORIGIN,2025-10-11 14:50:00+00,CARRIER_EDI,1899320c-169c-469c-a66d-08c6eaab64bb,2026-09-10 09:23:18.966662+00
2313,463,ARRIVED_DEST_PORT,2025-10-31 15:02:00+00,CARRIER_EDI,f2005131-9320-45fc-bda3-aee5bb564401,2026-09-10 09:23:18.966662+00
2314,463,CUSTOMS_CLEARED,2025-11-03 09:13:00+00,CARRIER_EDI,8f82cf23-51b3-4934-9678-914307e35b81,2026-09-10 09:23:18.966662+00
2315,463,RECEIVED_FC,2025-11-09 09:14:00+00,WMS,b558fe95-944b-45b8-8d66-327a3aa0920f,2026-09-10 09:23:18.966662+00
2316,464,BOOKED,2026-04-19 12:47:00+00,CARRIER_EDI,61c8882a-7875-4b9f-92a3-d61ee0200399,2026-09-10 09:23:18.966662+00
2317,464,DEPARTED_ORIGIN,2026-04-24 08:05:00+00,CARRIER_EDI,bfa44100-0b45-4922-8a87-b4a43a79990f,2026-09-10 09:23:18.966662+00
2318,464,ARRIVED_DEST_PORT,2026-05-10 15:01:00+00,CARRIER_EDI,c1f7aa8e-6efd-4163-bbb0-802da1726133,2026-09-10 09:23:18.966662+00
2319,464,CUSTOMS_CLEARED,2026-05-14 07:02:00+00,CARRIER_EDI,83de57f7-f8f8-4e3b-ab85-18fe050d6492,2026-09-10 09:23:18.966662+00
2320,464,RECEIVED_FC,2026-05-18 14:25:00+00,WMS,0aed8fff-28f4-4a0e-a9fe-f662584cfc26,2026-09-10 09:23:18.966662+00
2321,465,BOOKED,2026-07-03 09:10:00+00,CARRIER_EDI,2b55ae34-abdd-4fe8-8214-d5e9864978fb,2026-09-10 09:23:18.966662+00
2322,465,DEPARTED_ORIGIN,2026-07-09 06:10:00+00,CARRIER_EDI,f99f77d0-7cea-4f8c-9232-a5a3410cde3f,2026-09-10 09:23:18.966662+00
2323,465,ARRIVED_DEST_PORT,2026-08-02 11:27:00+00,CARRIER_EDI,fc368b2e-6379-43f4-ac3b-a9f3f6c7edaa,2026-09-10 09:23:18.966662+00
2324,465,CUSTOMS_CLEARED,2026-08-06 06:00:00+00,CARRIER_EDI,97782663-8c60-463e-818a-2fce3d109ab5,2026-09-10 09:23:18.966662+00
2325,465,RECEIVED_FC,2026-08-08 11:52:00+00,WMS,b96c5f4d-b3c4-4dda-b20a-b386062a709e,2026-09-10 09:23:18.966662+00
2326,466,BOOKED,2026-04-06 17:53:00+00,CARRIER_EDI,6f54a0d4-d8a0-4142-a939-4d07cfb14cff,2026-09-10 09:23:18.966662+00
2327,466,DEPARTED_ORIGIN,2026-04-11 06:41:00+00,CARRIER_EDI,576f423e-31b3-4149-947b-d357688fad47,2026-09-10 09:23:18.966662+00
2328,466,ARRIVED_DEST_PORT,2026-05-28 08:22:00+00,CARRIER_EDI,fb85242b-136a-46f8-bb4a-5330d137774a,2026-09-10 09:23:18.966662+00
2329,466,CUSTOMS_CLEARED,2026-05-30 08:52:00+00,CARRIER_EDI,f74ec6cb-486d-479d-bbb1-348a1f619882,2026-09-10 09:23:18.966662+00
2330,466,RECEIVED_FC,2026-06-02 13:57:00+00,WMS,f2c8b3c0-3479-4109-841c-50189f0a9ee4,2026-09-10 09:23:18.966662+00
2331,467,BOOKED,2026-05-19 10:03:00+00,CARRIER_EDI,0c763b52-c958-4f14-b22d-1be6dc50a24f,2026-09-10 09:23:18.966662+00
2332,467,DEPARTED_ORIGIN,2026-05-25 09:59:00+00,CARRIER_EDI,4ce2b5a7-b472-4c5f-85f7-29f6033cdee4,2026-09-10 09:23:18.966662+00
2333,467,ARRIVED_DEST_PORT,2026-06-21 13:58:00+00,CARRIER_EDI,6e67d51d-8419-4d0b-8444-c972622c7d3b,2026-09-10 09:23:18.966662+00
2334,467,CUSTOMS_CLEARED,2026-06-22 17:34:00+00,CARRIER_EDI,ee95f864-361e-40f8-856e-2c0202187427,2026-09-10 09:23:18.966662+00
2335,467,RECEIVED_FC,2026-06-27 07:31:00+00,WMS,cf3ae290-c8b9-42ad-a501-32707eea897e,2026-09-10 09:23:18.966662+00
2336,468,BOOKED,2026-04-20 11:37:00+00,CARRIER_EDI,20342c7d-a130-48f2-964b-0e45ade048ea,2026-09-10 09:23:18.966662+00
2337,468,DEPARTED_ORIGIN,2026-04-27 16:57:00+00,CARRIER_EDI,87ac785d-e07f-45aa-8032-73e5bb1c98fd,2026-09-10 09:23:18.966662+00
2338,468,ARRIVED_DEST_PORT,2026-05-26 12:26:00+00,CARRIER_EDI,a523acc9-bd0e-40b5-902a-18c157aa55e5,2026-09-10 09:23:18.966662+00
2339,468,CUSTOMS_CLEARED,2026-05-30 08:13:00+00,CARRIER_EDI,3168a93b-f974-4005-85b5-56d343437e6a,2026-09-10 09:23:18.966662+00
2340,468,RECEIVED_FC,2026-06-05 17:47:00+00,WMS,cb828899-2e37-4939-a70f-8c765137eea3,2026-09-10 09:23:18.966662+00
2341,469,BOOKED,2025-10-24 08:16:00+00,CARRIER_EDI,700564a6-f50b-41de-b710-46f001411411,2026-09-10 09:23:18.966662+00
2342,469,DEPARTED_ORIGIN,2025-10-27 10:18:00+00,CARRIER_EDI,824757f3-9799-4826-b133-503f2fccc673,2026-09-10 09:23:18.966662+00
2343,469,ARRIVED_DEST_PORT,2025-11-10 08:02:00+00,CARRIER_EDI,85ea835d-6922-4ba6-8f53-7b3cfc4269cd,2026-09-10 09:23:18.966662+00
2344,469,CUSTOMS_CLEARED,2025-11-11 13:46:00+00,CARRIER_EDI,adbcaaa3-f553-4139-ac2b-1588a9c3b548,2026-09-10 09:23:18.966662+00
2345,469,RECEIVED_FC,2025-11-13 06:41:00+00,WMS,c99cea56-27b2-4614-8be2-be9ecde2f23d,2026-09-10 09:23:18.966662+00
2346,470,BOOKED,2025-10-12 12:56:00+00,CARRIER_EDI,779d9acf-c0e4-413a-8f85-453787a2ca06,2026-09-10 09:23:18.966662+00
2347,470,DEPARTED_ORIGIN,2025-10-16 06:49:00+00,CARRIER_EDI,3f5f9b66-34ce-485c-9c3e-e8e62816b1e3,2026-09-10 09:23:18.966662+00
2348,470,ARRIVED_DEST_PORT,2025-11-07 11:36:00+00,CARRIER_EDI,66402403-1c0c-4019-8271-545db3112991,2026-09-10 09:23:18.966662+00
2349,470,CUSTOMS_CLEARED,2025-11-09 08:47:00+00,CARRIER_EDI,3a410c21-7191-4f2e-b0b7-cdb43398d64a,2026-09-10 09:23:18.966662+00
2350,470,RECEIVED_FC,2025-11-13 09:49:00+00,WMS,5cfcbbdd-1052-4656-b298-5e105bc0ddb1,2026-09-10 09:23:18.966662+00
2351,471,BOOKED,2025-11-16 13:40:00+00,CARRIER_EDI,6c4bd23b-be7f-4e57-a731-31efe9b23155,2026-09-10 09:23:18.966662+00
2352,471,DEPARTED_ORIGIN,2025-11-22 12:26:00+00,CARRIER_EDI,571fdade-c937-4c40-9cd0-d74b99e47601,2026-09-10 09:23:18.966662+00
2353,471,ARRIVED_DEST_PORT,2025-12-25 12:08:00+00,CARRIER_EDI,fe561e52-c82e-4179-ad35-8358a4ba81fc,2026-09-10 09:23:18.966662+00
2354,471,CUSTOMS_CLEARED,2025-12-27 09:49:00+00,CARRIER_EDI,1a6d008c-6896-4922-9e29-f2f360a8d59e,2026-09-10 09:23:18.966662+00
2355,471,RECEIVED_FC,2025-12-30 11:45:00+00,WMS,482f3b78-953f-4024-abfb-3b87710bf094,2026-09-10 09:23:18.966662+00
2356,472,BOOKED,2026-06-02 08:00:00+00,CARRIER_EDI,c225e906-579c-4190-8ec7-6a85682a6de7,2026-09-10 09:23:18.966662+00
2357,472,DEPARTED_ORIGIN,2026-06-07 06:13:00+00,CARRIER_EDI,6e770fdf-7b77-4bb8-95e3-9782468d50d7,2026-09-10 09:23:18.966662+00
2358,472,ARRIVED_DEST_PORT,2026-06-23 07:23:00+00,CARRIER_EDI,be244d70-a62d-4421-b93e-7c2316d4eb09,2026-09-10 09:23:18.966662+00
2359,472,CUSTOMS_CLEARED,2026-06-24 09:30:00+00,CARRIER_EDI,70067a87-0963-4564-8dd7-0b502ac960e5,2026-09-10 09:23:18.966662+00
2360,472,RECEIVED_FC,2026-06-30 12:16:00+00,WMS,937aa2ec-a81d-49f1-8b5d-bc6a1861c903,2026-09-10 09:23:18.966662+00
2361,473,BOOKED,2026-04-12 08:11:00+00,CARRIER_EDI,eabf2efb-de3b-4aa1-861d-1ebdf62f7ba7,2026-09-10 09:23:18.966662+00
2362,473,DEPARTED_ORIGIN,2026-04-17 13:42:00+00,CARRIER_EDI,71abbd51-1b63-40b3-9d55-eb04060dd860,2026-09-10 09:23:18.966662+00
2363,473,ARRIVED_DEST_PORT,2026-05-02 16:53:00+00,CARRIER_EDI,fd54777d-87c2-49f5-8d9c-257dde08ac16,2026-09-10 09:23:18.966662+00
2364,473,CUSTOMS_CLEARED,2026-05-05 11:45:00+00,CARRIER_EDI,2065ba97-fd07-4629-a16a-4296986387a3,2026-09-10 09:23:18.966662+00
2365,473,RECEIVED_FC,2026-05-10 16:48:00+00,WMS,f639dd77-70f0-4e0d-99c2-a9d2a11e5703,2026-09-10 09:23:18.966662+00
2366,474,BOOKED,2026-03-06 12:35:00+00,CARRIER_EDI,fe8acca9-2b22-45c1-85e0-a69ded8d8c24,2026-09-10 09:23:18.966662+00
2367,474,DEPARTED_ORIGIN,2026-03-09 10:01:00+00,CARRIER_EDI,4636c97b-7bad-451c-aa70-3895147cc4b2,2026-09-10 09:23:18.966662+00
2368,474,ARRIVED_DEST_PORT,2026-03-30 10:51:00+00,CARRIER_EDI,8c9c222b-e643-4a34-8c47-e6551168afce,2026-09-10 09:23:18.966662+00
2369,474,CUSTOMS_CLEARED,2026-04-01 10:27:00+00,CARRIER_EDI,4cf9411e-7e54-4a6d-bd7d-a09888ba6ce9,2026-09-10 09:23:18.966662+00
2370,474,RECEIVED_FC,2026-04-05 12:02:00+00,WMS,45a78c7c-5ee9-4e85-97b6-de48839925ea,2026-09-10 09:23:18.966662+00
2371,475,BOOKED,2026-08-11 13:16:00+00,CARRIER_EDI,9f03e75e-ad77-4aa7-9f61-851e78201d29,2026-09-10 09:23:18.966662+00
2372,475,DEPARTED_ORIGIN,2026-08-14 13:31:00+00,CARRIER_EDI,dd5cc13c-5fdb-4b9d-8730-b40ec7a3089f,2026-09-10 09:23:18.966662+00
2373,475,ARRIVED_DEST_PORT,2026-09-08 08:00:00+00,CARRIER_EDI,ea65edbd-b787-4e88-a873-0e62487a59cd,2026-09-10 09:23:18.966662+00
2374,475,CUSTOMS_CLEARED,2026-09-10 08:13:00+00,CARRIER_EDI,e2b1f7f1-1854-4d7e-b1cf-0751e5b65ab2,2026-09-10 09:23:18.966662+00
2375,475,RECEIVED_FC,2026-09-13 15:14:00+00,WMS,4d7b5f06-edae-4865-b564-673575f5db70,2026-09-10 09:23:18.966662+00
2376,476,BOOKED,2026-04-15 12:06:00+00,CARRIER_EDI,fe299331-3231-4a40-9d03-44ec9acbfc6e,2026-09-10 09:23:18.966662+00
2377,476,DEPARTED_ORIGIN,2026-04-19 10:02:00+00,CARRIER_EDI,269ecbb9-4dc4-4fa8-b873-1d6c893de738,2026-09-10 09:23:18.966662+00
2378,476,ARRIVED_DEST_PORT,2026-05-07 12:02:00+00,CARRIER_EDI,b4bc3533-5bea-4134-ad32-7086cc93176e,2026-09-10 09:23:18.966662+00
2379,476,CUSTOMS_CLEARED,2026-05-08 09:30:00+00,CARRIER_EDI,cceddd21-f88e-4733-b771-df65b5d1d22b,2026-09-10 09:23:18.966662+00
2380,476,RECEIVED_FC,2026-05-14 06:58:00+00,WMS,bab225db-45bb-4a3a-a002-3e08dc896022,2026-09-10 09:23:18.966662+00
2381,477,BOOKED,2025-09-23 14:26:00+00,CARRIER_EDI,fddc0828-3c7c-4d91-b27f-d7d57e32d195,2026-09-10 09:23:18.966662+00
2382,477,DEPARTED_ORIGIN,2025-09-30 12:58:00+00,CARRIER_EDI,9032fa35-567d-42f5-8a39-1df622afdcf9,2026-09-10 09:23:18.966662+00
2383,477,ARRIVED_DEST_PORT,2025-11-15 15:13:00+00,CARRIER_EDI,f8d5e66e-c4b7-4bec-b4ca-bb6f9c660fb8,2026-09-10 09:23:18.966662+00
2384,477,CUSTOMS_CLEARED,2025-11-19 11:17:00+00,CARRIER_EDI,a810e15a-5b23-45c1-8177-3921ffd7dd58,2026-09-10 09:23:18.966662+00
2385,477,RECEIVED_FC,2025-11-23 06:28:00+00,WMS,6fa0633b-9507-4ad8-928e-67257d4c0c65,2026-09-10 09:23:18.966662+00
2386,478,BOOKED,2026-05-10 09:00:00+00,CARRIER_EDI,27ec46c6-1f25-4d9a-a649-5764d6ab1a08,2026-09-10 09:23:18.966662+00
2387,478,DEPARTED_ORIGIN,2026-05-13 08:37:00+00,CARRIER_EDI,196a9b43-3390-4427-8315-28e868e57b31,2026-09-10 09:23:18.966662+00
2388,478,ARRIVED_DEST_PORT,2026-06-19 15:40:00+00,CARRIER_EDI,74d86fe7-f6b8-4429-93cd-f58b0a346c40,2026-09-10 09:23:18.966662+00
2389,478,CUSTOMS_CLEARED,2026-06-22 12:46:00+00,CARRIER_EDI,cf5b9362-6091-4bf0-9300-6412d540a463,2026-09-10 09:23:18.966662+00
2390,478,RECEIVED_FC,2026-06-28 13:43:00+00,WMS,508db8e6-cc24-4342-8025-ab5f1e89920d,2026-09-10 09:23:18.966662+00
2391,479,BOOKED,2026-08-12 10:48:00+00,CARRIER_EDI,7dd018f1-cd0f-4898-bb60-ad9eca484138,2026-09-10 09:23:18.966662+00
2392,479,DEPARTED_ORIGIN,2026-08-19 13:23:00+00,CARRIER_EDI,16970bbc-fb37-4fa0-a56a-e8f8dc9918fc,2026-09-10 09:23:18.966662+00
2393,479,ARRIVED_DEST_PORT,2026-09-12 10:45:00+00,CARRIER_EDI,ae6cbf0b-5266-4ec6-aaea-4425f48a4042,2026-09-10 09:23:18.966662+00
2394,479,CUSTOMS_CLEARED,2026-09-13 14:49:00+00,CARRIER_EDI,aae91b28-06ed-4a56-adba-7642d30a3cd2,2026-09-10 09:23:18.966662+00
2395,479,RECEIVED_FC,2026-09-19 13:35:00+00,WMS,3c3af189-ccb6-404d-9ff6-e0e078df7595,2026-09-10 09:23:18.966662+00
2396,480,BOOKED,2026-01-19 11:38:00+00,CARRIER_EDI,08488e23-29a3-4cd1-b4f2-afd4368be87b,2026-09-10 09:23:18.966662+00
2397,480,DEPARTED_ORIGIN,2026-01-23 14:04:00+00,CARRIER_EDI,5d1d031e-c9b3-4969-b893-6ce79c984ff3,2026-09-10 09:23:18.966662+00
2398,480,ARRIVED_DEST_PORT,2026-02-23 08:46:00+00,CARRIER_EDI,6c7da9c3-1799-475f-a1ab-4733c9425179,2026-09-10 09:23:18.966662+00
2399,480,CUSTOMS_CLEARED,2026-02-25 11:06:00+00,CARRIER_EDI,676d6b1e-7e42-492d-a618-0ca474c89d5f,2026-09-10 09:23:18.966662+00
2400,480,RECEIVED_FC,2026-03-03 14:53:00+00,WMS,e50b9bb1-c08c-4163-8fdb-24d70a73c1f4,2026-09-10 09:23:18.966662+00
2401,481,BOOKED,2026-08-04 12:04:00+00,CARRIER_EDI,7d1cbf7d-14f7-4009-b45e-bbfde2fff690,2026-09-10 09:23:18.966662+00
2402,481,DEPARTED_ORIGIN,2026-08-07 14:10:00+00,CARRIER_EDI,f99873ac-6c44-42c7-b615-3d571a4ed083,2026-09-10 09:23:18.966662+00
2403,481,ARRIVED_DEST_PORT,2026-08-30 13:47:00+00,CARRIER_EDI,da7ce38f-cad5-4b0f-a86e-07d1d28fe70a,2026-09-10 09:23:18.966662+00
2404,481,CUSTOMS_CLEARED,2026-09-03 14:36:00+00,CARRIER_EDI,3317ad21-68c7-408e-a562-8d7aaf80465c,2026-09-10 09:23:18.966662+00
2405,482,BOOKED,2026-08-30 11:55:00+00,CARRIER_EDI,a42f06cb-0c05-4288-8663-ef1b05af27c7,2026-09-10 09:23:18.966662+00
2406,482,DEPARTED_ORIGIN,2026-09-06 16:16:00+00,CARRIER_EDI,a6c8df42-b68e-4784-b949-142cbb0464de,2026-09-10 09:23:18.966662+00
2407,483,BOOKED,2026-08-10 06:40:00+00,CARRIER_EDI,44e4236c-f6c5-4a24-8906-0d92491c3ce4,2026-09-10 09:23:18.966662+00
2408,483,DEPARTED_ORIGIN,2026-08-15 09:32:00+00,CARRIER_EDI,b3eebfdc-5f12-455e-928b-5267c09f22b2,2026-09-10 09:23:18.966662+00
2409,483,ARRIVED_DEST_PORT,2026-09-03 07:03:00+00,CARRIER_EDI,145f38d5-9210-4447-8496-842edd76e96f,2026-09-10 09:23:18.966662+00
2410,483,CUSTOMS_CLEARED,2026-09-07 06:59:00+00,CARRIER_EDI,f63ad9a7-6ab3-41c1-8e40-3df9ee139fac,2026-09-10 09:23:18.966662+00
2411,485,BOOKED,2026-09-10 17:12:00+00,CARRIER_EDI,4a15078f-a413-4a83-bcff-46de14043f22,2026-09-10 09:23:18.966662+00
2412,486,BOOKED,2026-08-21 11:15:00+00,CARRIER_EDI,1c9c7cfc-ec59-4b9c-b51e-0436f0f68e09,2026-09-10 09:23:18.966662+00
2413,486,DEPARTED_ORIGIN,2026-08-27 07:30:00+00,CARRIER_EDI,d32948f1-5b12-4fba-8d6c-a9b1f3487d9a,2026-09-10 09:23:18.966662+00
2414,487,BOOKED,2026-09-05 17:35:00+00,CARRIER_EDI,9d1b0f2f-5cad-4e1c-8021-f24086701032,2026-09-10 09:23:18.966662+00
2415,487,DEPARTED_ORIGIN,2026-09-08 14:38:00+00,CARRIER_EDI,801c7b57-82ab-4322-9d17-39c605bae052,2026-09-10 09:23:18.966662+00
2416,488,BOOKED,2026-08-28 13:47:00+00,CARRIER_EDI,9ce85f1c-5f6a-4e3d-819a-9e42139c1dc2,2026-09-10 09:23:18.966662+00
2417,488,DEPARTED_ORIGIN,2026-09-01 14:00:00+00,CARRIER_EDI,8012fdbb-a792-488e-86ce-030624304370,2026-09-10 09:23:18.966662+00
2418,489,BOOKED,2026-09-08 15:33:00+00,CARRIER_EDI,985d0f84-9f35-45b3-8f66-6d60e286d574,2026-09-10 09:23:18.966662+00
2419,490,BOOKED,2026-08-19 06:38:00+00,CARRIER_EDI,d5c0a39a-38b4-45c3-9365-334fc40b3726,2026-09-10 09:23:18.966662+00
2420,490,DEPARTED_ORIGIN,2026-08-25 13:52:00+00,CARRIER_EDI,5b8c261a-1d07-4a34-898e-cf680e84982b,2026-09-10 09:23:18.966662+00
2421,491,BOOKED,2026-08-04 14:13:00+00,CARRIER_EDI,01d5c2a3-9d07-413f-8362-cfdc1b3584a5,2026-09-10 09:23:18.966662+00
2422,491,DEPARTED_ORIGIN,2026-08-11 15:41:00+00,CARRIER_EDI,673e18b9-3672-4527-99c8-abe10629cf23,2026-09-10 09:23:18.966662+00
2423,491,ARRIVED_DEST_PORT,2026-09-08 12:22:00+00,CARRIER_EDI,86581240-80c8-4162-84b5-0c88857a583f,2026-09-10 09:23:18.966662+00
2424,491,CUSTOMS_CLEARED,2026-09-09 06:45:00+00,CARRIER_EDI,e1e56ad7-51aa-43f8-ab01-08ee5db43150,2026-09-10 09:23:18.966662+00
2425,492,BOOKED,2026-08-17 06:32:00+00,CARRIER_EDI,f985bd6e-286d-41c4-a8ff-d37e482b89c4,2026-09-10 09:23:18.966662+00
2426,492,DEPARTED_ORIGIN,2026-08-23 08:27:00+00,CARRIER_EDI,c4231df4-533e-4665-ba81-172cafcc4e6d,2026-09-10 09:23:18.966662+00
2427,493,BOOKED,2026-09-08 12:25:00+00,CARRIER_EDI,ce45e318-7993-43dc-ac00-9b29e5ec0082,2026-09-10 09:23:18.966662+00
2428,494,BOOKED,2026-09-02 07:18:00+00,CARRIER_EDI,70e23c60-f3a7-4001-939d-19994b47fdb4,2026-09-10 09:23:18.966662+00
2429,494,DEPARTED_ORIGIN,2026-09-05 13:46:00+00,CARRIER_EDI,9ba6ba4d-ba5f-4e1f-bae9-ea8777edda20,2026-09-10 09:23:18.966662+00
2430,495,BOOKED,2026-08-08 13:46:00+00,CARRIER_EDI,7dae5aa2-c4e2-4d94-b203-faf5fe143122,2026-09-10 09:23:18.966662+00
2431,495,DEPARTED_ORIGIN,2026-08-13 08:39:00+00,CARRIER_EDI,05912d86-c994-467b-82af-f9945bf1d450,2026-09-10 09:23:18.966662+00
2432,495,ARRIVED_DEST_PORT,2026-08-26 07:41:00+00,CARRIER_EDI,4d5ebd8d-c926-4282-8fee-66973eb9653c,2026-09-10 09:23:18.966662+00
2433,495,CUSTOMS_CLEARED,2026-08-29 15:55:00+00,CARRIER_EDI,ee6f9726-6639-4345-a86d-7e73225eedb0,2026-09-10 09:23:18.966662+00
2434,496,BOOKED,2026-08-01 06:55:00+00,CARRIER_EDI,a0e51d8b-3918-48eb-a89a-f7de42c6e10d,2026-09-10 09:23:18.966662+00
2435,496,DEPARTED_ORIGIN,2026-08-05 16:59:00+00,CARRIER_EDI,7ce8a49f-21d4-451a-b203-1e850afd3fa0,2026-09-10 09:23:18.966662+00
2436,496,ARRIVED_DEST_PORT,2026-08-20 14:45:00+00,CARRIER_EDI,a35d5b8e-34da-49b6-9170-9c30351d185f,2026-09-10 09:23:18.966662+00
2437,496,CUSTOMS_CLEARED,2026-08-22 08:54:00+00,CARRIER_EDI,6644412d-4a21-4dea-89d5-e970f004eb00,2026-09-10 09:23:18.966662+00
2438,498,BOOKED,2026-08-12 11:08:00+00,CARRIER_EDI,c3f9f906-17d6-40ac-868d-77cb1ee1cd1a,2026-09-10 09:23:18.966662+00
2439,498,DEPARTED_ORIGIN,2026-08-18 16:42:00+00,CARRIER_EDI,81743e8b-60e1-4190-aaf0-f3dce1993fe4,2026-09-10 09:23:18.966662+00
2440,499,BOOKED,2026-08-05 07:45:00+00,CARRIER_EDI,87b5ea0d-7571-4c65-ac57-c27b48529690,2026-09-10 09:23:18.966662+00
2441,499,DEPARTED_ORIGIN,2026-08-11 07:47:00+00,CARRIER_EDI,971de25d-f51e-48aa-a205-60071892e850,2026-09-10 09:23:18.966662+00
2442,499,ARRIVED_DEST_PORT,2026-08-27 12:56:00+00,CARRIER_EDI,41597e64-6aea-4fdd-96c3-3b2e71235e36,2026-09-10 09:23:18.966662+00
2443,499,CUSTOMS_CLEARED,2026-08-31 11:55:00+00,CARRIER_EDI,71811b93-3366-4aac-b031-685c2df5f0a3,2026-09-10 09:23:18.966662+00
2444,500,BOOKED,2026-08-08 07:26:00+00,CARRIER_EDI,a8514b81-1dfe-4d3d-b39b-19f4d6d13f26,2026-09-10 09:23:18.966662+00
2445,500,DEPARTED_ORIGIN,2026-08-15 07:49:00+00,CARRIER_EDI,1ef14f32-bb3d-4d4c-9909-811d43fe9b1d,2026-09-10 09:23:18.966662+00
2446,500,ARRIVED_DEST_PORT,2026-09-09 14:14:00+00,CARRIER_EDI,1d969bc9-5658-4d3b-871e-22881f7b1a6a,2026-09-10 09:23:18.966662+00
2447,501,BOOKED,2026-09-01 17:07:00+00,CARRIER_EDI,4e811026-75ec-4697-820c-4a591cd548f5,2026-09-10 09:23:18.966662+00
2448,501,DEPARTED_ORIGIN,2026-09-07 09:03:00+00,CARRIER_EDI,974092b2-be32-410d-8f41-c527ed167814,2026-09-10 09:23:18.966662+00
2449,502,BOOKED,2026-08-14 12:26:00+00,CARRIER_EDI,229f8e7f-ed27-4086-aa2b-4d08b64b806d,2026-09-10 09:23:18.966662+00
2450,502,DEPARTED_ORIGIN,2026-08-20 11:29:00+00,CARRIER_EDI,96bbc8fc-d950-481a-9976-d1f505ea0a21,2026-09-10 09:23:18.966662+00
2451,503,BOOKED,2026-09-01 09:15:00+00,CARRIER_EDI,02ecf40f-c60c-422d-beb2-f5d96d95dd02,2026-09-10 09:23:18.966662+00
2452,503,DEPARTED_ORIGIN,2026-09-07 09:57:00+00,CARRIER_EDI,dd2ad084-db4d-40bf-b090-8c7cec7a5149,2026-09-10 09:23:18.966662+00
2453,504,BOOKED,2026-08-25 16:58:00+00,CARRIER_EDI,8c08025c-25dd-4448-a1b7-15703cafb72e,2026-09-10 09:23:18.966662+00
2454,504,DEPARTED_ORIGIN,2026-08-31 09:45:00+00,CARRIER_EDI,13c857f1-290a-4eac-811b-0c54169e6c0b,2026-09-10 09:23:18.966662+00
2455,505,BOOKED,2026-08-27 09:22:00+00,CARRIER_EDI,58a7aef5-be49-4054-8360-a9997245c4ec,2026-09-10 09:23:18.966662+00
2456,505,DEPARTED_ORIGIN,2026-08-31 07:59:00+00,CARRIER_EDI,5373d286-fbb4-49fe-a942-7a61a324cb07,2026-09-10 09:23:18.966662+00
2457,506,BOOKED,2026-08-11 12:57:00+00,CARRIER_EDI,31182e2c-fb6f-4131-ad6d-95d74341386b,2026-09-10 09:23:18.966662+00
2458,506,DEPARTED_ORIGIN,2026-08-18 11:06:00+00,CARRIER_EDI,1394cfa7-e845-4a6f-88d8-485f65b08e88,2026-09-10 09:23:18.966662+00
2459,506,ARRIVED_DEST_PORT,2026-09-02 12:33:00+00,CARRIER_EDI,47edc5f1-a177-4dcc-8e2f-234d560314bc,2026-09-10 09:23:18.966662+00
2460,506,CUSTOMS_CLEARED,2026-09-05 09:29:00+00,CARRIER_EDI,101d7acb-e8d2-43a3-9ee0-1571d94df6aa,2026-09-10 09:23:18.966662+00
2461,507,BOOKED,2026-08-06 15:47:00+00,CARRIER_EDI,a8d700ee-2df5-48c9-b5f5-d0864a51fa53,2026-09-10 09:23:18.966662+00
2462,507,DEPARTED_ORIGIN,2026-08-09 10:01:00+00,CARRIER_EDI,df43337b-0748-4031-8b86-1717fd6a06c4,2026-09-10 09:23:18.966662+00
2463,507,ARRIVED_DEST_PORT,2026-09-08 09:15:00+00,CARRIER_EDI,c6cfc2e6-d507-477b-8aae-5b02aa9fa6b7,2026-09-10 09:23:18.966662+00
2464,507,CUSTOMS_CLEARED,2026-09-09 08:33:00+00,CARRIER_EDI,e4a8fbb9-93d7-4782-ab79-ce7819a80afa,2026-09-10 09:23:18.966662+00
2465,508,BOOKED,2026-08-24 09:26:00+00,CARRIER_EDI,e420050b-2aec-41dc-a6e6-5c6bd72e407a,2026-09-10 09:23:18.966662+00
2466,508,DEPARTED_ORIGIN,2026-08-30 14:52:00+00,CARRIER_EDI,ffe54651-fa9c-4e9a-b9e6-7e278c6a507c,2026-09-10 09:23:18.966662+00
2467,509,BOOKED,2026-08-12 08:04:00+00,CARRIER_EDI,62c524a2-4cc5-4304-a355-90e70a9df781,2026-09-10 09:23:18.966662+00
2468,509,DEPARTED_ORIGIN,2026-08-19 17:21:00+00,CARRIER_EDI,baf06217-a94a-416b-a689-ce19a6cc2a4b,2026-09-10 09:23:18.966662+00
2469,510,BOOKED,2026-08-31 07:49:00+00,CARRIER_EDI,857cbf9d-53e0-41b4-8b1c-012d408c9bc0,2026-09-10 09:23:18.966662+00
2470,510,DEPARTED_ORIGIN,2026-09-05 16:01:00+00,CARRIER_EDI,e4b84e35-b69e-48f8-aec2-d51d36b4cc48,2026-09-10 09:23:18.966662+00
2471,511,BOOKED,2026-08-18 07:43:00+00,CARRIER_EDI,6538af83-4564-449c-9a66-75824e05a994,2026-09-10 09:23:18.966662+00
2472,511,DEPARTED_ORIGIN,2026-08-23 10:37:00+00,CARRIER_EDI,f659bf97-808b-4c1d-9150-7de42e8facba,2026-09-10 09:23:18.966662+00
2473,512,BOOKED,2026-08-28 08:34:00+00,CARRIER_EDI,c513776a-e45a-4fea-8028-5ad759cb7ec7,2026-09-10 09:23:18.966662+00
2474,512,DEPARTED_ORIGIN,2026-09-01 17:19:00+00,CARRIER_EDI,b85e1d63-45ba-4e4d-b423-813b52a9beeb,2026-09-10 09:23:18.966662+00
2475,513,BOOKED,2026-09-03 08:06:00+00,CARRIER_EDI,4e84841e-f1af-4424-9c7b-269ccd56f798,2026-09-10 09:23:18.966662+00
2476,513,DEPARTED_ORIGIN,2026-09-10 07:04:00+00,CARRIER_EDI,572e1afc-a9f5-4f6b-8d28-2ce2294253e5,2026-09-10 09:23:18.966662+00
2477,514,BOOKED,2026-08-23 07:13:00+00,CARRIER_EDI,feef995d-d578-42ab-adb6-8d06aff97121,2026-09-10 09:23:18.966662+00
2478,514,DEPARTED_ORIGIN,2026-08-28 12:22:00+00,CARRIER_EDI,e70872ae-13ef-4309-8c72-d9ba8756a8f5,2026-09-10 09:23:18.966662+00
2479,515,BOOKED,2026-08-27 09:54:00+00,CARRIER_EDI,051ba4aa-0065-459e-8f3c-7784a2d72337,2026-09-10 09:23:18.966662+00
2480,515,DEPARTED_ORIGIN,2026-09-03 10:02:00+00,CARRIER_EDI,92012fd2-de99-4428-88e3-6609e5a01a4f,2026-09-10 09:23:18.966662+00
2481,516,BOOKED,2026-08-24 07:13:00+00,CARRIER_EDI,5f4504bb-a98e-43a3-b0ca-f49059e1dec9,2026-09-10 09:23:18.966662+00
2482,516,DEPARTED_ORIGIN,2026-08-30 06:56:00+00,CARRIER_EDI,de1410a5-aefb-4b0e-9150-5f081e85f96c,2026-09-10 09:23:18.966662+00
